[
  {
    "_id":{
      "$oid":"68ad2cc70effa5fa6903ed8d"
    },
    "author_name":"华运鑫物流货运",
    "like_nr":18,
    "url":"\/6579ce63000000003a00dc4d?xsec_token=ABMNpchWBUM3Su3KuRxBDQyVgMgHMeCZquaFcl--Vfxeg=&xsec_source=",
    "user_url":"6486bf9700000000250350ea?channel_type=web_search_result_notes&parent_page_channel_type=web_profile_board&xsec_token=ABDUcAAXLSB5ewwzNK_SvDW_Q4dHHS5JB2qbgg02XzW7k=&xsec_source=pc_search",
    "comment_nr":43,
    "content":"最近海关扣货很多。作为一个物流人，说句公道话。 我们是:空运扣货:退运费再加40\/kg，扣货这个大家都亏，没办法的事，只是扣货了，我们也退运费给你，然后理赔40\/kg。还白忙活。     海运是每个国家理赔都不一样。反正大家都相互理解一下各自的心情。  一损俱损 一荣俱荣。一损皆损，一荣皆荣。#有想法轻松发 #国际转运 #留学生辅导 #留学生求职 #留学生转运 #转运 #海关扣货 #避雷",
    "datePublished":"2023-12-13",
    "images":"http:\/\/sns-webpic-qc.xhscdn.com\/202508261136\/230ef96d5d74ed5eed103e7c0f051c10\/1040g00830skkm0pqju6g5p46nubpek7adpdju5o!nd_dft_wlteh_webp_3.jpg",
    "star_nr":{
      "$numberDouble":"NaN"
    }
  },
  {
    "_id":{
      "$oid":"68ad2cc70effa5fa6903ed8e"
    },
    "author_name":"做一场梦",
    "like_nr":222,
    "url":"\/6867489a0000000011000c50?xsec_token=ABjbrAsZm_i7iCg0Aj2EpYlF8r5co1ipQyvCnaoV6Adnc=&xsec_source=",
    "user_url":"684faad7000000001d0093b7?channel_type=web_search_result_notes&parent_page_channel_type=web_profile_board&xsec_token=ABj94afN3TYnCOGKpof6cNjbLbSgg7UfDijkzeh4FC5z0=&xsec_source=pc_search",
    "comment_nr":324,
    "content":"空运一箱拉布布，全被海关扣了，运的时候问他说能运，实际上就是不管你想运什么，他们都说可以运，被查了他们就不管，就连运费都要坑一半，我就不该信这些在帖子底下打广告的集运，坑死了 还有那些说假的的，你怎么就知道我买的是假的，你看见我买了吗？plq友好一点嗷 #海关查验#澳洲集运#拉布布#踩雷#集运踩雷#澳洲转运",
    "datePublished":"2025-07-10",
    "images":"http:\/\/sns-webpic-qc.xhscdn.com\/202508261136\/95545389ec734f7a892e63aa08d1133d\/notes_pre_post\/1040g3k031jghisfoii6g5q2flbbn94tn7vjpnr8!nd_dft_wlteh_webp_3.jpg",
    "star_nr":48
  },
  {
    "_id":{
      "$oid":"68ad2cc70effa5fa6903ed90"
    },
    "author_name":"悠米是只小狸花",
    "like_nr":25,
    "url":"\/67fc5250000000001c02ce93?xsec_token=ABbThYytdfBfIoLeF2qRVxV8IlWmD7xUB3v37S8lhZT_Q=&xsec_source=",
    "user_url":"60924c870000000001007749?channel_type=web_search_result_notes&parent_page_channel_type=web_profile_board&xsec_token=AB50x_7lmnxo27drmEtfGgH9TxetWhckKYb8_0kdeaonY=&xsec_source=pc_search",
    "comment_nr":69,
    "content":"如图，2月24寄的，空运全普货，都是🍑买的衣服没有仿牌 现在转运公司是说还在查验，没有确认被扣，但是也不太乐观，有没有懂的姐妹知道这个快递还会被寄过来吗？还是就无了？那我真的会心碎💔好多衣服都下架了买不到了#空运 #进出口报关 #快递 #国际快递 #国际物流 #物流运输 #物流 \t 最新更新: 海关放行啦！今天已经收到快递了，被开箱了但是没少东西！ 祝大家都早日收到自己被扣的快递！",
    "datePublished":"2025-04-30",
    "images":"http:\/\/sns-webpic-qc.xhscdn.com\/202508261136\/94bbd73239913d5ca89960d37985004a\/1040g2sg31grm23mlj8d05o4i9i3g8tq9bn2bhp0!nd_dft_wlteh_webp_3.jpg",
    "star_nr":{
      "$numberDouble":"NaN"
    }
  },
  {
    "_id":{
      "$oid":"68ad2cc70effa5fa6903ed92"
    },
    "author_name":"Mia跨境日记",
    "like_nr":17,
    "url":"\/681c6637000000002202cb27?xsec_token=ABRKatG6cGYPUSzAFBpxXCYcEUJbXXqs-D_Rrzzwns864=&xsec_source=",
    "user_url":"62549842000000000e0119dd?channel_type=web_search_result_notes&parent_page_channel_type=web_profile_board&xsec_token=ABt9romOiQA984c92O11I3N9ziBnh_gIxOwwPJrlvA8vE=&xsec_source=pc_search",
    "comment_nr":2,
    "content":"原来海关查验的情况有两种，这下终于明白我的货物为啥老是卡在海关了。 \t 第一种是随机布控，这种被抽到查验的概率大概在3%，要是碰上了那真的是运气不佳呀。而且抽验的概率还会不断变动呢。要是在某个阶段，海关对某一类货物或者某一家企业进行重点稽查的话，那这类货物或者相关企业被查验的概率可就高了，但这种重点稽查可不是常态哦。 \t 另一种是人工布控，真不是海关故意要查你的货物，而是你给海关的申报信息存在问题，让海关不得不进行查验呢。具体有这些情况： 👉品名填写不规范 把产品的学名和俗名弄混淆了，就好比将“聚碳酸酯水杯”写成普通的“塑料杯”；英文翻译不准确，导致中文品名和实际产品对不上；为了图省事合并品名，结果产品的价格、重量、数量等信息和实际情况不一致。 👉海关编码错误 提供的海关编码和申报要素相互矛盾，比如编码显示是合金钢，申报要素却写的是不锈钢；申报钢管时，编码显示无缝，申报要素却写焊缝，像这样明显的错误肯定会被海关查出来。 👉产品净重误差 好多人申报的时候很容易忽略产品的净重，只知道毛重，用毛重推算出来的净重往往和实际重量有偏差。 👉数量统计错误 赠送品、样品没有算进货物总数里，导致毛重、净重和实际重量对不上，这很容易引起海关的注意。 👉品牌信息存疑 海关会仔细核查品牌信息，确认是不是存在侵权行为，这方面可千万不能掉以轻心。 👉申报金额💴异常 不管申报金额报高还是报低都不行！海关系统有预警功能，一旦申报的价格超出了海关数据库里的价格范围，马上就会提示价格有问题。 \t 清关被扣货，怎么处理呢？😭 ⚠️提供所需文件。按照物流公司或者海关的要求，准备并提供相关文件和信息，比如发票、商品描述、产地证明等。 ⚠️合规性核查。检查自己的商品是不是符合目的国家或者地区的进口规定。要是商品存在受限，很可能会导致扣关。 ⚠️可以联~系物流公司帮助。物流公司一般在处理被扣关这种事情上比较有经验，他们可以和海关沟通，协助解决问题，尽量缩短货物被扣关的时间。 ﻿#清关﻿ #跨境选品 ﻿#空运头程﻿ ﻿#跨境物流﻿ ﻿#国际物流﻿ ﻿#亚马逊﻿ ﻿#跨境运营﻿ ﻿#双清包税﻿",
    "datePublished":"2025-05-08",
    "images":"http:\/\/sns-webpic-qc.xhscdn.com\/202508261136\/121f2f4dfbdbc7c25159b9abaa4abea2\/spectrum\/1040g34o31h7dmc83k20g5oikj113i6etrncrj5g!nd_dft_wlteh_webp_3.jpg",
    "star_nr":{
      "$numberDouble":"NaN"
    }
  },
  {
    "_id":{
      "$oid":"68ad2cc70effa5fa6903ed93"
    },
    "author_name":"货多多-小杨",
    "like_nr":4,
    "url":"\/682693340000000012000c5b?xsec_token=ABAfRD61oi5Ds_yUGbmxU90YoekKH8NbTIXHP02H0e4iU=&xsec_source=",
    "user_url":"67f63624000000000a03d99f?channel_type=web_search_result_notes&parent_page_channel_type=web_profile_board&xsec_token=ABF4sB4c_OniJEa6Kaq5KO6bgAkWgsuKDta4hkyZeipfE=&xsec_source=pc_search",
    "comment_nr":1,
    "content":"💥救命！敏感货被海关扣了怎么办？血泪经验速看！！ 宝子们谁懂啊😭 海淘\/寄国际快递时满心期待，结果等来海关扣货通知！别慌！本倒霉蛋刚亲身经历成功“捞货”，超全避坑指南+解决办法双手奉上👇 📌 先自查！哪些算敏感货？ ▫️ 液体类：香水、护肤品、指甲油 ▫️ 粉末\/膏状：食品调料、中药粉 ▫️ 电子产品：充电宝、无人机 ▫️ 品牌商品：奢侈品、潮牌（无授权） ▫️ 动植物制品：海参、干花、蜂蜜 📨 收到扣货通知这样做！ 1️⃣ 确认信息：看清海关通知里扣货原因、处理时限 2️⃣ 联系快递公司：让他们提供报关所需材料清单 3️⃣ 准备材料： • 购物小票\/订单截图 • 产品成分说明（护肤品\/食品） • 品牌授权书（如有） 4️⃣ 缴纳税费：合理申报商品价值，该交的税别侥幸！ 🚫 血泪教训避坑指南 ✅ 邮寄前查目的国海关政策（官网\/快递客服） ✅ 拆分包裹！别一次寄太多同类商品 ✅ 奢侈品尽量走正规报关渠道 ✅ 不确定的东西先问转运公司！ 最后附上超实用话术📝 “海关大大，这批货物是自用\/礼物，价值XX，附上凭证，请审核后放行，感谢！” 希望宝子们都顺顺利利！有问题评论区交流～ #国际快递 #海关扣货 #海淘攻略 #避坑指南",
    "datePublished":"2025-05-16",
    "images":"http:\/\/sns-webpic-qc.xhscdn.com\/202508261136\/72cfdcd786a16c088aa3309d07a919ee\/1040g00831hhbm252js005pvm6oi2nmcv2qqbpn0!nd_dft_wlteh_webp_3.jpg",
    "star_nr":{
      "$numberDouble":"NaN"
    }
  },
  {
    "_id":{
      "$oid":"68ad2cc70effa5fa6903ed95"
    },
    "author_name":"小红薯620ADC7B",
    "like_nr":5,
    "url":"\/689c0263000000001d027e7c?xsec_token=ABwaji53N7YH8zLbBbmL6gPy87__aLp-_zbLr_GQV10p4=&xsec_source=",
    "user_url":"6209b7aa0000000021028bad?channel_type=web_search_result_notes&parent_page_channel_type=web_profile_board&xsec_token=ABUgqFMB7SN4j7A1x4ym6MwwxakQSuVq_oWyI-P-4CpNw=&xsec_source=pc_search",
    "comment_nr":26,
    "content":"想问下有没有小倒霉蛋跟我在一个航班啊，空运的包裹被扣了好久了，没有任何敏货。问了转运公司也说没消息，物流再也更新过，所以澳洲空运海关检查最多会被扣多久啊#澳洲#澳洲生活#澳洲空运海运#澳洲空运",
    "datePublished":"2025-08-13",
    "images":"http:\/\/sns-webpic-qc.xhscdn.com\/202508261136\/901f70839c5888b36ee9c6e66f974f39\/1040g00831l41and82o005og9mul8d2td58ap1hg!nd_dft_wlteh_webp_3.jpg",
    "star_nr":{
      "$numberDouble":"NaN"
    }
  },
  {
    "_id":{
      "$oid":"68ad2cc70effa5fa6903ed96"
    },
    "author_name":"报关科代表",
    "like_nr":6,
    "url":"\/6811d96d0000000021003830?xsec_token=ABTZkUPy6LYtRrXXvgUHaSXk3GopRhWZbQLR9VrzwgG0I=&xsec_source=",
    "user_url":"6507aff60000000016039751?channel_type=web_search_result_notes&parent_page_channel_type=web_profile_board&xsec_token=AB0Znto1Om2FqtCgwngYg3Yslk4Twq0C3PU7BRuhmH4BM=&xsec_source=pc_search",
    "comment_nr":5,
    "content":"最近帮朋友寄海外包裹踩了大坑 —— 原来国际空运对货物的限制这么多！哪些是敏感货、危险品？今天结合亲身经历整理避坑指南，新手必收藏！ 📢 首先划重点：寄之前一定要搞清楚「禁运清单」！ 很多人以为「电子产品 = 全禁运」，其实分情况： 锂电池类（重灾区！） 手机、笔记本电脑这类带锂电池的设备，国内空运是严格禁止的！但国外运输相对宽松（他们会通过专业打板、分类降低风险）。 👉 解决方案：如果是笔记本电脑，拆掉电池后单独走海运，主机部分可以空运；纯不带电池的电子设备（比如有线耳机、键盘），空运基本畅通无阻。 液体 \/ 粉末类 爽肤水、粉底液、蛋白粉…… 只要是液体或粉末状，必须提供化工研究院的正规证明才能空运，否则直接扣货！ （亲身经历：帮朋友寄了几瓶护肤品没提前报备，结果被要求补材料，耽误了整整一周） 其他「隐藏危险品」 带磁性的音箱、含压缩气体的球类（比如篮球、游泳圈）、打火机等，统统列入禁运名单！ 👉 但像「随身行李携带笔记本电脑上飞机」是允许的，只是托运时要拆除电池哦～ 💡 实用小技巧：自查三步法 拆分成「核心部件」：比如电子产品先看是否能拆电池、拆磁性配件； 拍照问客服：不确定的物品直接拍图给快递公司，他们会帮忙判断； 提前准备文件：如果是液体 \/ 粉末，提前联系供应商提供成分证明，避免临时补材料手忙脚乱。 📮 最后说句真心话： 空运禁运规则确实繁琐，但提前花 10 分钟检查，能省掉无数后续麻烦！有具体物品拿不准的，随时留言或私信，我都会一一解答～ 别像我第一次啥都不懂，看着包裹被退件干着急😂 \t #清关#报关#进口清关 #进口报关#清关公司#报关公司#海关清关#个人物品清关#清关攻略#清关流程#报关流程#报关攻略#海关通关#通关#通关秘籍#清关秘籍#EMS被扣 #EMS清关 #EMS国际邮件代理报关#ems补充申报#海关申报#海淘报关 #补充申报攻略#补充申报#海淘 #海淘攻略 #扣关 #快递扣关",
    "datePublished":"2025-04-30",
    "images":"http:\/\/sns-webpic-qc.xhscdn.com\/202508261137\/ffbdf1e3d9414aa2b4de445e9883f3ea\/1040g00831gt414po3s005p87lvr5n5qhipsqk60!nd_dft_wlteh_webp_3.jpg",
    "star_nr":{
      "$numberDouble":"NaN"
    }
  },
  {
    "_id":{
      "$oid":"68ad2cc70effa5fa6903ed97"
    },
    "author_name":"华运鑫物流货运",
    "like_nr":18,
    "url":"\/6579ce63000000003a00dc4d?xsec_token=ABMNpchWBUM3Su3KuRxBDQyVgMgHMeCZquaFcl--Vfxeg=&xsec_source=",
    "user_url":"6486bf9700000000250350ea?channel_type=web_search_result_notes&parent_page_channel_type=web_profile_board&xsec_token=ABDUcAAXLSB5ewwzNK_SvDW_Q4dHHS5JB2qbgg02XzW7k=&xsec_source=pc_search",
    "comment_nr":43,
    "content":"最近海关扣货很多。作为一个物流人，说句公道话。 我们是:空运扣货:退运费再加40\/kg，扣货这个大家都亏，没办法的事，只是扣货了，我们也退运费给你，然后理赔40\/kg。还白忙活。     海运是每个国家理赔都不一样。反正大家都相互理解一下各自的心情。  一损俱损 一荣俱荣。一损皆损，一荣皆荣。#有想法轻松发 #国际转运 #留学生辅导 #留学生求职 #留学生转运 #转运 #海关扣货 #避雷",
    "datePublished":"2023-12-13",
    "images":"http:\/\/sns-webpic-qc.xhscdn.com\/202508261137\/682cb2498425bc4772e21f33b617b991\/1040g00830skkm0pqju6g5p46nubpek7adpdju5o!nd_dft_wlteh_webp_3.jpg",
    "star_nr":{
      "$numberDouble":"NaN"
    }
  },
  {
    "_id":{
      "$oid":"68ad2cc70effa5fa6903ed98"
    },
    "author_name":"做一场梦",
    "like_nr":222,
    "url":"\/6867489a0000000011000c50?xsec_token=ABjbrAsZm_i7iCg0Aj2EpYlF8r5co1ipQyvCnaoV6Adnc=&xsec_source=",
    "user_url":"684faad7000000001d0093b7?channel_type=web_search_result_notes&parent_page_channel_type=web_profile_board&xsec_token=ABj94afN3TYnCOGKpof6cNjbLbSgg7UfDijkzeh4FC5z0=&xsec_source=pc_search",
    "comment_nr":324,
    "content":"空运一箱拉布布，全被海关扣了，运的时候问他说能运，实际上就是不管你想运什么，他们都说可以运，被查了他们就不管，就连运费都要坑一半，我就不该信这些在帖子底下打广告的集运，坑死了 还有那些说假的的，你怎么就知道我买的是假的，你看见我买了吗？plq友好一点嗷 #海关查验#澳洲集运#拉布布#踩雷#集运踩雷#澳洲转运",
    "datePublished":"2025-07-10",
    "images":"http:\/\/sns-webpic-qc.xhscdn.com\/202508261137\/f40adc4204576505430d90ad8ac25214\/notes_pre_post\/1040g3k031jghisfoii6g5q2flbbn94tn7vjpnr8!nd_dft_wlteh_webp_3.jpg",
    "star_nr":48
  },
  {
    "_id":{
      "$oid":"68ad2cc70effa5fa6903ed9a"
    },
    "author_name":"悠米是只小狸花",
    "like_nr":25,
    "url":"\/67fc5250000000001c02ce93?xsec_token=ABbThYytdfBfIoLeF2qRVxV8IlWmD7xUB3v37S8lhZT_Q=&xsec_source=",
    "user_url":"60924c870000000001007749?channel_type=web_search_result_notes&parent_page_channel_type=web_profile_board&xsec_token=AB50x_7lmnxo27drmEtfGgH9TxetWhckKYb8_0kdeaonY=&xsec_source=pc_search",
    "comment_nr":69,
    "content":"如图，2月24寄的，空运全普货，都是🍑买的衣服没有仿牌 现在转运公司是说还在查验，没有确认被扣，但是也不太乐观，有没有懂的姐妹知道这个快递还会被寄过来吗？还是就无了？那我真的会心碎💔好多衣服都下架了买不到了#空运 #进出口报关 #快递 #国际快递 #国际物流 #物流运输 #物流 \t 最新更新: 海关放行啦！今天已经收到快递了，被开箱了但是没少东西！ 祝大家都早日收到自己被扣的快递！",
    "datePublished":"2025-04-30",
    "images":"http:\/\/sns-webpic-qc.xhscdn.com\/202508261137\/8fabaa61ccec5b63f154bebf7e321051\/1040g2sg31grm23mlj8d05o4i9i3g8tq9bn2bhp0!nd_dft_wlteh_webp_3.jpg",
    "star_nr":{
      "$numberDouble":"NaN"
    }
  },
  {
    "_id":{
      "$oid":"68ad2cc70effa5fa6903ed9c"
    },
    "author_name":"Mia跨境日记",
    "like_nr":17,
    "url":"\/681c6637000000002202cb27?xsec_token=ABRKatG6cGYPUSzAFBpxXCYcEUJbXXqs-D_Rrzzwns864=&xsec_source=",
    "user_url":"62549842000000000e0119dd?channel_type=web_search_result_notes&parent_page_channel_type=web_profile_board&xsec_token=ABt9romOiQA984c92O11I3N9ziBnh_gIxOwwPJrlvA8vE=&xsec_source=pc_search",
    "comment_nr":2,
    "content":"原来海关查验的情况有两种，这下终于明白我的货物为啥老是卡在海关了。 \t 第一种是随机布控，这种被抽到查验的概率大概在3%，要是碰上了那真的是运气不佳呀。而且抽验的概率还会不断变动呢。要是在某个阶段，海关对某一类货物或者某一家企业进行重点稽查的话，那这类货物或者相关企业被查验的概率可就高了，但这种重点稽查可不是常态哦。 \t 另一种是人工布控，真不是海关故意要查你的货物，而是你给海关的申报信息存在问题，让海关不得不进行查验呢。具体有这些情况： 👉品名填写不规范 把产品的学名和俗名弄混淆了，就好比将“聚碳酸酯水杯”写成普通的“塑料杯”；英文翻译不准确，导致中文品名和实际产品对不上；为了图省事合并品名，结果产品的价格、重量、数量等信息和实际情况不一致。 👉海关编码错误 提供的海关编码和申报要素相互矛盾，比如编码显示是合金钢，申报要素却写的是不锈钢；申报钢管时，编码显示无缝，申报要素却写焊缝，像这样明显的错误肯定会被海关查出来。 👉产品净重误差 好多人申报的时候很容易忽略产品的净重，只知道毛重，用毛重推算出来的净重往往和实际重量有偏差。 👉数量统计错误 赠送品、样品没有算进货物总数里，导致毛重、净重和实际重量对不上，这很容易引起海关的注意。 👉品牌信息存疑 海关会仔细核查品牌信息，确认是不是存在侵权行为，这方面可千万不能掉以轻心。 👉申报金额💴异常 不管申报金额报高还是报低都不行！海关系统有预警功能，一旦申报的价格超出了海关数据库里的价格范围，马上就会提示价格有问题。 \t 清关被扣货，怎么处理呢？😭 ⚠️提供所需文件。按照物流公司或者海关的要求，准备并提供相关文件和信息，比如发票、商品描述、产地证明等。 ⚠️合规性核查。检查自己的商品是不是符合目的国家或者地区的进口规定。要是商品存在受限，很可能会导致扣关。 ⚠️可以联~系物流公司帮助。物流公司一般在处理被扣关这种事情上比较有经验，他们可以和海关沟通，协助解决问题，尽量缩短货物被扣关的时间。 ﻿#清关﻿ #跨境选品 ﻿#空运头程﻿ ﻿#跨境物流﻿ ﻿#国际物流﻿ ﻿#亚马逊﻿ ﻿#跨境运营﻿ ﻿#双清包税﻿",
    "datePublished":"2025-05-08",
    "images":"http:\/\/sns-webpic-qc.xhscdn.com\/202508261137\/c81629bba45295c4c5f93f61db003989\/spectrum\/1040g34o31h7dmc83k20g5oikj113i6etrncrj5g!nd_dft_wlteh_webp_3.jpg",
    "star_nr":{
      "$numberDouble":"NaN"
    }
  },
  {
    "_id":{
      "$oid":"68ad2cc70effa5fa6903ed9d"
    },
    "author_name":"货多多-小杨",
    "like_nr":4,
    "url":"\/682693340000000012000c5b?xsec_token=ABAfRD61oi5Ds_yUGbmxU90YoekKH8NbTIXHP02H0e4iU=&xsec_source=",
    "user_url":"67f63624000000000a03d99f?channel_type=web_search_result_notes&parent_page_channel_type=web_profile_board&xsec_token=ABF4sB4c_OniJEa6Kaq5KO6bgAkWgsuKDta4hkyZeipfE=&xsec_source=pc_search",
    "comment_nr":1,
    "content":"💥救命！敏感货被海关扣了怎么办？血泪经验速看！！ 宝子们谁懂啊😭 海淘\/寄国际快递时满心期待，结果等来海关扣货通知！别慌！本倒霉蛋刚亲身经历成功“捞货”，超全避坑指南+解决办法双手奉上👇 📌 先自查！哪些算敏感货？ ▫️ 液体类：香水、护肤品、指甲油 ▫️ 粉末\/膏状：食品调料、中药粉 ▫️ 电子产品：充电宝、无人机 ▫️ 品牌商品：奢侈品、潮牌（无授权） ▫️ 动植物制品：海参、干花、蜂蜜 📨 收到扣货通知这样做！ 1️⃣ 确认信息：看清海关通知里扣货原因、处理时限 2️⃣ 联系快递公司：让他们提供报关所需材料清单 3️⃣ 准备材料： • 购物小票\/订单截图 • 产品成分说明（护肤品\/食品） • 品牌授权书（如有） 4️⃣ 缴纳税费：合理申报商品价值，该交的税别侥幸！ 🚫 血泪教训避坑指南 ✅ 邮寄前查目的国海关政策（官网\/快递客服） ✅ 拆分包裹！别一次寄太多同类商品 ✅ 奢侈品尽量走正规报关渠道 ✅ 不确定的东西先问转运公司！ 最后附上超实用话术📝 “海关大大，这批货物是自用\/礼物，价值XX，附上凭证，请审核后放行，感谢！” 希望宝子们都顺顺利利！有问题评论区交流～ #国际快递 #海关扣货 #海淘攻略 #避坑指南",
    "datePublished":"2025-05-16",
    "images":"http:\/\/sns-webpic-qc.xhscdn.com\/202508261137\/4e0593d755dad5139a9a22afd54fa949\/1040g00831hhbm252js005pvm6oi2nmcv2qqbpn0!nd_dft_wlteh_webp_3.jpg",
    "star_nr":{
      "$numberDouble":"NaN"
    }
  },
  {
    "_id":{
      "$oid":"68ad2cc70effa5fa6903ed9f"
    },
    "author_name":"小红薯620ADC7B",
    "like_nr":5,
    "url":"\/689c0263000000001d027e7c?xsec_token=ABwaji53N7YH8zLbBbmL6gPy87__aLp-_zbLr_GQV10p4=&xsec_source=",
    "user_url":"6209b7aa0000000021028bad?channel_type=web_search_result_notes&parent_page_channel_type=web_profile_board&xsec_token=ABUgqFMB7SN4j7A1x4ym6MwwxakQSuVq_oWyI-P-4CpNw=&xsec_source=pc_search",
    "comment_nr":26,
    "content":"想问下有没有小倒霉蛋跟我在一个航班啊，空运的包裹被扣了好久了，没有任何敏货。问了转运公司也说没消息，物流再也更新过，所以澳洲空运海关检查最多会被扣多久啊#澳洲#澳洲生活#澳洲空运海运#澳洲空运",
    "datePublished":"2025-08-13",
    "images":"http:\/\/sns-webpic-qc.xhscdn.com\/202508261137\/da84bb396a18d1c80debca922ffa2e4b\/1040g00831l41and82o005og9mul8d2td58ap1hg!nd_dft_wlteh_webp_3.jpg",
    "star_nr":{
      "$numberDouble":"NaN"
    }
  },
  {
    "_id":{
      "$oid":"68ad2cc70effa5fa6903eda0"
    },
    "author_name":"华运鑫物流货运",
    "like_nr":18,
    "url":"\/6579ce63000000003a00dc4d?xsec_token=ABMNpchWBUM3Su3KuRxBDQyVgMgHMeCZquaFcl--Vfxeg=&xsec_source=",
    "user_url":"6486bf9700000000250350ea?channel_type=web_search_result_notes&parent_page_channel_type=web_profile_board&xsec_token=ABDUcAAXLSB5ewwzNK_SvDW_Q4dHHS5JB2qbgg02XzW7k=&xsec_source=pc_search",
    "comment_nr":43,
    "content":"最近海关扣货很多。作为一个物流人，说句公道话。 我们是:空运扣货:退运费再加40\/kg，扣货这个大家都亏，没办法的事，只是扣货了，我们也退运费给你，然后理赔40\/kg。还白忙活。     海运是每个国家理赔都不一样。反正大家都相互理解一下各自的心情。  一损俱损 一荣俱荣。一损皆损，一荣皆荣。#有想法轻松发 #国际转运 #留学生辅导 #留学生求职 #留学生转运 #转运 #海关扣货 #避雷",
    "datePublished":"2023-12-13",
    "images":"http:\/\/sns-webpic-qc.xhscdn.com\/202508261138\/82b0ae6bd8aacbcc496e94b106aa0768\/1040g00830skkm0pqju6g5p46nubpek7adpdju5o!nd_dft_wlteh_webp_3.jpg",
    "star_nr":{
      "$numberDouble":"NaN"
    }
  },
  {
    "_id":{
      "$oid":"68ad2cc70effa5fa6903eda1"
    },
    "author_name":"做一场梦",
    "like_nr":222,
    "url":"\/6867489a0000000011000c50?xsec_token=ABjbrAsZm_i7iCg0Aj2EpYlF8r5co1ipQyvCnaoV6Adnc=&xsec_source=",
    "user_url":"684faad7000000001d0093b7?channel_type=web_search_result_notes&parent_page_channel_type=web_profile_board&xsec_token=ABj94afN3TYnCOGKpof6cNjbLbSgg7UfDijkzeh4FC5z0=&xsec_source=pc_search",
    "comment_nr":324,
    "content":"空运一箱拉布布，全被海关扣了，运的时候问他说能运，实际上就是不管你想运什么，他们都说可以运，被查了他们就不管，就连运费都要坑一半，我就不该信这些在帖子底下打广告的集运，坑死了 还有那些说假的的，你怎么就知道我买的是假的，你看见我买了吗？plq友好一点嗷 #海关查验#澳洲集运#拉布布#踩雷#集运踩雷#澳洲转运",
    "datePublished":"2025-07-10",
    "images":"http:\/\/sns-webpic-qc.xhscdn.com\/202508261138\/da14256705fbb383f34cc8ba00429406\/notes_pre_post\/1040g3k031jghisfoii6g5q2flbbn94tn7vjpnr8!nd_dft_wlteh_webp_3.jpg",
    "star_nr":48
  },
  {
    "_id":{
      "$oid":"68ad2cc70effa5fa6903eda3"
    },
    "author_name":"悠米是只小狸花",
    "like_nr":25,
    "url":"\/67fc5250000000001c02ce93?xsec_token=ABbThYytdfBfIoLeF2qRVxV8IlWmD7xUB3v37S8lhZT_Q=&xsec_source=",
    "user_url":"60924c870000000001007749?channel_type=web_search_result_notes&parent_page_channel_type=web_profile_board&xsec_token=AB50x_7lmnxo27drmEtfGgH9TxetWhckKYb8_0kdeaonY=&xsec_source=pc_search",
    "comment_nr":69,
    "content":"如图，2月24寄的，空运全普货，都是🍑买的衣服没有仿牌 现在转运公司是说还在查验，没有确认被扣，但是也不太乐观，有没有懂的姐妹知道这个快递还会被寄过来吗？还是就无了？那我真的会心碎💔好多衣服都下架了买不到了#空运 #进出口报关 #快递 #国际快递 #国际物流 #物流运输 #物流 \t 最新更新: 海关放行啦！今天已经收到快递了，被开箱了但是没少东西！ 祝大家都早日收到自己被扣的快递！",
    "datePublished":"2025-04-30",
    "images":"http:\/\/sns-webpic-qc.xhscdn.com\/202508261138\/e4c4fff30527e35bfcedc5785897a152\/1040g2sg31grm23mlj8d05o4i9i3g8tq9bn2bhp0!nd_dft_wlteh_webp_3.jpg",
    "star_nr":{
      "$numberDouble":"NaN"
    }
  },
  {
    "_id":{
      "$oid":"68ad2cc70effa5fa6903eda5"
    },
    "author_name":"Mia跨境日记",
    "like_nr":17,
    "url":"\/681c6637000000002202cb27?xsec_token=ABRKatG6cGYPUSzAFBpxXCYcEUJbXXqs-D_Rrzzwns864=&xsec_source=",
    "user_url":"62549842000000000e0119dd?channel_type=web_search_result_notes&parent_page_channel_type=web_profile_board&xsec_token=ABt9romOiQA984c92O11I3N9ziBnh_gIxOwwPJrlvA8vE=&xsec_source=pc_search",
    "comment_nr":2,
    "content":"原来海关查验的情况有两种，这下终于明白我的货物为啥老是卡在海关了。 \t 第一种是随机布控，这种被抽到查验的概率大概在3%，要是碰上了那真的是运气不佳呀。而且抽验的概率还会不断变动呢。要是在某个阶段，海关对某一类货物或者某一家企业进行重点稽查的话，那这类货物或者相关企业被查验的概率可就高了，但这种重点稽查可不是常态哦。 \t 另一种是人工布控，真不是海关故意要查你的货物，而是你给海关的申报信息存在问题，让海关不得不进行查验呢。具体有这些情况： 👉品名填写不规范 把产品的学名和俗名弄混淆了，就好比将“聚碳酸酯水杯”写成普通的“塑料杯”；英文翻译不准确，导致中文品名和实际产品对不上；为了图省事合并品名，结果产品的价格、重量、数量等信息和实际情况不一致。 👉海关编码错误 提供的海关编码和申报要素相互矛盾，比如编码显示是合金钢，申报要素却写的是不锈钢；申报钢管时，编码显示无缝，申报要素却写焊缝，像这样明显的错误肯定会被海关查出来。 👉产品净重误差 好多人申报的时候很容易忽略产品的净重，只知道毛重，用毛重推算出来的净重往往和实际重量有偏差。 👉数量统计错误 赠送品、样品没有算进货物总数里，导致毛重、净重和实际重量对不上，这很容易引起海关的注意。 👉品牌信息存疑 海关会仔细核查品牌信息，确认是不是存在侵权行为，这方面可千万不能掉以轻心。 👉申报金额💴异常 不管申报金额报高还是报低都不行！海关系统有预警功能，一旦申报的价格超出了海关数据库里的价格范围，马上就会提示价格有问题。 \t 清关被扣货，怎么处理呢？😭 ⚠️提供所需文件。按照物流公司或者海关的要求，准备并提供相关文件和信息，比如发票、商品描述、产地证明等。 ⚠️合规性核查。检查自己的商品是不是符合目的国家或者地区的进口规定。要是商品存在受限，很可能会导致扣关。 ⚠️可以联~系物流公司帮助。物流公司一般在处理被扣关这种事情上比较有经验，他们可以和海关沟通，协助解决问题，尽量缩短货物被扣关的时间。 ﻿#清关﻿ #跨境选品 ﻿#空运头程﻿ ﻿#跨境物流﻿ ﻿#国际物流﻿ ﻿#亚马逊﻿ ﻿#跨境运营﻿ ﻿#双清包税﻿",
    "datePublished":"2025-05-08",
    "images":"http:\/\/sns-webpic-qc.xhscdn.com\/202508261138\/a904d2449896b715d150620df77db781\/spectrum\/1040g34o31h7dmc83k20g5oikj113i6etrncrj5g!nd_dft_wlteh_webp_3.jpg",
    "star_nr":{
      "$numberDouble":"NaN"
    }
  },
  {
    "_id":{
      "$oid":"68ad2cc70effa5fa6903eda6"
    },
    "author_name":"货多多-小杨",
    "like_nr":4,
    "url":"\/682693340000000012000c5b?xsec_token=ABAfRD61oi5Ds_yUGbmxU90YoekKH8NbTIXHP02H0e4iU=&xsec_source=",
    "user_url":"67f63624000000000a03d99f?channel_type=web_search_result_notes&parent_page_channel_type=web_profile_board&xsec_token=ABF4sB4c_OniJEa6Kaq5KO6bgAkWgsuKDta4hkyZeipfE=&xsec_source=pc_search",
    "comment_nr":1,
    "content":"💥救命！敏感货被海关扣了怎么办？血泪经验速看！！ 宝子们谁懂啊😭 海淘\/寄国际快递时满心期待，结果等来海关扣货通知！别慌！本倒霉蛋刚亲身经历成功“捞货”，超全避坑指南+解决办法双手奉上👇 📌 先自查！哪些算敏感货？ ▫️ 液体类：香水、护肤品、指甲油 ▫️ 粉末\/膏状：食品调料、中药粉 ▫️ 电子产品：充电宝、无人机 ▫️ 品牌商品：奢侈品、潮牌（无授权） ▫️ 动植物制品：海参、干花、蜂蜜 📨 收到扣货通知这样做！ 1️⃣ 确认信息：看清海关通知里扣货原因、处理时限 2️⃣ 联系快递公司：让他们提供报关所需材料清单 3️⃣ 准备材料： • 购物小票\/订单截图 • 产品成分说明（护肤品\/食品） • 品牌授权书（如有） 4️⃣ 缴纳税费：合理申报商品价值，该交的税别侥幸！ 🚫 血泪教训避坑指南 ✅ 邮寄前查目的国海关政策（官网\/快递客服） ✅ 拆分包裹！别一次寄太多同类商品 ✅ 奢侈品尽量走正规报关渠道 ✅ 不确定的东西先问转运公司！ 最后附上超实用话术📝 “海关大大，这批货物是自用\/礼物，价值XX，附上凭证，请审核后放行，感谢！” 希望宝子们都顺顺利利！有问题评论区交流～ #国际快递 #海关扣货 #海淘攻略 #避坑指南",
    "datePublished":"2025-05-16",
    "images":"http:\/\/sns-webpic-qc.xhscdn.com\/202508261138\/f3e13a45b1bab1685ca2661db7d156ae\/1040g00831hhbm252js005pvm6oi2nmcv2qqbpn0!nd_dft_wlteh_webp_3.jpg",
    "star_nr":{
      "$numberDouble":"NaN"
    }
  },
  {
    "_id":{
      "$oid":"68ad2cc70effa5fa6903eda8"
    },
    "author_name":"小红薯620ADC7B",
    "like_nr":5,
    "url":"\/689c0263000000001d027e7c?xsec_token=ABwaji53N7YH8zLbBbmL6gPy87__aLp-_zbLr_GQV10p4=&xsec_source=",
    "user_url":"6209b7aa0000000021028bad?channel_type=web_search_result_notes&parent_page_channel_type=web_profile_board&xsec_token=ABUgqFMB7SN4j7A1x4ym6MwwxakQSuVq_oWyI-P-4CpNw=&xsec_source=pc_search",
    "comment_nr":26,
    "content":"想问下有没有小倒霉蛋跟我在一个航班啊，空运的包裹被扣了好久了，没有任何敏货。问了转运公司也说没消息，物流再也更新过，所以澳洲空运海关检查最多会被扣多久啊#澳洲#澳洲生活#澳洲空运海运#澳洲空运",
    "datePublished":"2025-08-13",
    "images":"http:\/\/sns-webpic-qc.xhscdn.com\/202508261138\/1252e9af5d2e31c84e20ec17534d6a56\/1040g00831l41and82o005og9mul8d2td58ap1hg!nd_dft_wlteh_webp_3.jpg",
    "star_nr":{
      "$numberDouble":"NaN"
    }
  },
  {
    "_id":{
      "$oid":"68ad2cc70effa5fa6903eda9"
    },
    "author_name":"报关科代表",
    "like_nr":6,
    "url":"\/6811d96d0000000021003830?xsec_token=ABTZkUPy6LYtRrXXvgUHaSXk3GopRhWZbQLR9VrzwgG0I=&xsec_source=",
    "user_url":"6507aff60000000016039751?channel_type=web_search_result_notes&parent_page_channel_type=web_profile_board&xsec_token=AB0Znto1Om2FqtCgwngYg3Yslk4Twq0C3PU7BRuhmH4BM=&xsec_source=pc_search",
    "comment_nr":5,
    "content":"最近帮朋友寄海外包裹踩了大坑 —— 原来国际空运对货物的限制这么多！哪些是敏感货、危险品？今天结合亲身经历整理避坑指南，新手必收藏！ 📢 首先划重点：寄之前一定要搞清楚「禁运清单」！ 很多人以为「电子产品 = 全禁运」，其实分情况： 锂电池类（重灾区！） 手机、笔记本电脑这类带锂电池的设备，国内空运是严格禁止的！但国外运输相对宽松（他们会通过专业打板、分类降低风险）。 👉 解决方案：如果是笔记本电脑，拆掉电池后单独走海运，主机部分可以空运；纯不带电池的电子设备（比如有线耳机、键盘），空运基本畅通无阻。 液体 \/ 粉末类 爽肤水、粉底液、蛋白粉…… 只要是液体或粉末状，必须提供化工研究院的正规证明才能空运，否则直接扣货！ （亲身经历：帮朋友寄了几瓶护肤品没提前报备，结果被要求补材料，耽误了整整一周） 其他「隐藏危险品」 带磁性的音箱、含压缩气体的球类（比如篮球、游泳圈）、打火机等，统统列入禁运名单！ 👉 但像「随身行李携带笔记本电脑上飞机」是允许的，只是托运时要拆除电池哦～ 💡 实用小技巧：自查三步法 拆分成「核心部件」：比如电子产品先看是否能拆电池、拆磁性配件； 拍照问客服：不确定的物品直接拍图给快递公司，他们会帮忙判断； 提前准备文件：如果是液体 \/ 粉末，提前联系供应商提供成分证明，避免临时补材料手忙脚乱。 📮 最后说句真心话： 空运禁运规则确实繁琐，但提前花 10 分钟检查，能省掉无数后续麻烦！有具体物品拿不准的，随时留言或私信，我都会一一解答～ 别像我第一次啥都不懂，看着包裹被退件干着急😂 \t #清关#报关#进口清关 #进口报关#清关公司#报关公司#海关清关#个人物品清关#清关攻略#清关流程#报关流程#报关攻略#海关通关#通关#通关秘籍#清关秘籍#EMS被扣 #EMS清关 #EMS国际邮件代理报关#ems补充申报#海关申报#海淘报关 #补充申报攻略#补充申报#海淘 #海淘攻略 #扣关 #快递扣关",
    "datePublished":"2025-04-30",
    "images":"http:\/\/sns-webpic-qc.xhscdn.com\/202508261138\/f5330578c6a9ebdbd650fb9df3a2f338\/1040g00831gt414po3s005p87lvr5n5qhipsqk60!nd_dft_wlteh_webp_3.jpg",
    "star_nr":{
      "$numberDouble":"NaN"
    }
  },
  {
    "_id":{
      "$oid":"68ad2cc70effa5fa6903edaa"
    },
    "author_name":"华运鑫物流货运",
    "like_nr":18,
    "url":"\/6579ce63000000003a00dc4d?xsec_token=ABMNpchWBUM3Su3KuRxBDQyVgMgHMeCZquaFcl--Vfxeg=&xsec_source=",
    "user_url":"6486bf9700000000250350ea?channel_type=web_search_result_notes&parent_page_channel_type=web_profile_board&xsec_token=ABDUcAAXLSB5ewwzNK_SvDW_Q4dHHS5JB2qbgg02XzW7k=&xsec_source=pc_search",
    "comment_nr":43,
    "content":"最近海关扣货很多。作为一个物流人，说句公道话。 我们是:空运扣货:退运费再加40\/kg，扣货这个大家都亏，没办法的事，只是扣货了，我们也退运费给你，然后理赔40\/kg。还白忙活。     海运是每个国家理赔都不一样。反正大家都相互理解一下各自的心情。  一损俱损 一荣俱荣。一损皆损，一荣皆荣。#有想法轻松发 #国际转运 #留学生辅导 #留学生求职 #留学生转运 #转运 #海关扣货 #避雷",
    "datePublished":"2023-12-13",
    "images":"http:\/\/sns-webpic-qc.xhscdn.com\/202508261139\/33814cb58770d5771803f244f44e93d8\/1040g00830skkm0pqju6g5p46nubpek7adpdju5o!nd_dft_wlteh_webp_3.jpg",
    "star_nr":{
      "$numberDouble":"NaN"
    }
  },
  {
    "_id":{
      "$oid":"68ad2cc70effa5fa6903edab"
    },
    "author_name":"做一场梦",
    "like_nr":222,
    "url":"\/6867489a0000000011000c50?xsec_token=ABjbrAsZm_i7iCg0Aj2EpYlF8r5co1ipQyvCnaoV6Adnc=&xsec_source=",
    "user_url":"684faad7000000001d0093b7?channel_type=web_search_result_notes&parent_page_channel_type=web_profile_board&xsec_token=ABj94afN3TYnCOGKpof6cNjbLbSgg7UfDijkzeh4FC5z0=&xsec_source=pc_search",
    "comment_nr":324,
    "content":"空运一箱拉布布，全被海关扣了，运的时候问他说能运，实际上就是不管你想运什么，他们都说可以运，被查了他们就不管，就连运费都要坑一半，我就不该信这些在帖子底下打广告的集运，坑死了 还有那些说假的的，你怎么就知道我买的是假的，你看见我买了吗？plq友好一点嗷 #海关查验#澳洲集运#拉布布#踩雷#集运踩雷#澳洲转运",
    "datePublished":"2025-07-10",
    "images":"http:\/\/sns-webpic-qc.xhscdn.com\/202508261139\/a36ad128521e9fc9800ad99e9c15116b\/notes_pre_post\/1040g3k031jghisfoii6g5q2flbbn94tn7vjpnr8!nd_dft_wlteh_webp_3.jpg",
    "star_nr":48
  },
  {
    "_id":{
      "$oid":"68ad2cc70effa5fa6903edad"
    },
    "author_name":"悠米是只小狸花",
    "like_nr":25,
    "url":"\/67fc5250000000001c02ce93?xsec_token=ABbThYytdfBfIoLeF2qRVxV8IlWmD7xUB3v37S8lhZT_Q=&xsec_source=",
    "user_url":"60924c870000000001007749?channel_type=web_search_result_notes&parent_page_channel_type=web_profile_board&xsec_token=AB50x_7lmnxo27drmEtfGgH9TxetWhckKYb8_0kdeaonY=&xsec_source=pc_search",
    "comment_nr":69,
    "content":"如图，2月24寄的，空运全普货，都是🍑买的衣服没有仿牌 现在转运公司是说还在查验，没有确认被扣，但是也不太乐观，有没有懂的姐妹知道这个快递还会被寄过来吗？还是就无了？那我真的会心碎💔好多衣服都下架了买不到了#空运 #进出口报关 #快递 #国际快递 #国际物流 #物流运输 #物流 \t 最新更新: 海关放行啦！今天已经收到快递了，被开箱了但是没少东西！ 祝大家都早日收到自己被扣的快递！",
    "datePublished":"2025-04-30",
    "images":"http:\/\/sns-webpic-qc.xhscdn.com\/202508261139\/b1f5bebc535a13df437758b20e2f73c8\/1040g2sg31grm23mlj8d05o4i9i3g8tq9bn2bhp0!nd_dft_wlteh_webp_3.jpg",
    "star_nr":{
      "$numberDouble":"NaN"
    }
  },
  {
    "_id":{
      "$oid":"68ad2cc70effa5fa6903edaf"
    },
    "author_name":"Mia跨境日记",
    "like_nr":17,
    "url":"\/681c6637000000002202cb27?xsec_token=ABRKatG6cGYPUSzAFBpxXCYcEUJbXXqs-D_Rrzzwns864=&xsec_source=",
    "user_url":"62549842000000000e0119dd?channel_type=web_search_result_notes&parent_page_channel_type=web_profile_board&xsec_token=ABt9romOiQA984c92O11I3N9ziBnh_gIxOwwPJrlvA8vE=&xsec_source=pc_search",
    "comment_nr":2,
    "content":"原来海关查验的情况有两种，这下终于明白我的货物为啥老是卡在海关了。 \t 第一种是随机布控，这种被抽到查验的概率大概在3%，要是碰上了那真的是运气不佳呀。而且抽验的概率还会不断变动呢。要是在某个阶段，海关对某一类货物或者某一家企业进行重点稽查的话，那这类货物或者相关企业被查验的概率可就高了，但这种重点稽查可不是常态哦。 \t 另一种是人工布控，真不是海关故意要查你的货物，而是你给海关的申报信息存在问题，让海关不得不进行查验呢。具体有这些情况： 👉品名填写不规范 把产品的学名和俗名弄混淆了，就好比将“聚碳酸酯水杯”写成普通的“塑料杯”；英文翻译不准确，导致中文品名和实际产品对不上；为了图省事合并品名，结果产品的价格、重量、数量等信息和实际情况不一致。 👉海关编码错误 提供的海关编码和申报要素相互矛盾，比如编码显示是合金钢，申报要素却写的是不锈钢；申报钢管时，编码显示无缝，申报要素却写焊缝，像这样明显的错误肯定会被海关查出来。 👉产品净重误差 好多人申报的时候很容易忽略产品的净重，只知道毛重，用毛重推算出来的净重往往和实际重量有偏差。 👉数量统计错误 赠送品、样品没有算进货物总数里，导致毛重、净重和实际重量对不上，这很容易引起海关的注意。 👉品牌信息存疑 海关会仔细核查品牌信息，确认是不是存在侵权行为，这方面可千万不能掉以轻心。 👉申报金额💴异常 不管申报金额报高还是报低都不行！海关系统有预警功能，一旦申报的价格超出了海关数据库里的价格范围，马上就会提示价格有问题。 \t 清关被扣货，怎么处理呢？😭 ⚠️提供所需文件。按照物流公司或者海关的要求，准备并提供相关文件和信息，比如发票、商品描述、产地证明等。 ⚠️合规性核查。检查自己的商品是不是符合目的国家或者地区的进口规定。要是商品存在受限，很可能会导致扣关。 ⚠️可以联~系物流公司帮助。物流公司一般在处理被扣关这种事情上比较有经验，他们可以和海关沟通，协助解决问题，尽量缩短货物被扣关的时间。 ﻿#清关﻿ #跨境选品 ﻿#空运头程﻿ ﻿#跨境物流﻿ ﻿#国际物流﻿ ﻿#亚马逊﻿ ﻿#跨境运营﻿ ﻿#双清包税﻿",
    "datePublished":"2025-05-08",
    "images":"http:\/\/sns-webpic-qc.xhscdn.com\/202508261139\/a58d6b555d78bfbfd8b5d3040d8c1a1f\/spectrum\/1040g34o31h7dmc83k20g5oikj113i6etrncrj5g!nd_dft_wlteh_webp_3.jpg",
    "star_nr":{
      "$numberDouble":"NaN"
    }
  },
  {
    "_id":{
      "$oid":"68ad2cc70effa5fa6903edb0"
    },
    "author_name":"货多多-小杨",
    "like_nr":4,
    "url":"\/682693340000000012000c5b?xsec_token=ABAfRD61oi5Ds_yUGbmxU90YoekKH8NbTIXHP02H0e4iU=&xsec_source=",
    "user_url":"67f63624000000000a03d99f?channel_type=web_search_result_notes&parent_page_channel_type=web_profile_board&xsec_token=ABF4sB4c_OniJEa6Kaq5KO6bgAkWgsuKDta4hkyZeipfE=&xsec_source=pc_search",
    "comment_nr":1,
    "content":"💥救命！敏感货被海关扣了怎么办？血泪经验速看！！ 宝子们谁懂啊😭 海淘\/寄国际快递时满心期待，结果等来海关扣货通知！别慌！本倒霉蛋刚亲身经历成功“捞货”，超全避坑指南+解决办法双手奉上👇 📌 先自查！哪些算敏感货？ ▫️ 液体类：香水、护肤品、指甲油 ▫️ 粉末\/膏状：食品调料、中药粉 ▫️ 电子产品：充电宝、无人机 ▫️ 品牌商品：奢侈品、潮牌（无授权） ▫️ 动植物制品：海参、干花、蜂蜜 📨 收到扣货通知这样做！ 1️⃣ 确认信息：看清海关通知里扣货原因、处理时限 2️⃣ 联系快递公司：让他们提供报关所需材料清单 3️⃣ 准备材料： • 购物小票\/订单截图 • 产品成分说明（护肤品\/食品） • 品牌授权书（如有） 4️⃣ 缴纳税费：合理申报商品价值，该交的税别侥幸！ 🚫 血泪教训避坑指南 ✅ 邮寄前查目的国海关政策（官网\/快递客服） ✅ 拆分包裹！别一次寄太多同类商品 ✅ 奢侈品尽量走正规报关渠道 ✅ 不确定的东西先问转运公司！ 最后附上超实用话术📝 “海关大大，这批货物是自用\/礼物，价值XX，附上凭证，请审核后放行，感谢！” 希望宝子们都顺顺利利！有问题评论区交流～ #国际快递 #海关扣货 #海淘攻略 #避坑指南",
    "datePublished":"2025-05-16",
    "images":"http:\/\/sns-webpic-qc.xhscdn.com\/202508261139\/b36031e272377749c5443c253469739e\/1040g00831hhbm252js005pvm6oi2nmcv2qqbpn0!nd_dft_wlteh_webp_3.jpg",
    "star_nr":{
      "$numberDouble":"NaN"
    }
  },
  {
    "_id":{
      "$oid":"68ad2cc70effa5fa6903edb2"
    },
    "author_name":"小红薯620ADC7B",
    "like_nr":5,
    "url":"\/689c0263000000001d027e7c?xsec_token=ABwaji53N7YH8zLbBbmL6gPy87__aLp-_zbLr_GQV10p4=&xsec_source=",
    "user_url":"6209b7aa0000000021028bad?channel_type=web_search_result_notes&parent_page_channel_type=web_profile_board&xsec_token=ABUgqFMB7SN4j7A1x4ym6MwwxakQSuVq_oWyI-P-4CpNw=&xsec_source=pc_search",
    "comment_nr":26,
    "content":"想问下有没有小倒霉蛋跟我在一个航班啊，空运的包裹被扣了好久了，没有任何敏货。问了转运公司也说没消息，物流再也更新过，所以澳洲空运海关检查最多会被扣多久啊#澳洲#澳洲生活#澳洲空运海运#澳洲空运",
    "datePublished":"2025-08-13",
    "images":"http:\/\/sns-webpic-qc.xhscdn.com\/202508261139\/45a1cb2ff5b6f6aef500c972686e00be\/1040g00831l41and82o005og9mul8d2td58ap1hg!nd_dft_wlteh_webp_3.jpg",
    "star_nr":{
      "$numberDouble":"NaN"
    }
  },
  {
    "_id":{
      "$oid":"68ad2cc70effa5fa6903edb3"
    },
    "author_name":"报关科代表",
    "like_nr":6,
    "url":"\/6811d96d0000000021003830?xsec_token=ABTZkUPy6LYtRrXXvgUHaSXk3GopRhWZbQLR9VrzwgG0I=&xsec_source=",
    "user_url":"6507aff60000000016039751?channel_type=web_search_result_notes&parent_page_channel_type=web_profile_board&xsec_token=AB0Znto1Om2FqtCgwngYg3Yslk4Twq0C3PU7BRuhmH4BM=&xsec_source=pc_search",
    "comment_nr":5,
    "content":"最近帮朋友寄海外包裹踩了大坑 —— 原来国际空运对货物的限制这么多！哪些是敏感货、危险品？今天结合亲身经历整理避坑指南，新手必收藏！ 📢 首先划重点：寄之前一定要搞清楚「禁运清单」！ 很多人以为「电子产品 = 全禁运」，其实分情况： 锂电池类（重灾区！） 手机、笔记本电脑这类带锂电池的设备，国内空运是严格禁止的！但国外运输相对宽松（他们会通过专业打板、分类降低风险）。 👉 解决方案：如果是笔记本电脑，拆掉电池后单独走海运，主机部分可以空运；纯不带电池的电子设备（比如有线耳机、键盘），空运基本畅通无阻。 液体 \/ 粉末类 爽肤水、粉底液、蛋白粉…… 只要是液体或粉末状，必须提供化工研究院的正规证明才能空运，否则直接扣货！ （亲身经历：帮朋友寄了几瓶护肤品没提前报备，结果被要求补材料，耽误了整整一周） 其他「隐藏危险品」 带磁性的音箱、含压缩气体的球类（比如篮球、游泳圈）、打火机等，统统列入禁运名单！ 👉 但像「随身行李携带笔记本电脑上飞机」是允许的，只是托运时要拆除电池哦～ 💡 实用小技巧：自查三步法 拆分成「核心部件」：比如电子产品先看是否能拆电池、拆磁性配件； 拍照问客服：不确定的物品直接拍图给快递公司，他们会帮忙判断； 提前准备文件：如果是液体 \/ 粉末，提前联系供应商提供成分证明，避免临时补材料手忙脚乱。 📮 最后说句真心话： 空运禁运规则确实繁琐，但提前花 10 分钟检查，能省掉无数后续麻烦！有具体物品拿不准的，随时留言或私信，我都会一一解答～ 别像我第一次啥都不懂，看着包裹被退件干着急😂 \t #清关#报关#进口清关 #进口报关#清关公司#报关公司#海关清关#个人物品清关#清关攻略#清关流程#报关流程#报关攻略#海关通关#通关#通关秘籍#清关秘籍#EMS被扣 #EMS清关 #EMS国际邮件代理报关#ems补充申报#海关申报#海淘报关 #补充申报攻略#补充申报#海淘 #海淘攻略 #扣关 #快递扣关",
    "datePublished":"2025-04-30",
    "images":"http:\/\/sns-webpic-qc.xhscdn.com\/202508261140\/2ba9776e2f3c7f706f0f57d1992ca896\/1040g00831gt414po3s005p87lvr5n5qhipsqk60!nd_dft_wlteh_webp_3.jpg",
    "star_nr":{
      "$numberDouble":"NaN"
    }
  },
  {
    "_id":{
      "$oid":"68ad2cc70effa5fa6903edb4"
    },
    "author_name":"华运鑫物流货运",
    "like_nr":18,
    "url":"\/6579ce63000000003a00dc4d?xsec_token=ABMNpchWBUM3Su3KuRxBDQyVgMgHMeCZquaFcl--Vfxeg=&xsec_source=",
    "user_url":"6486bf9700000000250350ea?channel_type=web_search_result_notes&parent_page_channel_type=web_profile_board&xsec_token=ABDUcAAXLSB5ewwzNK_SvDW_Q4dHHS5JB2qbgg02XzW7k=&xsec_source=pc_search",
    "comment_nr":43,
    "content":"最近海关扣货很多。作为一个物流人，说句公道话。 我们是:空运扣货:退运费再加40\/kg，扣货这个大家都亏，没办法的事，只是扣货了，我们也退运费给你，然后理赔40\/kg。还白忙活。     海运是每个国家理赔都不一样。反正大家都相互理解一下各自的心情。  一损俱损 一荣俱荣。一损皆损，一荣皆荣。#有想法轻松发 #国际转运 #留学生辅导 #留学生求职 #留学生转运 #转运 #海关扣货 #避雷",
    "datePublished":"2023-12-13",
    "images":"http:\/\/sns-webpic-qc.xhscdn.com\/202508261140\/309b1e0a2a3cdd4fa3235afbc884bad4\/1040g00830skkm0pqju6g5p46nubpek7adpdju5o!nd_dft_wlteh_webp_3.jpg",
    "star_nr":{
      "$numberDouble":"NaN"
    }
  },
  {
    "_id":{
      "$oid":"68ad2cc70effa5fa6903edb5"
    },
    "author_name":"做一场梦",
    "like_nr":222,
    "url":"\/6867489a0000000011000c50?xsec_token=ABjbrAsZm_i7iCg0Aj2EpYlF8r5co1ipQyvCnaoV6Adnc=&xsec_source=",
    "user_url":"684faad7000000001d0093b7?channel_type=web_search_result_notes&parent_page_channel_type=web_profile_board&xsec_token=ABj94afN3TYnCOGKpof6cNjbLbSgg7UfDijkzeh4FC5z0=&xsec_source=pc_search",
    "comment_nr":324,
    "content":"空运一箱拉布布，全被海关扣了，运的时候问他说能运，实际上就是不管你想运什么，他们都说可以运，被查了他们就不管，就连运费都要坑一半，我就不该信这些在帖子底下打广告的集运，坑死了 还有那些说假的的，你怎么就知道我买的是假的，你看见我买了吗？plq友好一点嗷 #海关查验#澳洲集运#拉布布#踩雷#集运踩雷#澳洲转运",
    "datePublished":"2025-07-10",
    "images":"http:\/\/sns-webpic-qc.xhscdn.com\/202508261140\/30858c4748aad1b09a127aa057c1915a\/notes_pre_post\/1040g3k031jghisfoii6g5q2flbbn94tn7vjpnr8!nd_dft_wlteh_webp_3.jpg",
    "star_nr":48
  },
  {
    "_id":{
      "$oid":"68ad2cc70effa5fa6903edb7"
    },
    "author_name":"悠米是只小狸花",
    "like_nr":25,
    "url":"\/67fc5250000000001c02ce93?xsec_token=ABbThYytdfBfIoLeF2qRVxV8IlWmD7xUB3v37S8lhZT_Q=&xsec_source=",
    "user_url":"60924c870000000001007749?channel_type=web_search_result_notes&parent_page_channel_type=web_profile_board&xsec_token=AB50x_7lmnxo27drmEtfGgH9TxetWhckKYb8_0kdeaonY=&xsec_source=pc_search",
    "comment_nr":69,
    "content":"如图，2月24寄的，空运全普货，都是🍑买的衣服没有仿牌 现在转运公司是说还在查验，没有确认被扣，但是也不太乐观，有没有懂的姐妹知道这个快递还会被寄过来吗？还是就无了？那我真的会心碎💔好多衣服都下架了买不到了#空运 #进出口报关 #快递 #国际快递 #国际物流 #物流运输 #物流 \t 最新更新: 海关放行啦！今天已经收到快递了，被开箱了但是没少东西！ 祝大家都早日收到自己被扣的快递！",
    "datePublished":"2025-04-30",
    "images":"http:\/\/sns-webpic-qc.xhscdn.com\/202508261140\/fc7fcde3a48e853683bf58a70255c8f3\/1040g2sg31grm23mlj8d05o4i9i3g8tq9bn2bhp0!nd_dft_wlteh_webp_3.jpg",
    "star_nr":{
      "$numberDouble":"NaN"
    }
  },
  {
    "_id":{
      "$oid":"68ad2cc70effa5fa6903edb9"
    },
    "author_name":"Mia跨境日记",
    "like_nr":17,
    "url":"\/681c6637000000002202cb27?xsec_token=ABRKatG6cGYPUSzAFBpxXCYcEUJbXXqs-D_Rrzzwns864=&xsec_source=",
    "user_url":"62549842000000000e0119dd?channel_type=web_search_result_notes&parent_page_channel_type=web_profile_board&xsec_token=ABt9romOiQA984c92O11I3N9ziBnh_gIxOwwPJrlvA8vE=&xsec_source=pc_search",
    "comment_nr":2,
    "content":"原来海关查验的情况有两种，这下终于明白我的货物为啥老是卡在海关了。 \t 第一种是随机布控，这种被抽到查验的概率大概在3%，要是碰上了那真的是运气不佳呀。而且抽验的概率还会不断变动呢。要是在某个阶段，海关对某一类货物或者某一家企业进行重点稽查的话，那这类货物或者相关企业被查验的概率可就高了，但这种重点稽查可不是常态哦。 \t 另一种是人工布控，真不是海关故意要查你的货物，而是你给海关的申报信息存在问题，让海关不得不进行查验呢。具体有这些情况： 👉品名填写不规范 把产品的学名和俗名弄混淆了，就好比将“聚碳酸酯水杯”写成普通的“塑料杯”；英文翻译不准确，导致中文品名和实际产品对不上；为了图省事合并品名，结果产品的价格、重量、数量等信息和实际情况不一致。 👉海关编码错误 提供的海关编码和申报要素相互矛盾，比如编码显示是合金钢，申报要素却写的是不锈钢；申报钢管时，编码显示无缝，申报要素却写焊缝，像这样明显的错误肯定会被海关查出来。 👉产品净重误差 好多人申报的时候很容易忽略产品的净重，只知道毛重，用毛重推算出来的净重往往和实际重量有偏差。 👉数量统计错误 赠送品、样品没有算进货物总数里，导致毛重、净重和实际重量对不上，这很容易引起海关的注意。 👉品牌信息存疑 海关会仔细核查品牌信息，确认是不是存在侵权行为，这方面可千万不能掉以轻心。 👉申报金额💴异常 不管申报金额报高还是报低都不行！海关系统有预警功能，一旦申报的价格超出了海关数据库里的价格范围，马上就会提示价格有问题。 \t 清关被扣货，怎么处理呢？😭 ⚠️提供所需文件。按照物流公司或者海关的要求，准备并提供相关文件和信息，比如发票、商品描述、产地证明等。 ⚠️合规性核查。检查自己的商品是不是符合目的国家或者地区的进口规定。要是商品存在受限，很可能会导致扣关。 ⚠️可以联~系物流公司帮助。物流公司一般在处理被扣关这种事情上比较有经验，他们可以和海关沟通，协助解决问题，尽量缩短货物被扣关的时间。 ﻿#清关﻿ #跨境选品 ﻿#空运头程﻿ ﻿#跨境物流﻿ ﻿#国际物流﻿ ﻿#亚马逊﻿ ﻿#跨境运营﻿ ﻿#双清包税﻿",
    "datePublished":"2025-05-08",
    "images":"http:\/\/sns-webpic-qc.xhscdn.com\/202508261140\/76b8e5f2ba00792c3189c88906afff1a\/spectrum\/1040g34o31h7dmc83k20g5oikj113i6etrncrj5g!nd_dft_wlteh_webp_3.jpg",
    "star_nr":{
      "$numberDouble":"NaN"
    }
  },
  {
    "_id":{
      "$oid":"68ad2cc70effa5fa6903edba"
    },
    "author_name":"货多多-小杨",
    "like_nr":4,
    "url":"\/682693340000000012000c5b?xsec_token=ABAfRD61oi5Ds_yUGbmxU90YoekKH8NbTIXHP02H0e4iU=&xsec_source=",
    "user_url":"67f63624000000000a03d99f?channel_type=web_search_result_notes&parent_page_channel_type=web_profile_board&xsec_token=ABF4sB4c_OniJEa6Kaq5KO6bgAkWgsuKDta4hkyZeipfE=&xsec_source=pc_search",
    "comment_nr":1,
    "content":"💥救命！敏感货被海关扣了怎么办？血泪经验速看！！ 宝子们谁懂啊😭 海淘\/寄国际快递时满心期待，结果等来海关扣货通知！别慌！本倒霉蛋刚亲身经历成功“捞货”，超全避坑指南+解决办法双手奉上👇 📌 先自查！哪些算敏感货？ ▫️ 液体类：香水、护肤品、指甲油 ▫️ 粉末\/膏状：食品调料、中药粉 ▫️ 电子产品：充电宝、无人机 ▫️ 品牌商品：奢侈品、潮牌（无授权） ▫️ 动植物制品：海参、干花、蜂蜜 📨 收到扣货通知这样做！ 1️⃣ 确认信息：看清海关通知里扣货原因、处理时限 2️⃣ 联系快递公司：让他们提供报关所需材料清单 3️⃣ 准备材料： • 购物小票\/订单截图 • 产品成分说明（护肤品\/食品） • 品牌授权书（如有） 4️⃣ 缴纳税费：合理申报商品价值，该交的税别侥幸！ 🚫 血泪教训避坑指南 ✅ 邮寄前查目的国海关政策（官网\/快递客服） ✅ 拆分包裹！别一次寄太多同类商品 ✅ 奢侈品尽量走正规报关渠道 ✅ 不确定的东西先问转运公司！ 最后附上超实用话术📝 “海关大大，这批货物是自用\/礼物，价值XX，附上凭证，请审核后放行，感谢！” 希望宝子们都顺顺利利！有问题评论区交流～ #国际快递 #海关扣货 #海淘攻略 #避坑指南",
    "datePublished":"2025-05-16",
    "images":"http:\/\/sns-webpic-qc.xhscdn.com\/202508261140\/f92584b4677592230269ab5368b48796\/1040g00831hhbm252js005pvm6oi2nmcv2qqbpn0!nd_dft_wlteh_webp_3.jpg",
    "star_nr":{
      "$numberDouble":"NaN"
    }
  },
  {
    "_id":{
      "$oid":"68ad2cc70effa5fa6903edbc"
    },
    "author_name":"小红薯620ADC7B",
    "like_nr":5,
    "url":"\/689c0263000000001d027e7c?xsec_token=ABwaji53N7YH8zLbBbmL6gPy87__aLp-_zbLr_GQV10p4=&xsec_source=",
    "user_url":"6209b7aa0000000021028bad?channel_type=web_search_result_notes&parent_page_channel_type=web_profile_board&xsec_token=ABUgqFMB7SN4j7A1x4ym6MwwxakQSuVq_oWyI-P-4CpNw=&xsec_source=pc_search",
    "comment_nr":26,
    "content":"想问下有没有小倒霉蛋跟我在一个航班啊，空运的包裹被扣了好久了，没有任何敏货。问了转运公司也说没消息，物流再也更新过，所以澳洲空运海关检查最多会被扣多久啊#澳洲#澳洲生活#澳洲空运海运#澳洲空运",
    "datePublished":"2025-08-13",
    "images":"http:\/\/sns-webpic-qc.xhscdn.com\/202508261140\/db7ddf794064cf9c44a9a2d100b40d62\/1040g00831l41and82o005og9mul8d2td58ap1hg!nd_dft_wlteh_webp_3.jpg",
    "star_nr":{
      "$numberDouble":"NaN"
    }
  }
]