[
  {
    "index": 1,
    "topic_num": 1,
    "topic_keywords": [
      "加拿大海运",
      "你们所谓的靠谱那都是建立在成本之上",
      "因为这些数量绝对不可能是一个两个集运公司的货",
      "因为收货人只有一个",
      "把众多集运商和cbsa全都忽悠了",
      "加拿大物流",
      "当时就有集运商拿着扣货单找清关公司要货",
      "cbsa官员那边也聊了",
      "集运",
      "要是赚不了几个钱谁能靠谱"
    ],
    "goods": [
      "空运",
      "拉布布",
      "海关",
      "时候",
      "运费",
      "帖子",
      "广告",
      "集运",
      "plq"
    ],
    "content": "空运一箱拉布布，全被海关扣了，运的时候问他说能运，实际上就是不管你想运什么，他们都说可以运，被查了他们就不管，就连运费都要坑一半，我就不该信这些在帖子底下打广告的集运，坑死了 还有那些说假的的，你怎么就知道我买的是假的，你看见我买了吗？plq友好一点嗷 #海关查验#澳洲集运#拉布布#踩雷#集运踩雷#澳洲转运"
  },
  {
    "index": 2,
    "topic_num": 1,
    "topic_keywords": [
      "加拿大海运",
      "你们所谓的靠谱那都是建立在成本之上",
      "因为这些数量绝对不可能是一个两个集运公司的货",
      "因为收货人只有一个",
      "把众多集运商和cbsa全都忽悠了",
      "加拿大物流",
      "当时就有集运商拿着扣货单找清关公司要货",
      "cbsa官员那边也聊了",
      "集运",
      "要是赚不了几个钱谁能靠谱"
    ],
    "goods": [
      "客户",
      "海关",
      "包",
      "客户",
      "交点税",
      "结果",
      "假包",
      "客户"
    ],
    "content": "今天上午去上门收包！才知道客户是从海关那拿出来的包 拿上手的一看就知道完了！这包假的 白跑一趟无所谓！客户可是亏大发了！ 本来想着交点税拿出来卖了还能赚一点！ 结果拿了个假包 当时客户就郁闷了 #珠海上门回收奢侈品点点当 #珠海黄金回收 #包包真假鉴定 #奢侈品鉴定 #踩坑 #鉴定"
  },
  {
    "index": 3,
    "topic_num": 0,
    "topic_keywords": [
      "国际物流",
      "海关",
      "跨境",
      "巧妙申报降低查验风险",
      "文件",
      "跨境电商",
      "跨境物流",
      "国际海运",
      "海关扣货",
      "kg"
    ],
    "goods": [
      "月",
      "海关"
    ],
    "content": "经过3个月多月的压抑和折腾，最终归还与我#海关扣押 #海关查验 #海关申报"
  },
  {
    "index": 4,
    "topic_num": 0,
    "topic_keywords": [
      "国际物流",
      "海关",
      "跨境",
      "巧妙申报降低查验风险",
      "文件",
      "跨境电商",
      "跨境物流",
      "国际海运",
      "海关扣货",
      "kg"
    ],
    "goods": [
      "东西",
      "书友",
      "需要",
      "包税",
      "拍卖会",
      "物流",
      "公司"
    ],
    "content": "## 刚上拍卖看了一下，真的离谱，这么多东西全被拍卖，有各位书友的嘛 以后不要冒险了，有需要的话可以联系我邮寄，包税包清关，上门取件，送货到家，一路无忧。#拍卖会 #港澳物流专线 #海关扣货 #海关拍卖 #物流公司"
  },
  {
    "index": 5,
    "topic_num": 0,
    "topic_keywords": [
      "国际物流",
      "海关",
      "跨境",
      "巧妙申报降低查验风险",
      "文件",
      "跨境电商",
      "跨境物流",
      "国际海运",
      "海关扣货",
      "kg"
    ],
    "goods": [
      "二手",
      "洋垃圾",
      "快递",
      "记录",
      "故犯",
      "海关",
      "行政处罚",
      "一辈子",
      "z审",
      "概率",
      "惯犯",
      "快递",
      "二手洋垃圾",
      "声明",
      "物品",
      "税金",
      "情况",
      "货物",
      "货值",
      "海关",
      "商业",
      "产品",
      "国际",
      "行李",
      "问题",
      "留学生"
    ],
    "content": "二手表示涉嫌洋垃圾，不建议寄快递。你被扣货了就会有个记录，自己带出去再回来，如果被逮到，明知故犯，海关可以处罚你，不要拿行政处罚开玩笑。享受一辈子，影响z审，让别人带被抓大概率惯犯没收，自己出去寄快递回来二手洋垃圾退运。 特别声明所有物品都需要交税，只是税金低于50元就免收了，其他情况都需要交的。所有货物都不会直接被退运的，如果货值超过1000元，海关会要求您去商业正式报关就可以了，如果您不愿意或者产品无法商议报关，那就只能退运了。 \t 有国际扣包裹行李问题，这里留言，看到都回复解答，大家过关顺利。#机场扣包裹 #机场扣货 #机场海关 #机场退运 #留学生"
  },
  {
    "index": 6,
    "topic_num": -1,
    "topic_keywords": [
      "10",
      "250",
      "3万",
      "50",
      "一只包",
      "购变成",
      "把税率",
      "案情",
      "我连夜整理了这份走私罪极简手册",
      "批捕再争取缓刑或不起诉"
    ],
    "goods": [
      "包包",
      "时",
      "海关",
      "prada",
      "玩意",
      "大袋子",
      "东西",
      "包包",
      "海关",
      "保护费",
      "三个月",
      "机票",
      "海关",
      "货"
    ],
    "content": "我的包包入境时被海关扣了咋办？ \t 我在韩国买了个prada，由于买了太多乱七八糟的玩意（不值钱），所以一个大袋子就把所有东西放一起，包括包包，海关抓到让交20%保护费，我没给，现在走退运，说三个月内凭出境机票拿，真的烦死，我能拿完直接入境吗？ \t #海关扣货 #出入境限制出境 #奢侈品入境 #海关扣货取回"
  },
  {
    "index": 7,
    "topic_num": 0,
    "topic_keywords": [
      "国际物流",
      "海关",
      "跨境",
      "巧妙申报降低查验风险",
      "文件",
      "跨境电商",
      "跨境物流",
      "国际海运",
      "海关扣货",
      "kg"
    ],
    "goods": [
      "海关",
      "小伙伴",
      "私信",
      "包裹",
      "时",
      "海关",
      "问题",
      "攻略",
      "海关",
      "货",
      "情况",
      "海关",
      "货",
      "👀",
      "原因",
      "价值",
      "货物",
      "比如",
      "知识产权",
      "问题",
      "税收",
      "需求",
      "货",
      "原因",
      "问题",
      "物品",
      "任务",
      "海关",
      "📢",
      "海关",
      "部门",
      "原因",
      "问题",
      "态度",
      "文件",
      "商业",
      "发票",
      "合同",
      "货物",
      "清单",
      "物品",
      "税收",
      "问题",
      "✅",
      "海关",
      "指示",
      "关税",
      "增值税",
      "税费",
      "情况",
      "律师",
      "建议",
      "效率",
      "物品",
      "海关",
      "时",
      "关键",
      "💪",
      "经历",
      "❔",
      "经验",
      "疑问",
      "🌟"
    ],
    "content": "海关扣货了怎么办？ 最近有小伙伴私信我，说他们的包裹在过关时被海关扣了，顿时感觉手足无措。为了帮大家顺利解决这一问题，今天来分享一份超实用攻略，一起来看看怎么应对海关扣货的情况吧‼️ . 1⃣首先得明白，海关为什么会扣货。👀通常，原因不外乎申报价值不符、货物违规（比如涉及知识产权问题）、税收未缴或不足、安全检查需求等。了解清楚扣货的原因，是解决问题的第一步。 . 2⃣ 一旦得知物品被扣，首要任务是及时与海关沟通。📢迅速联系相关海关部门，诚恳且积极地询问具体原因，并表达出我们配合解决问题的态度。 . 3⃣文件❕文件❕还是文件❕❕📃核对并准备好所有必要的文件，如相关的商业发票、合同、货物清单等，确保它们与实际物品完全吻合，无缝对接。 . 4⃣若是税收问题，那请尽快完税。✅根据海关指示缴纳应征的关税、增值税等税费。 #进出口报关 #外贸知识 #国际物流 . 5⃣如果情况复杂，不妨考虑请教专业代理或律师。 🔖他们能提供专业的建议和帮助，让你少走弯路，提高效率。 . 所以，遇到物品被海关扣货时，不要过于焦虑，保持冷静，有序应对才是关键。💪 你有过类似的经历吗❔欢迎留言分享你的应对经验或疑问~🌟"
  },
  {
    "index": 8,
    "topic_num": 0,
    "topic_keywords": [
      "国际物流",
      "海关",
      "跨境",
      "巧妙申报降低查验风险",
      "文件",
      "跨境电商",
      "跨境物流",
      "国际海运",
      "海关扣货",
      "kg"
    ],
    "goods": [
      "海关"
    ],
    "content": "#物流知识 #关务知识 #跨境电商 #跨境 #跨境人 #跨境 #海关 #海关扣押 #海关处罚"
  },
  {
    "index": 9,
    "topic_num": 1,
    "topic_keywords": [
      "加拿大海运",
      "你们所谓的靠谱那都是建立在成本之上",
      "因为这些数量绝对不可能是一个两个集运公司的货",
      "因为收货人只有一个",
      "把众多集运商和cbsa全都忽悠了",
      "加拿大物流",
      "当时就有集运商拿着扣货单找清关公司要货",
      "cbsa官员那边也聊了",
      "集运",
      "要是赚不了几个钱谁能靠谱"
    ],
    "goods": [
      "CBSA",
      "官员",
      "收货人",
      "人",
      "详情",
      "主页",
      "事情",
      "集运商",
      "货单",
      "清关公司",
      "货",
      "清关公司",
      "地址",
      "集运商",
      "CBSA",
      "集运商",
      "成本",
      "清关公司",
      "公司",
      "受害者",
      "数量",
      "集运公司",
      "货",
      "集运公司",
      "广告",
      "成本",
      "钱"
    ],
    "content": "说实话现在年底了，CBSA官员那边也聊了，但还是没有希望能拿回来，因为收货人只有一个，但是这人完完全全玩失踪了。具体详情可以看主页置顶。 事情是五月份发生的，当时就有集运商拿着扣货单找清关公司要货，谁知道清关公司给了个假地址，把众多集运商和CBSA全都忽悠了，但我也很好奇集运商难道真的为了成本从来不考虑一下清关公司是否真的是正经公司？还是希望能找到越来越多的受害者，因为这些数量绝对不可能是一个两个集运公司的货（也麻烦各位集运公司别在下面打广告了，你们所谓的靠谱那都是建立在成本之上，要是赚不了几个钱谁能靠谱？）#海运 #加拿大海运 #加拿大物流 #集运 #国际快递"
  },
  {
    "index": 10,
    "topic_num": 0,
    "topic_keywords": [
      "国际物流",
      "海关",
      "跨境",
      "巧妙申报降低查验风险",
      "文件",
      "跨境电商",
      "跨境物流",
      "国际海运",
      "海关扣货",
      "kg"
    ],
    "goods": [
      "物品",
      "时候",
      "小麻烦",
      "票",
      " ✅",
      "货物",
      "货物",
      "货物",
      "国际",
      "物流",
      "干货",
      "丝信华小创",
      "超大件"
    ],
    "content": "有时候物品寄海外时候不免遇到一些小麻烦，看完这票就懂怎么挽救了！ ✅货物为什么会被扣关？ ✅货物还能拿回来吗？ ✅怎么避免货物被扣？ - 想了解国际物流更多干货，可以点👍🏻➕关㊗，丝信华小创获取更多知识#跨境物流 #国际物流 #国际海运 #国际快递 #华创国际物流 #海外仓 #跨境电商 #跨境物流 #美国海运 #美国海运超大件"
  },
  {
    "index": 11,
    "topic_num": 0,
    "topic_keywords": [
      "国际物流",
      "海关",
      "跨境",
      "巧妙申报降低查验风险",
      "文件",
      "跨境电商",
      "跨境物流",
      "国际海运",
      "海关扣货",
      "kg"
    ],
    "goods": [
      "海关",
      "小伙伴",
      "私信",
      "包裹",
      "时",
      "海关",
      "问题",
      "攻略",
      "海关",
      "货",
      "情况",
      "海关",
      "货",
      "👀",
      "原因",
      "价值",
      "货物",
      "比如",
      "知识产权",
      "问题",
      "税收",
      "需求",
      "货",
      "原因",
      "问题",
      "物品",
      "任务",
      "海关",
      "📢",
      "海关",
      "部门",
      "原因",
      "问题",
      "态度",
      "文件",
      "商业",
      "发票",
      "合同",
      "货物",
      "清单",
      "物品",
      "税收",
      "问题",
      "✅",
      "海关",
      "指示",
      "关税",
      "增值税",
      "税费",
      "情况",
      "律师",
      "建议",
      "效率",
      "物品",
      "海关",
      "时",
      "关键",
      "💪",
      "经历",
      "❔",
      "经验",
      "疑问",
      "🌟"
    ],
    "content": "海关扣货了怎么办？ 最近有小伙伴私信我，说他们的包裹在过关时被海关扣了，顿时感觉手足无措。为了帮大家顺利解决这一问题，今天来分享一份超实用攻略，一起来看看怎么应对海关扣货的情况吧‼️ . 1⃣首先得明白，海关为什么会扣货。👀通常，原因不外乎申报价值不符、货物违规（比如涉及知识产权问题）、税收未缴或不足、安全检查需求等。了解清楚扣货的原因，是解决问题的第一步。 . 2⃣ 一旦得知物品被扣，首要任务是及时与海关沟通。📢迅速联系相关海关部门，诚恳且积极地询问具体原因，并表达出我们配合解决问题的态度。 . 3⃣文件❕文件❕还是文件❕❕📃核对并准备好所有必要的文件，如相关的商业发票、合同、货物清单等，确保它们与实际物品完全吻合，无缝对接。 . 4⃣若是税收问题，那请尽快完税。✅根据海关指示缴纳应征的关税、增值税等税费。 #进出口报关 #外贸知识 #国际物流 . 5⃣如果情况复杂，不妨考虑请教专业代理或律师。 🔖他们能提供专业的建议和帮助，让你少走弯路，提高效率。 . 所以，遇到物品被海关扣货时，不要过于焦虑，保持冷静，有序应对才是关键。💪 你有过类似的经历吗❔欢迎留言分享你的应对经验或疑问~🌟"
  },
  {
    "index": 12,
    "topic_num": 0,
    "topic_keywords": [
      "国际物流",
      "海关",
      "跨境",
      "巧妙申报降低查验风险",
      "文件",
      "跨境电商",
      "跨境物流",
      "国际海运",
      "海关扣货",
      "kg"
    ],
    "goods": [
      "海关"
    ],
    "content": "#物流知识 #关务知识 #跨境电商 #跨境 #跨境人 #跨境 #海关 #海关扣押 #海关处罚"
  },
  {
    "index": 13,
    "topic_num": -1,
    "topic_keywords": [
      "10",
      "250",
      "3万",
      "50",
      "一只包",
      "购变成",
      "把税率",
      "案情",
      "我连夜整理了这份走私罪极简手册",
      "批捕再争取缓刑或不起诉"
    ],
    "goods": [
      "爱马仕包",
      "嫌疑人",
      "闺蜜",
      "语音",
      "客人",
      "爱马仕",
      "海关",
      "包价",
      "税",
      "结果",
      "线",
      "小时",
      "通知书",
      "爸妈",
      "一只包",
      "货物案",
      "经历",
      "手册",
      "姐妹们",
      "坑",
      "大片",
      "海关",
      "行为",
      "行李箱",
      "夹带",
      "快递",
      "包税",
      "人肉",
      "货",
      "运禁品",
      "刑",
      "友情",
      "一只包",
      "酒",
      "化妆品",
      "金额",
      "场景",
      "低报价格",
      "小票",
      "结果",
      "海关",
      "官网价",
      "货保税仓",
      "货",
      "税",
      "水客",
      "蚂蚁",
      "带",
      "口红",
      "金额",
      "朋友",
      "圈",
      "电子烟",
      "型号",
      "金额",
      "礼品",
      "海关",
      "记录",
      "黄金",
      "天",
      "命运",
      "律师",
      "税额",
      "角色",
      "货主",
      "货",
      "核税",
      "税率",
      "汇率",
      "金额",
      "税款",
      "人",
      "家属",
      "订单",
      "空白",
      "笔录",
      "海关",
      "走私案",
      "律师",
      "家人",
      "区",
      "城市+",
      "案情",
      "👈👈 ",
      "案件",
      "正道",
      "法律",
      "法律"
    ],
    "content": "一只爱马仕包，代.购变成“走私嫌疑人” \t 上周，收到闺蜜的语音：“我就帮客人带了一只爱马仕，海关怎么把我扣了？！ 原来，她把包价从8万“写成”3万，想省点税，结果现场被开箱。 8万→3万，恰好踩过立案线。 24小时不到，刑事拘留通知书到她爸妈手里。一只包，让她从代.购变成“走私普通货物案”嫌疑人。 \t 看完她的经历，我连夜整理了这份走私罪极简手册，姐妹们转发收藏，别再踩坑！ \t 1️⃣ 走私罪 ≠ 海上大片 任何逃避海关监管的行为都算：行李箱夹带、快递低报、包税通关、人肉带货……只要逃税或运禁品，都可能入刑。 \t 2️⃣ 红线金额记牢 • 普通货物逃税 ≥ 10 万：刑事立案 • 50 万以下：3 年以下 • 50–250 万：3–10 年 • ≥ 250 万：10 年起跳 （友情提示：一只包、一瓶酒、一箱化妆品，金额凑一凑就破 10 万！） \t 3️⃣ 容易踩雷的 5 个场景 • 代.购低报价格：把小票藏起来，结果海关现场联网查官网价 • 直播带货保税仓：货没补税就卖，秒变走私 • “水客”蚂蚁搬家：一次带 10 支口红，累计金额照样算 • 朋友.圈卖电子烟：很多型号属限制进出口，金额不大也立案 • 快递写“礼品”：海关抽查发现真实购买记录，直接扣件 \t 4️⃣ 被带走怎么办？黄金 37 天决定命运 1、律师会见：问清涉案税额、角色（货主？带货？） 2、重新核税：把税率、归类、汇率逐一核对，金额也许能减少 3、递交取保：退补税款+认罪认罚，先把人放出来 4、不批捕就回家，批捕再争取缓刑或不起诉 \t 5️⃣ 家属应该怎么办 ✅ 保存所有订单、付款、聊天截图 ✅ 别签空白笔录，海关问什么答什么，不猜测 ✅ 立刻联系专做走私案的刑辩律师，越早介入越省钱 \t 如果你或家人正因为涉嫌走私被调查 👉👉斯信或者评论区留“城市+案情”👈👈 我帮你对接当地最熟悉走私案件的律师 \t #遵纪守法才是正道 #法律面前人人平等 #看守所 #案件 #刑事会见 #坚决打击犯罪 #法律的力量 #刑事 #海关 #代购"
  },
  {
    "index": 14,
    "topic_num": 0,
    "topic_keywords": [
      "国际物流",
      "海关",
      "跨境",
      "巧妙申报降低查验风险",
      "文件",
      "跨境电商",
      "跨境物流",
      "国际海运",
      "海关扣货",
      "kg"
    ],
    "goods": [
      "海关",
      "货",
      "物流",
      "人",
      "话",
      "空运",
      "货",
      "运费",
      "货",
      "事",
      "货",
      "运费",
      "国家",
      "家",
      "心情",
      "  ",
      "想法"
    ],
    "content": "最近海关扣货很多。作为一个物流人，说句公道话。 我们是:空运扣货:退运费再加40/kg，扣货这个大家都亏，没办法的事，只是扣货了，我们也退运费给你，然后理赔40/kg。还白忙活。     海运是每个国家理赔都不一样。反正大家都相互理解一下各自的心情。  一损俱损 一荣俱荣。一损皆损，一荣皆荣。#有想法轻松发 #国际转运 #留学生辅导 #留学生求职 #留学生转运 #转运 #海关扣货 #避雷"
  },
  {
    "index": 15,
    "topic_num": 1,
    "topic_keywords": [
      "加拿大海运",
      "你们所谓的靠谱那都是建立在成本之上",
      "因为这些数量绝对不可能是一个两个集运公司的货",
      "因为收货人只有一个",
      "把众多集运商和cbsa全都忽悠了",
      "加拿大物流",
      "当时就有集运商拿着扣货单找清关公司要货",
      "cbsa官员那边也聊了",
      "集运",
      "要是赚不了几个钱谁能靠谱"
    ],
    "goods": [
      "男子",
      "快递员",
      "男子",
      "快递公司",
      "快递员",
      "法院"
    ],
    "content": "福建一男子保价100万邮38万金条，竟被快递员偷走，男子要求赔偿100万，快递公司：100万不能给你，去找快递员要，法院判了！ ﻿#律师﻿ ﻿#法律咨询﻿ ﻿#律师咨询﻿ ﻿#法律服务﻿ ﻿#北京律师﻿ ﻿#快递﻿ ﻿#快递纠纷﻿ ﻿#贵重物品邮寄﻿ ﻿#快递丢失﻿ ﻿#丢快递﻿"
  },
  {
    "index": 16,
    "topic_num": 0,
    "topic_keywords": [
      "国际物流",
      "海关",
      "跨境",
      "巧妙申报降低查验风险",
      "文件",
      "跨境电商",
      "跨境物流",
      "国际海运",
      "海关扣货",
      "kg"
    ],
    "goods": [
      "我的包",
      "济南海关",
      "消息",
      "海关",
      "情况",
      "流程",
      "海关",
      "货"
    ],
    "content": "我的包……从25年1月被扣济南海关后到4月终于有了消息…… 现在正在处理 有人知道海关处理这种情况流程需要多久吗 #海关扣货"
  },
  {
    "index": 17,
    "topic_num": 0,
    "topic_keywords": [
      "国际物流",
      "海关",
      "跨境",
      "巧妙申报降低查验风险",
      "文件",
      "跨境电商",
      "跨境物流",
      "国际海运",
      "海关扣货",
      "kg"
    ],
    "goods": [
      "货物",
      "共性",
      "文件",
      "原因",
      "发票",
      "装箱单",
      "原产地证书",
      "文件",
      "目的地",
      "国家",
      "jin",
      "物品",
      "物品",
      "敏敏品",
      "⚠️",
      "华人",
      "物品",
      "液体",
      "粉末",
      "食品",
      "品",
      "货币",
      "烟草",
      "酒精",
      "电池",
      "种子",
      "敏感品",
      "范畴",
      "国家",
      "物品",
      "标准",
      "海运",
      "专业",
      "顾问",
      "包装",
      "细节",
      "商品",
      "价值",
      "价值",
      "包装",
      "货物",
      "标准",
      "要求",
      "可能",
      "家具",
      "诀窍",
      "TIPS1",
      "方式",
      "TIPS2",
      "风险",
      "TIPS3",
      "TIPS1",
      "方式",
      "私人",
      "物品",
      "概率",
      "集装箱",
      "衣服",
      "包包",
      "厨具",
      "地毯",
      "高尔夫球",
      "家具",
      "物品",
      "茶叶",
      "液体",
      "化妆品",
      "敏感品",
      "查验率",
      "贸易运输",
      "集装箱",
      "衣服",
      "茶叶",
      "瓷砖",
      "货物",
      "海关",
      "TIPS2",
      "风险",
      "物品",
      "时",
      "字眼",
      "电动按摩椅",
      "菜🔪",
      "牛皮",
      "沙发",
      "敏感品",
      "物品",
      "品名",
      "椅",
      "沙发",
      "厨具",
      "可能",
      "TIPS3",
      "风险",
      "家具",
      "量",
      "整柜",
      "柜",
      "敏感品",
      "物品",
      "柜",
      "码头",
      "公司",
      "专人",
      "货柜",
      "敏感品",
      "安全性",
      "货物",
      "货代",
      "律师",
      "事儿",
      "经历"
    ],
    "content": "😭 为什么你的货物总是“不幸”被扣？经过调查，发现了以下几个共性： - 1.文件不齐 📄 - 这是最常见的原因。确保你的发票、装箱单、原产地证书等文件齐全且准确无误。 - 2.违jin品 🔒 - 一定要了解目的地国家的进口限制，避免运输违jin或受限物品。 - ⚠️那哪些物品是敏敏品呢？⚠️98%海外华人不知道这些物品不能海运！⚠️ - 【🔔海运避坑指南】海运敏感品清单 - 👉🏻液体、粉末、食品、品、货币、烟草、酒精、电池、种子等都属于敏感品范畴。 - 👉🏻当然，在不同国家对于这些物品的清关标准可能有所不同。 - 👉🏻所以海运前，务必与专业顾问沟通，了解申报和包装的细节，以免引发不必要的查验和麻烦。 - 3.价值申报不符 💰 - 如果实际商品价值与申报的价值不符，很可能导致额外检查。 - 4.包装不当 📦 - 不恰当的包装可能会引起怀疑，确保所有货物都符合标准要求。 - 5.随机抽查 🎲 - 即使你一切都做得很好，也有可能被随机抽查哦！ - 【拼箱海运家具小诀窍】 - 🌟TIPS1、合理选择运输方式 - 🌟TIPS2、巧妙申报降低查验风险 - 🌟TIPS3、选择靠谱的拼箱安排 - ✅TIPS1、合理选择运输方式 - ◇选择私人物品运输可以大大降低被查验的概率。集装箱里有衣服包包，厨具，地毯，高尔夫球，家具几百种物品，就算带上茶叶，液体化妆品等敏感品，查验率也较低; - ◇如果贸易运输，集装箱中装满一箱衣服或茶叶，混杂瓷砖等货物，可能会引起海关的注意 - ✅TIPS2、巧妙申报降低查验风险 - ◇在物品申报时，应避免使用敏感字眼，如将电动按摩椅、菜🔪，牛皮沙发等敏感品，改成一般物品的品名如按摩椅、沙发、厨具等，这样可以降低被查验的可能 - ✅TIPS3、巧妙申报降低查验风险 - ◇如果家具量足够多，建议选择整柜运输，避免被同柜敏感品影响。 即使物品不足以整柜运输，也切勿选择在码头拼箱。要选择靠谱的海运公司，要求内部拼箱服务，专人会对货柜的敏感品进行细心审查，来提高出运安全性 - 如果你的货物不幸被扣，不要慌，及时联系货代或者律师寻求帮助吧！💪 - 最后，希望大家都能够顺利发货，避免这些麻烦事儿。如果你们也有类似的经历，欢迎留言分享哦！💬 #宜邦家国际搬家  #海运  #海关  #海关被扣  #海运家具  #国际物流  #海关  #海运敏感货  #海运澳洲   #国际搬家  #国际海运"
  },
  {
    "index": 18,
    "topic_num": 0,
    "topic_keywords": [
      "国际物流",
      "海关",
      "跨境",
      "巧妙申报降低查验风险",
      "文件",
      "跨境电商",
      "跨境物流",
      "国际海运",
      "海关扣货",
      "kg"
    ],
    "goods": [
      "海关",
      "小伙伴",
      "私信",
      "包裹",
      "时",
      "海关",
      "问题",
      "攻略",
      "海关",
      "货",
      "情况",
      "海关",
      "货",
      "👀",
      "原因",
      "价值",
      "货物",
      "比如",
      "知识产权",
      "问题",
      "税收",
      "需求",
      "货",
      "原因",
      "问题",
      "物品",
      "任务",
      "海关",
      "📢",
      "海关",
      "部门",
      "原因",
      "问题",
      "态度",
      "文件",
      "商业",
      "发票",
      "合同",
      "货物",
      "清单",
      "物品",
      "税收",
      "问题",
      "✅",
      "海关",
      "指示",
      "关税",
      "增值税",
      "税费",
      "情况",
      "律师",
      "建议",
      "效率",
      "物品",
      "海关",
      "时",
      "关键",
      "💪",
      "经历",
      "❔",
      "经验",
      "疑问",
      "🌟"
    ],
    "content": "海关扣货了怎么办？ 最近有小伙伴私信我，说他们的包裹在过关时被海关扣了，顿时感觉手足无措。为了帮大家顺利解决这一问题，今天来分享一份超实用攻略，一起来看看怎么应对海关扣货的情况吧‼️ . 1⃣首先得明白，海关为什么会扣货。👀通常，原因不外乎申报价值不符、货物违规（比如涉及知识产权问题）、税收未缴或不足、安全检查需求等。了解清楚扣货的原因，是解决问题的第一步。 . 2⃣ 一旦得知物品被扣，首要任务是及时与海关沟通。📢迅速联系相关海关部门，诚恳且积极地询问具体原因，并表达出我们配合解决问题的态度。 . 3⃣文件❕文件❕还是文件❕❕📃核对并准备好所有必要的文件，如相关的商业发票、合同、货物清单等，确保它们与实际物品完全吻合，无缝对接。 . 4⃣若是税收问题，那请尽快完税。✅根据海关指示缴纳应征的关税、增值税等税费。 #进出口报关 #外贸知识 #国际物流 . 5⃣如果情况复杂，不妨考虑请教专业代理或律师。 🔖他们能提供专业的建议和帮助，让你少走弯路，提高效率。 . 所以，遇到物品被海关扣货时，不要过于焦虑，保持冷静，有序应对才是关键。💪 你有过类似的经历吗❔欢迎留言分享你的应对经验或疑问~🌟"
  },
  {
    "index": 19,
    "topic_num": 0,
    "topic_keywords": [
      "国际物流",
      "海关",
      "跨境",
      "巧妙申报降低查验风险",
      "文件",
      "跨境电商",
      "跨境物流",
      "国际海运",
      "海关扣货",
      "kg"
    ],
    "goods": [
      "海关"
    ],
    "content": "#物流知识 #关务知识 #跨境电商 #跨境 #跨境人 #跨境 #海关 #海关扣押 #海关处罚"
  },
  {
    "index": 20,
    "topic_num": 1,
    "topic_keywords": [
      "加拿大海运",
      "你们所谓的靠谱那都是建立在成本之上",
      "因为这些数量绝对不可能是一个两个集运公司的货",
      "因为收货人只有一个",
      "把众多集运商和cbsa全都忽悠了",
      "加拿大物流",
      "当时就有集运商拿着扣货单找清关公司要货",
      "cbsa官员那边也聊了",
      "集运",
      "要是赚不了几个钱谁能靠谱"
    ],
    "goods": [
      "CBSA",
      "官员",
      "收货人",
      "人",
      "详情",
      "主页",
      "事情",
      "集运商",
      "货单",
      "清关公司",
      "货",
      "清关公司",
      "地址",
      "集运商",
      "CBSA",
      "集运商",
      "成本",
      "清关公司",
      "公司",
      "受害者",
      "数量",
      "集运公司",
      "货",
      "集运公司",
      "广告",
      "成本",
      "钱"
    ],
    "content": "说实话现在年底了，CBSA官员那边也聊了，但还是没有希望能拿回来，因为收货人只有一个，但是这人完完全全玩失踪了。具体详情可以看主页置顶。 事情是五月份发生的，当时就有集运商拿着扣货单找清关公司要货，谁知道清关公司给了个假地址，把众多集运商和CBSA全都忽悠了，但我也很好奇集运商难道真的为了成本从来不考虑一下清关公司是否真的是正经公司？还是希望能找到越来越多的受害者，因为这些数量绝对不可能是一个两个集运公司的货（也麻烦各位集运公司别在下面打广告了，你们所谓的靠谱那都是建立在成本之上，要是赚不了几个钱谁能靠谱？）#海运 #加拿大海运 #加拿大物流 #集运 #国际快递"
  },
  {
    "index": 21,
    "topic_num": 0,
    "topic_keywords": [
      "国际物流",
      "海关",
      "跨境",
      "巧妙申报降低查验风险",
      "文件",
      "跨境电商",
      "跨境物流",
      "国际海运",
      "海关扣货",
      "kg"
    ],
    "goods": [
      "物品",
      "时候",
      "小麻烦",
      "票",
      " ✅",
      "货物",
      "货物",
      "货物",
      "国际",
      "物流",
      "干货",
      "丝信华小创",
      "超大件"
    ],
    "content": "有时候物品寄海外时候不免遇到一些小麻烦，看完这票就懂怎么挽救了！ ✅货物为什么会被扣关？ ✅货物还能拿回来吗？ ✅怎么避免货物被扣？ - 想了解国际物流更多干货，可以点👍🏻➕关㊗，丝信华小创获取更多知识#跨境物流 #国际物流 #国际海运 #国际快递 #华创国际物流 #海外仓 #跨境电商 #跨境物流 #美国海运 #美国海运超大件"
  },
  {
    "index": 22,
    "topic_num": -1,
    "topic_keywords": [
      "10",
      "250",
      "3万",
      "50",
      "一只包",
      "购变成",
      "把税率",
      "案情",
      "我连夜整理了这份走私罪极简手册",
      "批捕再争取缓刑或不起诉"
    ],
    "goods": [
      "爱马仕包",
      "嫌疑人",
      "闺蜜",
      "语音",
      "客人",
      "爱马仕",
      "海关",
      "包价",
      "税",
      "结果",
      "线",
      "小时",
      "通知书",
      "爸妈",
      "一只包",
      "货物案",
      "经历",
      "手册",
      "姐妹们",
      "坑",
      "大片",
      "海关",
      "行为",
      "行李箱",
      "夹带",
      "快递",
      "包税",
      "人肉",
      "货",
      "运禁品",
      "刑",
      "友情",
      "一只包",
      "酒",
      "化妆品",
      "金额",
      "场景",
      "低报价格",
      "小票",
      "结果",
      "海关",
      "官网价",
      "货保税仓",
      "货",
      "税",
      "水客",
      "蚂蚁",
      "带",
      "口红",
      "金额",
      "朋友",
      "圈",
      "电子烟",
      "型号",
      "金额",
      "礼品",
      "海关",
      "记录",
      "黄金",
      "天",
      "命运",
      "律师",
      "税额",
      "角色",
      "货主",
      "货",
      "核税",
      "税率",
      "汇率",
      "金额",
      "税款",
      "人",
      "家属",
      "订单",
      "空白",
      "笔录",
      "海关",
      "走私案",
      "律师",
      "家人",
      "区",
      "城市+",
      "案情",
      "👈👈 ",
      "案件",
      "正道",
      "法律",
      "法律"
    ],
    "content": "一只爱马仕包，代.购变成“走私嫌疑人” \t 上周，收到闺蜜的语音：“我就帮客人带了一只爱马仕，海关怎么把我扣了？！ 原来，她把包价从8万“写成”3万，想省点税，结果现场被开箱。 8万→3万，恰好踩过立案线。 24小时不到，刑事拘留通知书到她爸妈手里。一只包，让她从代.购变成“走私普通货物案”嫌疑人。 \t 看完她的经历，我连夜整理了这份走私罪极简手册，姐妹们转发收藏，别再踩坑！ \t 1️⃣ 走私罪 ≠ 海上大片 任何逃避海关监管的行为都算：行李箱夹带、快递低报、包税通关、人肉带货……只要逃税或运禁品，都可能入刑。 \t 2️⃣ 红线金额记牢 • 普通货物逃税 ≥ 10 万：刑事立案 • 50 万以下：3 年以下 • 50–250 万：3–10 年 • ≥ 250 万：10 年起跳 （友情提示：一只包、一瓶酒、一箱化妆品，金额凑一凑就破 10 万！） \t 3️⃣ 容易踩雷的 5 个场景 • 代.购低报价格：把小票藏起来，结果海关现场联网查官网价 • 直播带货保税仓：货没补税就卖，秒变走私 • “水客”蚂蚁搬家：一次带 10 支口红，累计金额照样算 • 朋友.圈卖电子烟：很多型号属限制进出口，金额不大也立案 • 快递写“礼品”：海关抽查发现真实购买记录，直接扣件 \t 4️⃣ 被带走怎么办？黄金 37 天决定命运 1、律师会见：问清涉案税额、角色（货主？带货？） 2、重新核税：把税率、归类、汇率逐一核对，金额也许能减少 3、递交取保：退补税款+认罪认罚，先把人放出来 4、不批捕就回家，批捕再争取缓刑或不起诉 \t 5️⃣ 家属应该怎么办 ✅ 保存所有订单、付款、聊天截图 ✅ 别签空白笔录，海关问什么答什么，不猜测 ✅ 立刻联系专做走私案的刑辩律师，越早介入越省钱 \t 如果你或家人正因为涉嫌走私被调查 👉👉斯信或者评论区留“城市+案情”👈👈 我帮你对接当地最熟悉走私案件的律师 \t #遵纪守法才是正道 #法律面前人人平等 #看守所 #案件 #刑事会见 #坚决打击犯罪 #法律的力量 #刑事 #海关 #代购"
  },
  {
    "index": 23,
    "topic_num": 0,
    "topic_keywords": [
      "国际物流",
      "海关",
      "跨境",
      "巧妙申报降低查验风险",
      "文件",
      "跨境电商",
      "跨境物流",
      "国际海运",
      "海关扣货",
      "kg"
    ],
    "goods": [
      "海关",
      "货",
      "物流",
      "人",
      "话",
      "空运",
      "货",
      "运费",
      "货",
      "事",
      "货",
      "运费",
      "国家",
      "家",
      "心情",
      "  ",
      "想法"
    ],
    "content": "最近海关扣货很多。作为一个物流人，说句公道话。 我们是:空运扣货:退运费再加40/kg，扣货这个大家都亏，没办法的事，只是扣货了，我们也退运费给你，然后理赔40/kg。还白忙活。     海运是每个国家理赔都不一样。反正大家都相互理解一下各自的心情。  一损俱损 一荣俱荣。一损皆损，一荣皆荣。#有想法轻松发 #国际转运 #留学生辅导 #留学生求职 #留学生转运 #转运 #海关扣货 #避雷"
  },
  {
    "index": 24,
    "topic_num": 1,
    "topic_keywords": [
      "加拿大海运",
      "你们所谓的靠谱那都是建立在成本之上",
      "因为这些数量绝对不可能是一个两个集运公司的货",
      "因为收货人只有一个",
      "把众多集运商和cbsa全都忽悠了",
      "加拿大物流",
      "当时就有集运商拿着扣货单找清关公司要货",
      "cbsa官员那边也聊了",
      "集运",
      "要是赚不了几个钱谁能靠谱"
    ],
    "goods": [
      "男子",
      "快递员",
      "男子",
      "快递公司",
      "快递员",
      "法院"
    ],
    "content": "福建一男子保价100万邮38万金条，竟被快递员偷走，男子要求赔偿100万，快递公司：100万不能给你，去找快递员要，法院判了！ ﻿#律师﻿ ﻿#法律咨询﻿ ﻿#律师咨询﻿ ﻿#法律服务﻿ ﻿#北京律师﻿ ﻿#快递﻿ ﻿#快递纠纷﻿ ﻿#贵重物品邮寄﻿ ﻿#快递丢失﻿ ﻿#丢快递﻿"
  },
  {
    "index": 25,
    "topic_num": 0,
    "topic_keywords": [
      "国际物流",
      "海关",
      "跨境",
      "巧妙申报降低查验风险",
      "文件",
      "跨境电商",
      "跨境物流",
      "国际海运",
      "海关扣货",
      "kg"
    ],
    "goods": [
      "我的包",
      "济南海关",
      "消息",
      "海关",
      "情况",
      "流程",
      "海关",
      "货"
    ],
    "content": "我的包……从25年1月被扣济南海关后到4月终于有了消息…… 现在正在处理 有人知道海关处理这种情况流程需要多久吗 #海关扣货"
  },
  {
    "index": 26,
    "topic_num": 0,
    "topic_keywords": [
      "国际物流",
      "海关",
      "跨境",
      "巧妙申报降低查验风险",
      "文件",
      "跨境电商",
      "跨境物流",
      "国际海运",
      "海关扣货",
      "kg"
    ],
    "goods": [
      "货物",
      "共性",
      "文件",
      "原因",
      "发票",
      "装箱单",
      "原产地证书",
      "文件",
      "目的地",
      "国家",
      "jin",
      "物品",
      "物品",
      "敏敏品",
      "⚠️",
      "华人",
      "物品",
      "液体",
      "粉末",
      "食品",
      "品",
      "货币",
      "烟草",
      "酒精",
      "电池",
      "种子",
      "敏感品",
      "范畴",
      "国家",
      "物品",
      "标准",
      "海运",
      "专业",
      "顾问",
      "包装",
      "细节",
      "商品",
      "价值",
      "价值",
      "包装",
      "货物",
      "标准",
      "要求",
      "可能",
      "家具",
      "诀窍",
      "TIPS1",
      "方式",
      "TIPS2",
      "风险",
      "TIPS3",
      "TIPS1",
      "方式",
      "私人",
      "物品",
      "概率",
      "集装箱",
      "衣服",
      "包包",
      "厨具",
      "地毯",
      "高尔夫球",
      "家具",
      "物品",
      "茶叶",
      "液体",
      "化妆品",
      "敏感品",
      "查验率",
      "贸易运输",
      "集装箱",
      "衣服",
      "茶叶",
      "瓷砖",
      "货物",
      "海关",
      "TIPS2",
      "风险",
      "物品",
      "时",
      "字眼",
      "电动按摩椅",
      "菜🔪",
      "牛皮",
      "沙发",
      "敏感品",
      "物品",
      "品名",
      "椅",
      "沙发",
      "厨具",
      "可能",
      "TIPS3",
      "风险",
      "家具",
      "量",
      "整柜",
      "柜",
      "敏感品",
      "物品",
      "柜",
      "码头",
      "公司",
      "专人",
      "货柜",
      "敏感品",
      "安全性",
      "货物",
      "货代",
      "律师",
      "事儿",
      "经历"
    ],
    "content": "😭 为什么你的货物总是“不幸”被扣？经过调查，发现了以下几个共性： - 1.文件不齐 📄 - 这是最常见的原因。确保你的发票、装箱单、原产地证书等文件齐全且准确无误。 - 2.违jin品 🔒 - 一定要了解目的地国家的进口限制，避免运输违jin或受限物品。 - ⚠️那哪些物品是敏敏品呢？⚠️98%海外华人不知道这些物品不能海运！⚠️ - 【🔔海运避坑指南】海运敏感品清单 - 👉🏻液体、粉末、食品、品、货币、烟草、酒精、电池、种子等都属于敏感品范畴。 - 👉🏻当然，在不同国家对于这些物品的清关标准可能有所不同。 - 👉🏻所以海运前，务必与专业顾问沟通，了解申报和包装的细节，以免引发不必要的查验和麻烦。 - 3.价值申报不符 💰 - 如果实际商品价值与申报的价值不符，很可能导致额外检查。 - 4.包装不当 📦 - 不恰当的包装可能会引起怀疑，确保所有货物都符合标准要求。 - 5.随机抽查 🎲 - 即使你一切都做得很好，也有可能被随机抽查哦！ - 【拼箱海运家具小诀窍】 - 🌟TIPS1、合理选择运输方式 - 🌟TIPS2、巧妙申报降低查验风险 - 🌟TIPS3、选择靠谱的拼箱安排 - ✅TIPS1、合理选择运输方式 - ◇选择私人物品运输可以大大降低被查验的概率。集装箱里有衣服包包，厨具，地毯，高尔夫球，家具几百种物品，就算带上茶叶，液体化妆品等敏感品，查验率也较低; - ◇如果贸易运输，集装箱中装满一箱衣服或茶叶，混杂瓷砖等货物，可能会引起海关的注意 - ✅TIPS2、巧妙申报降低查验风险 - ◇在物品申报时，应避免使用敏感字眼，如将电动按摩椅、菜🔪，牛皮沙发等敏感品，改成一般物品的品名如按摩椅、沙发、厨具等，这样可以降低被查验的可能 - ✅TIPS3、巧妙申报降低查验风险 - ◇如果家具量足够多，建议选择整柜运输，避免被同柜敏感品影响。 即使物品不足以整柜运输，也切勿选择在码头拼箱。要选择靠谱的海运公司，要求内部拼箱服务，专人会对货柜的敏感品进行细心审查，来提高出运安全性 - 如果你的货物不幸被扣，不要慌，及时联系货代或者律师寻求帮助吧！💪 - 最后，希望大家都能够顺利发货，避免这些麻烦事儿。如果你们也有类似的经历，欢迎留言分享哦！💬 #宜邦家国际搬家  #海运  #海关  #海关被扣  #海运家具  #国际物流  #海关  #海运敏感货  #海运澳洲   #国际搬家  #国际海运"
  },
  {
    "index": 27,
    "topic_num": 0,
    "topic_keywords": [
      "国际物流",
      "海关",
      "跨境",
      "巧妙申报降低查验风险",
      "文件",
      "跨境电商",
      "跨境物流",
      "国际海运",
      "海关扣货",
      "kg"
    ],
    "goods": [
      "海关",
      "小伙伴",
      "私信",
      "包裹",
      "时",
      "海关",
      "问题",
      "攻略",
      "海关",
      "货",
      "情况",
      "海关",
      "货",
      "👀",
      "原因",
      "价值",
      "货物",
      "比如",
      "知识产权",
      "问题",
      "税收",
      "需求",
      "货",
      "原因",
      "问题",
      "物品",
      "任务",
      "海关",
      "📢",
      "海关",
      "部门",
      "原因",
      "问题",
      "态度",
      "文件",
      "商业",
      "发票",
      "合同",
      "货物",
      "清单",
      "物品",
      "税收",
      "问题",
      "✅",
      "海关",
      "指示",
      "关税",
      "增值税",
      "税费",
      "情况",
      "律师",
      "建议",
      "效率",
      "物品",
      "海关",
      "时",
      "关键",
      "💪",
      "经历",
      "❔",
      "经验",
      "疑问",
      "🌟"
    ],
    "content": "海关扣货了怎么办？ 最近有小伙伴私信我，说他们的包裹在过关时被海关扣了，顿时感觉手足无措。为了帮大家顺利解决这一问题，今天来分享一份超实用攻略，一起来看看怎么应对海关扣货的情况吧‼️ . 1⃣首先得明白，海关为什么会扣货。👀通常，原因不外乎申报价值不符、货物违规（比如涉及知识产权问题）、税收未缴或不足、安全检查需求等。了解清楚扣货的原因，是解决问题的第一步。 . 2⃣ 一旦得知物品被扣，首要任务是及时与海关沟通。📢迅速联系相关海关部门，诚恳且积极地询问具体原因，并表达出我们配合解决问题的态度。 . 3⃣文件❕文件❕还是文件❕❕📃核对并准备好所有必要的文件，如相关的商业发票、合同、货物清单等，确保它们与实际物品完全吻合，无缝对接。 . 4⃣若是税收问题，那请尽快完税。✅根据海关指示缴纳应征的关税、增值税等税费。 #进出口报关 #外贸知识 #国际物流 . 5⃣如果情况复杂，不妨考虑请教专业代理或律师。 🔖他们能提供专业的建议和帮助，让你少走弯路，提高效率。 . 所以，遇到物品被海关扣货时，不要过于焦虑，保持冷静，有序应对才是关键。💪 你有过类似的经历吗❔欢迎留言分享你的应对经验或疑问~🌟"
  },
  {
    "index": 28,
    "topic_num": 0,
    "topic_keywords": [
      "国际物流",
      "海关",
      "跨境",
      "巧妙申报降低查验风险",
      "文件",
      "跨境电商",
      "跨境物流",
      "国际海运",
      "海关扣货",
      "kg"
    ],
    "goods": [
      "海关"
    ],
    "content": "#物流知识 #关务知识 #跨境电商 #跨境 #跨境人 #跨境 #海关 #海关扣押 #海关处罚"
  },
  {
    "index": 29,
    "topic_num": 1,
    "topic_keywords": [
      "加拿大海运",
      "你们所谓的靠谱那都是建立在成本之上",
      "因为这些数量绝对不可能是一个两个集运公司的货",
      "因为收货人只有一个",
      "把众多集运商和cbsa全都忽悠了",
      "加拿大物流",
      "当时就有集运商拿着扣货单找清关公司要货",
      "cbsa官员那边也聊了",
      "集运",
      "要是赚不了几个钱谁能靠谱"
    ],
    "goods": [
      "CBSA",
      "官员",
      "收货人",
      "人",
      "详情",
      "主页",
      "事情",
      "集运商",
      "货单",
      "清关公司",
      "货",
      "清关公司",
      "地址",
      "集运商",
      "CBSA",
      "集运商",
      "成本",
      "清关公司",
      "公司",
      "受害者",
      "数量",
      "集运公司",
      "货",
      "集运公司",
      "广告",
      "成本",
      "钱"
    ],
    "content": "说实话现在年底了，CBSA官员那边也聊了，但还是没有希望能拿回来，因为收货人只有一个，但是这人完完全全玩失踪了。具体详情可以看主页置顶。 事情是五月份发生的，当时就有集运商拿着扣货单找清关公司要货，谁知道清关公司给了个假地址，把众多集运商和CBSA全都忽悠了，但我也很好奇集运商难道真的为了成本从来不考虑一下清关公司是否真的是正经公司？还是希望能找到越来越多的受害者，因为这些数量绝对不可能是一个两个集运公司的货（也麻烦各位集运公司别在下面打广告了，你们所谓的靠谱那都是建立在成本之上，要是赚不了几个钱谁能靠谱？）#海运 #加拿大海运 #加拿大物流 #集运 #国际快递"
  },
  {
    "index": 30,
    "topic_num": 0,
    "topic_keywords": [
      "国际物流",
      "海关",
      "跨境",
      "巧妙申报降低查验风险",
      "文件",
      "跨境电商",
      "跨境物流",
      "国际海运",
      "海关扣货",
      "kg"
    ],
    "goods": [
      "物品",
      "时候",
      "小麻烦",
      "票",
      " ✅",
      "货物",
      "货物",
      "货物",
      "国际",
      "物流",
      "干货",
      "丝信华小创",
      "超大件"
    ],
    "content": "有时候物品寄海外时候不免遇到一些小麻烦，看完这票就懂怎么挽救了！ ✅货物为什么会被扣关？ ✅货物还能拿回来吗？ ✅怎么避免货物被扣？ - 想了解国际物流更多干货，可以点👍🏻➕关㊗，丝信华小创获取更多知识#跨境物流 #国际物流 #国际海运 #国际快递 #华创国际物流 #海外仓 #跨境电商 #跨境物流 #美国海运 #美国海运超大件"
  },
  {
    "index": 31,
    "topic_num": -1,
    "topic_keywords": [
      "10",
      "250",
      "3万",
      "50",
      "一只包",
      "购变成",
      "把税率",
      "案情",
      "我连夜整理了这份走私罪极简手册",
      "批捕再争取缓刑或不起诉"
    ],
    "goods": [
      "爱马仕包",
      "嫌疑人",
      "闺蜜",
      "语音",
      "客人",
      "爱马仕",
      "海关",
      "包价",
      "税",
      "结果",
      "线",
      "小时",
      "通知书",
      "爸妈",
      "一只包",
      "货物案",
      "经历",
      "手册",
      "姐妹们",
      "坑",
      "大片",
      "海关",
      "行为",
      "行李箱",
      "夹带",
      "快递",
      "包税",
      "人肉",
      "货",
      "运禁品",
      "刑",
      "友情",
      "一只包",
      "酒",
      "化妆品",
      "金额",
      "场景",
      "低报价格",
      "小票",
      "结果",
      "海关",
      "官网价",
      "货保税仓",
      "货",
      "税",
      "水客",
      "蚂蚁",
      "带",
      "口红",
      "金额",
      "朋友",
      "圈",
      "电子烟",
      "型号",
      "金额",
      "礼品",
      "海关",
      "记录",
      "黄金",
      "天",
      "命运",
      "律师",
      "税额",
      "角色",
      "货主",
      "货",
      "核税",
      "税率",
      "汇率",
      "金额",
      "税款",
      "人",
      "家属",
      "订单",
      "空白",
      "笔录",
      "海关",
      "走私案",
      "律师",
      "家人",
      "区",
      "城市+",
      "案情",
      "👈👈 ",
      "案件",
      "正道",
      "法律",
      "法律"
    ],
    "content": "一只爱马仕包，代.购变成“走私嫌疑人” \t 上周，收到闺蜜的语音：“我就帮客人带了一只爱马仕，海关怎么把我扣了？！ 原来，她把包价从8万“写成”3万，想省点税，结果现场被开箱。 8万→3万，恰好踩过立案线。 24小时不到，刑事拘留通知书到她爸妈手里。一只包，让她从代.购变成“走私普通货物案”嫌疑人。 \t 看完她的经历，我连夜整理了这份走私罪极简手册，姐妹们转发收藏，别再踩坑！ \t 1️⃣ 走私罪 ≠ 海上大片 任何逃避海关监管的行为都算：行李箱夹带、快递低报、包税通关、人肉带货……只要逃税或运禁品，都可能入刑。 \t 2️⃣ 红线金额记牢 • 普通货物逃税 ≥ 10 万：刑事立案 • 50 万以下：3 年以下 • 50–250 万：3–10 年 • ≥ 250 万：10 年起跳 （友情提示：一只包、一瓶酒、一箱化妆品，金额凑一凑就破 10 万！） \t 3️⃣ 容易踩雷的 5 个场景 • 代.购低报价格：把小票藏起来，结果海关现场联网查官网价 • 直播带货保税仓：货没补税就卖，秒变走私 • “水客”蚂蚁搬家：一次带 10 支口红，累计金额照样算 • 朋友.圈卖电子烟：很多型号属限制进出口，金额不大也立案 • 快递写“礼品”：海关抽查发现真实购买记录，直接扣件 \t 4️⃣ 被带走怎么办？黄金 37 天决定命运 1、律师会见：问清涉案税额、角色（货主？带货？） 2、重新核税：把税率、归类、汇率逐一核对，金额也许能减少 3、递交取保：退补税款+认罪认罚，先把人放出来 4、不批捕就回家，批捕再争取缓刑或不起诉 \t 5️⃣ 家属应该怎么办 ✅ 保存所有订单、付款、聊天截图 ✅ 别签空白笔录，海关问什么答什么，不猜测 ✅ 立刻联系专做走私案的刑辩律师，越早介入越省钱 \t 如果你或家人正因为涉嫌走私被调查 👉👉斯信或者评论区留“城市+案情”👈👈 我帮你对接当地最熟悉走私案件的律师 \t #遵纪守法才是正道 #法律面前人人平等 #看守所 #案件 #刑事会见 #坚决打击犯罪 #法律的力量 #刑事 #海关 #代购"
  },
  {
    "index": 32,
    "topic_num": 0,
    "topic_keywords": [
      "国际物流",
      "海关",
      "跨境",
      "巧妙申报降低查验风险",
      "文件",
      "跨境电商",
      "跨境物流",
      "国际海运",
      "海关扣货",
      "kg"
    ],
    "goods": [
      "海关",
      "货",
      "物流",
      "人",
      "话",
      "空运",
      "货",
      "运费",
      "货",
      "事",
      "货",
      "运费",
      "国家",
      "家",
      "心情",
      "  ",
      "想法"
    ],
    "content": "最近海关扣货很多。作为一个物流人，说句公道话。 我们是:空运扣货:退运费再加40/kg，扣货这个大家都亏，没办法的事，只是扣货了，我们也退运费给你，然后理赔40/kg。还白忙活。     海运是每个国家理赔都不一样。反正大家都相互理解一下各自的心情。  一损俱损 一荣俱荣。一损皆损，一荣皆荣。#有想法轻松发 #国际转运 #留学生辅导 #留学生求职 #留学生转运 #转运 #海关扣货 #避雷"
  },
  {
    "index": 33,
    "topic_num": 1,
    "topic_keywords": [
      "加拿大海运",
      "你们所谓的靠谱那都是建立在成本之上",
      "因为这些数量绝对不可能是一个两个集运公司的货",
      "因为收货人只有一个",
      "把众多集运商和cbsa全都忽悠了",
      "加拿大物流",
      "当时就有集运商拿着扣货单找清关公司要货",
      "cbsa官员那边也聊了",
      "集运",
      "要是赚不了几个钱谁能靠谱"
    ],
    "goods": [
      "男子",
      "快递员",
      "男子",
      "快递公司",
      "快递员",
      "法院"
    ],
    "content": "福建一男子保价100万邮38万金条，竟被快递员偷走，男子要求赔偿100万，快递公司：100万不能给你，去找快递员要，法院判了！ ﻿#律师﻿ ﻿#法律咨询﻿ ﻿#律师咨询﻿ ﻿#法律服务﻿ ﻿#北京律师﻿ ﻿#快递﻿ ﻿#快递纠纷﻿ ﻿#贵重物品邮寄﻿ ﻿#快递丢失﻿ ﻿#丢快递﻿"
  },
  {
    "index": 34,
    "topic_num": 0,
    "topic_keywords": [
      "国际物流",
      "海关",
      "跨境",
      "巧妙申报降低查验风险",
      "文件",
      "跨境电商",
      "跨境物流",
      "国际海运",
      "海关扣货",
      "kg"
    ],
    "goods": [
      "我的包",
      "济南海关",
      "消息",
      "海关",
      "情况",
      "流程",
      "海关",
      "货"
    ],
    "content": "我的包……从25年1月被扣济南海关后到4月终于有了消息…… 现在正在处理 有人知道海关处理这种情况流程需要多久吗 #海关扣货"
  },
  {
    "index": 35,
    "topic_num": 0,
    "topic_keywords": [
      "国际物流",
      "海关",
      "跨境",
      "巧妙申报降低查验风险",
      "文件",
      "跨境电商",
      "跨境物流",
      "国际海运",
      "海关扣货",
      "kg"
    ],
    "goods": [
      "货物",
      "共性",
      "文件",
      "原因",
      "发票",
      "装箱单",
      "原产地证书",
      "文件",
      "目的地",
      "国家",
      "jin",
      "物品",
      "物品",
      "敏敏品",
      "⚠️",
      "华人",
      "物品",
      "液体",
      "粉末",
      "食品",
      "品",
      "货币",
      "烟草",
      "酒精",
      "电池",
      "种子",
      "敏感品",
      "范畴",
      "国家",
      "物品",
      "标准",
      "海运",
      "专业",
      "顾问",
      "包装",
      "细节",
      "商品",
      "价值",
      "价值",
      "包装",
      "货物",
      "标准",
      "要求",
      "可能",
      "家具",
      "诀窍",
      "TIPS1",
      "方式",
      "TIPS2",
      "风险",
      "TIPS3",
      "TIPS1",
      "方式",
      "私人",
      "物品",
      "概率",
      "集装箱",
      "衣服",
      "包包",
      "厨具",
      "地毯",
      "高尔夫球",
      "家具",
      "物品",
      "茶叶",
      "液体",
      "化妆品",
      "敏感品",
      "查验率",
      "贸易运输",
      "集装箱",
      "衣服",
      "茶叶",
      "瓷砖",
      "货物",
      "海关",
      "TIPS2",
      "风险",
      "物品",
      "时",
      "字眼",
      "电动按摩椅",
      "菜🔪",
      "牛皮",
      "沙发",
      "敏感品",
      "物品",
      "品名",
      "椅",
      "沙发",
      "厨具",
      "可能",
      "TIPS3",
      "风险",
      "家具",
      "量",
      "整柜",
      "柜",
      "敏感品",
      "物品",
      "柜",
      "码头",
      "公司",
      "专人",
      "货柜",
      "敏感品",
      "安全性",
      "货物",
      "货代",
      "律师",
      "事儿",
      "经历"
    ],
    "content": "😭 为什么你的货物总是“不幸”被扣？经过调查，发现了以下几个共性： - 1.文件不齐 📄 - 这是最常见的原因。确保你的发票、装箱单、原产地证书等文件齐全且准确无误。 - 2.违jin品 🔒 - 一定要了解目的地国家的进口限制，避免运输违jin或受限物品。 - ⚠️那哪些物品是敏敏品呢？⚠️98%海外华人不知道这些物品不能海运！⚠️ - 【🔔海运避坑指南】海运敏感品清单 - 👉🏻液体、粉末、食品、品、货币、烟草、酒精、电池、种子等都属于敏感品范畴。 - 👉🏻当然，在不同国家对于这些物品的清关标准可能有所不同。 - 👉🏻所以海运前，务必与专业顾问沟通，了解申报和包装的细节，以免引发不必要的查验和麻烦。 - 3.价值申报不符 💰 - 如果实际商品价值与申报的价值不符，很可能导致额外检查。 - 4.包装不当 📦 - 不恰当的包装可能会引起怀疑，确保所有货物都符合标准要求。 - 5.随机抽查 🎲 - 即使你一切都做得很好，也有可能被随机抽查哦！ - 【拼箱海运家具小诀窍】 - 🌟TIPS1、合理选择运输方式 - 🌟TIPS2、巧妙申报降低查验风险 - 🌟TIPS3、选择靠谱的拼箱安排 - ✅TIPS1、合理选择运输方式 - ◇选择私人物品运输可以大大降低被查验的概率。集装箱里有衣服包包，厨具，地毯，高尔夫球，家具几百种物品，就算带上茶叶，液体化妆品等敏感品，查验率也较低; - ◇如果贸易运输，集装箱中装满一箱衣服或茶叶，混杂瓷砖等货物，可能会引起海关的注意 - ✅TIPS2、巧妙申报降低查验风险 - ◇在物品申报时，应避免使用敏感字眼，如将电动按摩椅、菜🔪，牛皮沙发等敏感品，改成一般物品的品名如按摩椅、沙发、厨具等，这样可以降低被查验的可能 - ✅TIPS3、巧妙申报降低查验风险 - ◇如果家具量足够多，建议选择整柜运输，避免被同柜敏感品影响。 即使物品不足以整柜运输，也切勿选择在码头拼箱。要选择靠谱的海运公司，要求内部拼箱服务，专人会对货柜的敏感品进行细心审查，来提高出运安全性 - 如果你的货物不幸被扣，不要慌，及时联系货代或者律师寻求帮助吧！💪 - 最后，希望大家都能够顺利发货，避免这些麻烦事儿。如果你们也有类似的经历，欢迎留言分享哦！💬 #宜邦家国际搬家  #海运  #海关  #海关被扣  #海运家具  #国际物流  #海关  #海运敏感货  #海运澳洲   #国际搬家  #国际海运"
  },
  {
    "index": 36,
    "topic_num": 0,
    "topic_keywords": [
      "国际物流",
      "海关",
      "跨境",
      "巧妙申报降低查验风险",
      "文件",
      "跨境电商",
      "跨境物流",
      "国际海运",
      "海关扣货",
      "kg"
    ],
    "goods": [
      "海关",
      "小伙伴",
      "私信",
      "包裹",
      "时",
      "海关",
      "问题",
      "攻略",
      "海关",
      "货",
      "情况",
      "海关",
      "货",
      "👀",
      "原因",
      "价值",
      "货物",
      "比如",
      "知识产权",
      "问题",
      "税收",
      "需求",
      "货",
      "原因",
      "问题",
      "物品",
      "任务",
      "海关",
      "📢",
      "海关",
      "部门",
      "原因",
      "问题",
      "态度",
      "文件",
      "商业",
      "发票",
      "合同",
      "货物",
      "清单",
      "物品",
      "税收",
      "问题",
      "✅",
      "海关",
      "指示",
      "关税",
      "增值税",
      "税费",
      "情况",
      "律师",
      "建议",
      "效率",
      "物品",
      "海关",
      "时",
      "关键",
      "💪",
      "经历",
      "❔",
      "经验",
      "疑问",
      "🌟"
    ],
    "content": "海关扣货了怎么办？ 最近有小伙伴私信我，说他们的包裹在过关时被海关扣了，顿时感觉手足无措。为了帮大家顺利解决这一问题，今天来分享一份超实用攻略，一起来看看怎么应对海关扣货的情况吧‼️ . 1⃣首先得明白，海关为什么会扣货。👀通常，原因不外乎申报价值不符、货物违规（比如涉及知识产权问题）、税收未缴或不足、安全检查需求等。了解清楚扣货的原因，是解决问题的第一步。 . 2⃣ 一旦得知物品被扣，首要任务是及时与海关沟通。📢迅速联系相关海关部门，诚恳且积极地询问具体原因，并表达出我们配合解决问题的态度。 . 3⃣文件❕文件❕还是文件❕❕📃核对并准备好所有必要的文件，如相关的商业发票、合同、货物清单等，确保它们与实际物品完全吻合，无缝对接。 . 4⃣若是税收问题，那请尽快完税。✅根据海关指示缴纳应征的关税、增值税等税费。 #进出口报关 #外贸知识 #国际物流 . 5⃣如果情况复杂，不妨考虑请教专业代理或律师。 🔖他们能提供专业的建议和帮助，让你少走弯路，提高效率。 . 所以，遇到物品被海关扣货时，不要过于焦虑，保持冷静，有序应对才是关键。💪 你有过类似的经历吗❔欢迎留言分享你的应对经验或疑问~🌟"
  },
  {
    "index": 37,
    "topic_num": 0,
    "topic_keywords": [
      "国际物流",
      "海关",
      "跨境",
      "巧妙申报降低查验风险",
      "文件",
      "跨境电商",
      "跨境物流",
      "国际海运",
      "海关扣货",
      "kg"
    ],
    "goods": [
      "海关"
    ],
    "content": "#物流知识 #关务知识 #跨境电商 #跨境 #跨境人 #跨境 #海关 #海关扣押 #海关处罚"
  },
  {
    "index": 38,
    "topic_num": 1,
    "topic_keywords": [
      "加拿大海运",
      "你们所谓的靠谱那都是建立在成本之上",
      "因为这些数量绝对不可能是一个两个集运公司的货",
      "因为收货人只有一个",
      "把众多集运商和cbsa全都忽悠了",
      "加拿大物流",
      "当时就有集运商拿着扣货单找清关公司要货",
      "cbsa官员那边也聊了",
      "集运",
      "要是赚不了几个钱谁能靠谱"
    ],
    "goods": [
      "CBSA",
      "官员",
      "收货人",
      "人",
      "详情",
      "主页",
      "事情",
      "集运商",
      "货单",
      "清关公司",
      "货",
      "清关公司",
      "地址",
      "集运商",
      "CBSA",
      "集运商",
      "成本",
      "清关公司",
      "公司",
      "受害者",
      "数量",
      "集运公司",
      "货",
      "集运公司",
      "广告",
      "成本",
      "钱"
    ],
    "content": "说实话现在年底了，CBSA官员那边也聊了，但还是没有希望能拿回来，因为收货人只有一个，但是这人完完全全玩失踪了。具体详情可以看主页置顶。 事情是五月份发生的，当时就有集运商拿着扣货单找清关公司要货，谁知道清关公司给了个假地址，把众多集运商和CBSA全都忽悠了，但我也很好奇集运商难道真的为了成本从来不考虑一下清关公司是否真的是正经公司？还是希望能找到越来越多的受害者，因为这些数量绝对不可能是一个两个集运公司的货（也麻烦各位集运公司别在下面打广告了，你们所谓的靠谱那都是建立在成本之上，要是赚不了几个钱谁能靠谱？）#海运 #加拿大海运 #加拿大物流 #集运 #国际快递"
  },
  {
    "index": 39,
    "topic_num": 0,
    "topic_keywords": [
      "国际物流",
      "海关",
      "跨境",
      "巧妙申报降低查验风险",
      "文件",
      "跨境电商",
      "跨境物流",
      "国际海运",
      "海关扣货",
      "kg"
    ],
    "goods": [
      "物品",
      "时候",
      "小麻烦",
      "票",
      " ✅",
      "货物",
      "货物",
      "货物",
      "国际",
      "物流",
      "干货",
      "丝信华小创",
      "超大件"
    ],
    "content": "有时候物品寄海外时候不免遇到一些小麻烦，看完这票就懂怎么挽救了！ ✅货物为什么会被扣关？ ✅货物还能拿回来吗？ ✅怎么避免货物被扣？ - 想了解国际物流更多干货，可以点👍🏻➕关㊗，丝信华小创获取更多知识#跨境物流 #国际物流 #国际海运 #国际快递 #华创国际物流 #海外仓 #跨境电商 #跨境物流 #美国海运 #美国海运超大件"
  },
  {
    "index": 40,
    "topic_num": -1,
    "topic_keywords": [
      "10",
      "250",
      "3万",
      "50",
      "一只包",
      "购变成",
      "把税率",
      "案情",
      "我连夜整理了这份走私罪极简手册",
      "批捕再争取缓刑或不起诉"
    ],
    "goods": [
      "爱马仕包",
      "嫌疑人",
      "闺蜜",
      "语音",
      "客人",
      "爱马仕",
      "海关",
      "包价",
      "税",
      "结果",
      "线",
      "小时",
      "通知书",
      "爸妈",
      "一只包",
      "货物案",
      "经历",
      "手册",
      "姐妹们",
      "坑",
      "大片",
      "海关",
      "行为",
      "行李箱",
      "夹带",
      "快递",
      "包税",
      "人肉",
      "货",
      "运禁品",
      "刑",
      "友情",
      "一只包",
      "酒",
      "化妆品",
      "金额",
      "场景",
      "低报价格",
      "小票",
      "结果",
      "海关",
      "官网价",
      "货保税仓",
      "货",
      "税",
      "水客",
      "蚂蚁",
      "带",
      "口红",
      "金额",
      "朋友",
      "圈",
      "电子烟",
      "型号",
      "金额",
      "礼品",
      "海关",
      "记录",
      "黄金",
      "天",
      "命运",
      "律师",
      "税额",
      "角色",
      "货主",
      "货",
      "核税",
      "税率",
      "汇率",
      "金额",
      "税款",
      "人",
      "家属",
      "订单",
      "空白",
      "笔录",
      "海关",
      "走私案",
      "律师",
      "家人",
      "区",
      "城市+",
      "案情",
      "👈👈 ",
      "案件",
      "正道",
      "法律",
      "法律"
    ],
    "content": "一只爱马仕包，代.购变成“走私嫌疑人” \t 上周，收到闺蜜的语音：“我就帮客人带了一只爱马仕，海关怎么把我扣了？！ 原来，她把包价从8万“写成”3万，想省点税，结果现场被开箱。 8万→3万，恰好踩过立案线。 24小时不到，刑事拘留通知书到她爸妈手里。一只包，让她从代.购变成“走私普通货物案”嫌疑人。 \t 看完她的经历，我连夜整理了这份走私罪极简手册，姐妹们转发收藏，别再踩坑！ \t 1️⃣ 走私罪 ≠ 海上大片 任何逃避海关监管的行为都算：行李箱夹带、快递低报、包税通关、人肉带货……只要逃税或运禁品，都可能入刑。 \t 2️⃣ 红线金额记牢 • 普通货物逃税 ≥ 10 万：刑事立案 • 50 万以下：3 年以下 • 50–250 万：3–10 年 • ≥ 250 万：10 年起跳 （友情提示：一只包、一瓶酒、一箱化妆品，金额凑一凑就破 10 万！） \t 3️⃣ 容易踩雷的 5 个场景 • 代.购低报价格：把小票藏起来，结果海关现场联网查官网价 • 直播带货保税仓：货没补税就卖，秒变走私 • “水客”蚂蚁搬家：一次带 10 支口红，累计金额照样算 • 朋友.圈卖电子烟：很多型号属限制进出口，金额不大也立案 • 快递写“礼品”：海关抽查发现真实购买记录，直接扣件 \t 4️⃣ 被带走怎么办？黄金 37 天决定命运 1、律师会见：问清涉案税额、角色（货主？带货？） 2、重新核税：把税率、归类、汇率逐一核对，金额也许能减少 3、递交取保：退补税款+认罪认罚，先把人放出来 4、不批捕就回家，批捕再争取缓刑或不起诉 \t 5️⃣ 家属应该怎么办 ✅ 保存所有订单、付款、聊天截图 ✅ 别签空白笔录，海关问什么答什么，不猜测 ✅ 立刻联系专做走私案的刑辩律师，越早介入越省钱 \t 如果你或家人正因为涉嫌走私被调查 👉👉斯信或者评论区留“城市+案情”👈👈 我帮你对接当地最熟悉走私案件的律师 \t #遵纪守法才是正道 #法律面前人人平等 #看守所 #案件 #刑事会见 #坚决打击犯罪 #法律的力量 #刑事 #海关 #代购"
  },
  {
    "index": 41,
    "topic_num": 0,
    "topic_keywords": [
      "国际物流",
      "海关",
      "跨境",
      "巧妙申报降低查验风险",
      "文件",
      "跨境电商",
      "跨境物流",
      "国际海运",
      "海关扣货",
      "kg"
    ],
    "goods": [
      "海关",
      "货",
      "物流",
      "人",
      "话",
      "空运",
      "货",
      "运费",
      "货",
      "事",
      "货",
      "运费",
      "国家",
      "家",
      "心情",
      "  ",
      "想法"
    ],
    "content": "最近海关扣货很多。作为一个物流人，说句公道话。 我们是:空运扣货:退运费再加40/kg，扣货这个大家都亏，没办法的事，只是扣货了，我们也退运费给你，然后理赔40/kg。还白忙活。     海运是每个国家理赔都不一样。反正大家都相互理解一下各自的心情。  一损俱损 一荣俱荣。一损皆损，一荣皆荣。#有想法轻松发 #国际转运 #留学生辅导 #留学生求职 #留学生转运 #转运 #海关扣货 #避雷"
  },
  {
    "index": 42,
    "topic_num": 1,
    "topic_keywords": [
      "加拿大海运",
      "你们所谓的靠谱那都是建立在成本之上",
      "因为这些数量绝对不可能是一个两个集运公司的货",
      "因为收货人只有一个",
      "把众多集运商和cbsa全都忽悠了",
      "加拿大物流",
      "当时就有集运商拿着扣货单找清关公司要货",
      "cbsa官员那边也聊了",
      "集运",
      "要是赚不了几个钱谁能靠谱"
    ],
    "goods": [
      "男子",
      "快递员",
      "男子",
      "快递公司",
      "快递员",
      "法院"
    ],
    "content": "福建一男子保价100万邮38万金条，竟被快递员偷走，男子要求赔偿100万，快递公司：100万不能给你，去找快递员要，法院判了！ ﻿#律师﻿ ﻿#法律咨询﻿ ﻿#律师咨询﻿ ﻿#法律服务﻿ ﻿#北京律师﻿ ﻿#快递﻿ ﻿#快递纠纷﻿ ﻿#贵重物品邮寄﻿ ﻿#快递丢失﻿ ﻿#丢快递﻿"
  },
  {
    "index": 43,
    "topic_num": 0,
    "topic_keywords": [
      "国际物流",
      "海关",
      "跨境",
      "巧妙申报降低查验风险",
      "文件",
      "跨境电商",
      "跨境物流",
      "国际海运",
      "海关扣货",
      "kg"
    ],
    "goods": [
      "我的包",
      "济南海关",
      "消息",
      "海关",
      "情况",
      "流程",
      "海关",
      "货"
    ],
    "content": "我的包……从25年1月被扣济南海关后到4月终于有了消息…… 现在正在处理 有人知道海关处理这种情况流程需要多久吗 #海关扣货"
  },
  {
    "index": 44,
    "topic_num": 0,
    "topic_keywords": [
      "国际物流",
      "海关",
      "跨境",
      "巧妙申报降低查验风险",
      "文件",
      "跨境电商",
      "跨境物流",
      "国际海运",
      "海关扣货",
      "kg"
    ],
    "goods": [
      "货物",
      "共性",
      "文件",
      "原因",
      "发票",
      "装箱单",
      "原产地证书",
      "文件",
      "目的地",
      "国家",
      "jin",
      "物品",
      "物品",
      "敏敏品",
      "⚠️",
      "华人",
      "物品",
      "液体",
      "粉末",
      "食品",
      "品",
      "货币",
      "烟草",
      "酒精",
      "电池",
      "种子",
      "敏感品",
      "范畴",
      "国家",
      "物品",
      "标准",
      "海运",
      "专业",
      "顾问",
      "包装",
      "细节",
      "商品",
      "价值",
      "价值",
      "包装",
      "货物",
      "标准",
      "要求",
      "可能",
      "家具",
      "诀窍",
      "TIPS1",
      "方式",
      "TIPS2",
      "风险",
      "TIPS3",
      "TIPS1",
      "方式",
      "私人",
      "物品",
      "概率",
      "集装箱",
      "衣服",
      "包包",
      "厨具",
      "地毯",
      "高尔夫球",
      "家具",
      "物品",
      "茶叶",
      "液体",
      "化妆品",
      "敏感品",
      "查验率",
      "贸易运输",
      "集装箱",
      "衣服",
      "茶叶",
      "瓷砖",
      "货物",
      "海关",
      "TIPS2",
      "风险",
      "物品",
      "时",
      "字眼",
      "电动按摩椅",
      "菜🔪",
      "牛皮",
      "沙发",
      "敏感品",
      "物品",
      "品名",
      "椅",
      "沙发",
      "厨具",
      "可能",
      "TIPS3",
      "风险",
      "家具",
      "量",
      "整柜",
      "柜",
      "敏感品",
      "物品",
      "柜",
      "码头",
      "公司",
      "专人",
      "货柜",
      "敏感品",
      "安全性",
      "货物",
      "货代",
      "律师",
      "事儿",
      "经历"
    ],
    "content": "😭 为什么你的货物总是“不幸”被扣？经过调查，发现了以下几个共性： - 1.文件不齐 📄 - 这是最常见的原因。确保你的发票、装箱单、原产地证书等文件齐全且准确无误。 - 2.违jin品 🔒 - 一定要了解目的地国家的进口限制，避免运输违jin或受限物品。 - ⚠️那哪些物品是敏敏品呢？⚠️98%海外华人不知道这些物品不能海运！⚠️ - 【🔔海运避坑指南】海运敏感品清单 - 👉🏻液体、粉末、食品、品、货币、烟草、酒精、电池、种子等都属于敏感品范畴。 - 👉🏻当然，在不同国家对于这些物品的清关标准可能有所不同。 - 👉🏻所以海运前，务必与专业顾问沟通，了解申报和包装的细节，以免引发不必要的查验和麻烦。 - 3.价值申报不符 💰 - 如果实际商品价值与申报的价值不符，很可能导致额外检查。 - 4.包装不当 📦 - 不恰当的包装可能会引起怀疑，确保所有货物都符合标准要求。 - 5.随机抽查 🎲 - 即使你一切都做得很好，也有可能被随机抽查哦！ - 【拼箱海运家具小诀窍】 - 🌟TIPS1、合理选择运输方式 - 🌟TIPS2、巧妙申报降低查验风险 - 🌟TIPS3、选择靠谱的拼箱安排 - ✅TIPS1、合理选择运输方式 - ◇选择私人物品运输可以大大降低被查验的概率。集装箱里有衣服包包，厨具，地毯，高尔夫球，家具几百种物品，就算带上茶叶，液体化妆品等敏感品，查验率也较低; - ◇如果贸易运输，集装箱中装满一箱衣服或茶叶，混杂瓷砖等货物，可能会引起海关的注意 - ✅TIPS2、巧妙申报降低查验风险 - ◇在物品申报时，应避免使用敏感字眼，如将电动按摩椅、菜🔪，牛皮沙发等敏感品，改成一般物品的品名如按摩椅、沙发、厨具等，这样可以降低被查验的可能 - ✅TIPS3、巧妙申报降低查验风险 - ◇如果家具量足够多，建议选择整柜运输，避免被同柜敏感品影响。 即使物品不足以整柜运输，也切勿选择在码头拼箱。要选择靠谱的海运公司，要求内部拼箱服务，专人会对货柜的敏感品进行细心审查，来提高出运安全性 - 如果你的货物不幸被扣，不要慌，及时联系货代或者律师寻求帮助吧！💪 - 最后，希望大家都能够顺利发货，避免这些麻烦事儿。如果你们也有类似的经历，欢迎留言分享哦！💬 #宜邦家国际搬家  #海运  #海关  #海关被扣  #海运家具  #国际物流  #海关  #海运敏感货  #海运澳洲   #国际搬家  #国际海运"
  },
  {
    "index": 45,
    "topic_num": 0,
    "topic_keywords": [
      "国际物流",
      "海关",
      "跨境",
      "巧妙申报降低查验风险",
      "文件",
      "跨境电商",
      "跨境物流",
      "国际海运",
      "海关扣货",
      "kg"
    ],
    "goods": [
      "海关",
      "小伙伴",
      "私信",
      "包裹",
      "时",
      "海关",
      "问题",
      "攻略",
      "海关",
      "货",
      "情况",
      "海关",
      "货",
      "👀",
      "原因",
      "价值",
      "货物",
      "比如",
      "知识产权",
      "问题",
      "税收",
      "需求",
      "货",
      "原因",
      "问题",
      "物品",
      "任务",
      "海关",
      "📢",
      "海关",
      "部门",
      "原因",
      "问题",
      "态度",
      "文件",
      "商业",
      "发票",
      "合同",
      "货物",
      "清单",
      "物品",
      "税收",
      "问题",
      "✅",
      "海关",
      "指示",
      "关税",
      "增值税",
      "税费",
      "情况",
      "律师",
      "建议",
      "效率",
      "物品",
      "海关",
      "时",
      "关键",
      "💪",
      "经历",
      "❔",
      "经验",
      "疑问",
      "🌟"
    ],
    "content": "海关扣货了怎么办？ 最近有小伙伴私信我，说他们的包裹在过关时被海关扣了，顿时感觉手足无措。为了帮大家顺利解决这一问题，今天来分享一份超实用攻略，一起来看看怎么应对海关扣货的情况吧‼️ . 1⃣首先得明白，海关为什么会扣货。👀通常，原因不外乎申报价值不符、货物违规（比如涉及知识产权问题）、税收未缴或不足、安全检查需求等。了解清楚扣货的原因，是解决问题的第一步。 . 2⃣ 一旦得知物品被扣，首要任务是及时与海关沟通。📢迅速联系相关海关部门，诚恳且积极地询问具体原因，并表达出我们配合解决问题的态度。 . 3⃣文件❕文件❕还是文件❕❕📃核对并准备好所有必要的文件，如相关的商业发票、合同、货物清单等，确保它们与实际物品完全吻合，无缝对接。 . 4⃣若是税收问题，那请尽快完税。✅根据海关指示缴纳应征的关税、增值税等税费。 #进出口报关 #外贸知识 #国际物流 . 5⃣如果情况复杂，不妨考虑请教专业代理或律师。 🔖他们能提供专业的建议和帮助，让你少走弯路，提高效率。 . 所以，遇到物品被海关扣货时，不要过于焦虑，保持冷静，有序应对才是关键。💪 你有过类似的经历吗❔欢迎留言分享你的应对经验或疑问~🌟"
  },
  {
    "index": 46,
    "topic_num": 0,
    "topic_keywords": [
      "国际物流",
      "海关",
      "跨境",
      "巧妙申报降低查验风险",
      "文件",
      "跨境电商",
      "跨境物流",
      "国际海运",
      "海关扣货",
      "kg"
    ],
    "goods": [
      "海关"
    ],
    "content": "#物流知识 #关务知识 #跨境电商 #跨境 #跨境人 #跨境 #海关 #海关扣押 #海关处罚"
  },
  {
    "index": 47,
    "topic_num": 1,
    "topic_keywords": [
      "加拿大海运",
      "你们所谓的靠谱那都是建立在成本之上",
      "因为这些数量绝对不可能是一个两个集运公司的货",
      "因为收货人只有一个",
      "把众多集运商和cbsa全都忽悠了",
      "加拿大物流",
      "当时就有集运商拿着扣货单找清关公司要货",
      "cbsa官员那边也聊了",
      "集运",
      "要是赚不了几个钱谁能靠谱"
    ],
    "goods": [
      "CBSA",
      "官员",
      "收货人",
      "人",
      "详情",
      "主页",
      "事情",
      "集运商",
      "货单",
      "清关公司",
      "货",
      "清关公司",
      "地址",
      "集运商",
      "CBSA",
      "集运商",
      "成本",
      "清关公司",
      "公司",
      "受害者",
      "数量",
      "集运公司",
      "货",
      "集运公司",
      "广告",
      "成本",
      "钱"
    ],
    "content": "说实话现在年底了，CBSA官员那边也聊了，但还是没有希望能拿回来，因为收货人只有一个，但是这人完完全全玩失踪了。具体详情可以看主页置顶。 事情是五月份发生的，当时就有集运商拿着扣货单找清关公司要货，谁知道清关公司给了个假地址，把众多集运商和CBSA全都忽悠了，但我也很好奇集运商难道真的为了成本从来不考虑一下清关公司是否真的是正经公司？还是希望能找到越来越多的受害者，因为这些数量绝对不可能是一个两个集运公司的货（也麻烦各位集运公司别在下面打广告了，你们所谓的靠谱那都是建立在成本之上，要是赚不了几个钱谁能靠谱？）#海运 #加拿大海运 #加拿大物流 #集运 #国际快递"
  },
  {
    "index": 48,
    "topic_num": 0,
    "topic_keywords": [
      "国际物流",
      "海关",
      "跨境",
      "巧妙申报降低查验风险",
      "文件",
      "跨境电商",
      "跨境物流",
      "国际海运",
      "海关扣货",
      "kg"
    ],
    "goods": [
      "物品",
      "时候",
      "小麻烦",
      "票",
      " ✅",
      "货物",
      "货物",
      "货物",
      "国际",
      "物流",
      "干货",
      "丝信华小创",
      "超大件"
    ],
    "content": "有时候物品寄海外时候不免遇到一些小麻烦，看完这票就懂怎么挽救了！ ✅货物为什么会被扣关？ ✅货物还能拿回来吗？ ✅怎么避免货物被扣？ - 想了解国际物流更多干货，可以点👍🏻➕关㊗，丝信华小创获取更多知识#跨境物流 #国际物流 #国际海运 #国际快递 #华创国际物流 #海外仓 #跨境电商 #跨境物流 #美国海运 #美国海运超大件"
  }
]