﻿昵称,标题,点赞数,评论数,收藏数,类型,笔记链接,UID,发布日期,主页链接,搜索词语
迦百农阀门,不锈钢放料阀的技术标准及应用,0,0,0,图文,https://www.xiaohongshu.com/explore/68b6a2f0000000001d016805?xsec_token=AByJFYgv3XbJIeCefTi8GEM5rNlKim9kfEYB9hU_8HXnE=&xsec_source=pc_search&source=web_explore_feed,65a2a719000000002001c4de,6分钟前,https://www.xiaohongshu.com/user/profile/65a2a719000000002001c4de?xsec_token=ABuyqxGDsIpgrpMIyD5M4SEgbjn3D4TeFxTLHeUTajh8w=&xsec_source=pc_note,hg
GMACE78,【每日封绘解析】,2,0,0,图文,https://www.xiaohongshu.com/explore/68b6a07a000000001d024c19?xsec_token=AByJFYgv3XbJIeCefTi8GEM0Dr_C_7k_QIbKUT_72ne5w=&xsec_source=pc_search&source=web_explore_feed,65dd2672000000000500d604,16分钟前,https://www.xiaohongshu.com/user/profile/65dd2672000000000500d604?xsec_token=ABIcnQblm6otxWuodW46WorC0KATTGIPs86gXg0tI1kFc=&xsec_source=pc_note,hg
Kizunai絆無い,hg巴巴托斯第四形态,2,0,0,图文,https://www.xiaohongshu.com/explore/68b69f6b000000001d024590?xsec_token=AByJFYgv3XbJIeCefTi8GEM47mQ1FcnuP0tiNS7XzA-6c=&xsec_source=pc_search&source=web_explore_feed,60b0fcaa000000000101c3a7,21分钟前,https://www.xiaohongshu.com/user/profile/60b0fcaa000000000101c3a7?xsec_token=ABqnfpuaSv44Ez5hIx-en5YOomwIYTMUNoMhwlVicD5f0=&xsec_source=pc_note,hg
叶老师看豪宅丨聚亚,绿城外滩兰庭297㎡江景大平层 | 全新落地窗,1,1,1,图文,https://www.xiaohongshu.com/explore/68b69ef9000000001b0310c1?xsec_token=AByJFYgv3XbJIeCefTi8GEM38FMBSAaDA77bpV3VLElIA=&xsec_source=pc_search&source=web_explore_feed,628245b70000000021024abc,23分钟前,https://www.xiaohongshu.com/user/profile/628245b70000000021024abc?xsec_token=ABUrAU2PDj7GGifOrk3MTUYdwdGXS5Sfio-a-B5lw01yU=&xsec_source=pc_note,hg
迦百农阀门,不锈钢放料阀的主要技术与标准,0,0,0,图文,https://www.xiaohongshu.com/explore/68b69e2e000000001d020a86?xsec_token=AByJFYgv3XbJIeCefTi8GEM3yL2MTWg3R8BR59UwvE9K8=&xsec_source=pc_search&source=web_explore_feed,65a2a719000000002001c4de,26分钟前,https://www.xiaohongshu.com/user/profile/65a2a719000000002001c4de?xsec_token=ABuyqxGDsIpgrpMIyD5M4SEgbjn3D4TeFxTLHeUTajh8w=&xsec_source=pc_note,hg
RYAN工坊,月高达 “月光能板”➕整体完工组装,6,0,0,图文,https://www.xiaohongshu.com/explore/68b69c7f000000001b03e07b?xsec_token=AByJFYgv3XbJIeCefTi8GEM2BwnmLhbCsbextObk7b93I=&xsec_source=pc_search&source=web_explore_feed,64b2c354000000001c02a486,33分钟前,https://www.xiaohongshu.com/user/profile/64b2c354000000001c02a486?xsec_token=ABaVPintlHb97Ir071bkngfOPQPsxJ7A0A2VZS9KO__QI=&xsec_source=pc_note,hg
發馒头🇨🇳,无标题,0,0,0,图文,https://www.xiaohongshu.com/explore/68b69bf2000000001d01a1ba?xsec_token=AByJFYgv3XbJIeCefTi8GEM5WN-rgFg-VouaF1ucFb4No=&xsec_source=pc_search&source=web_explore_feed,620bbc6a000000001000fdd3,36分钟前,https://www.xiaohongshu.com/user/profile/620bbc6a000000001000fdd3?xsec_token=ABKmsC0_lnbMwzQstg4aW5Q9VMNy2UpKTfCvs2KLty3x0=&xsec_source=pc_note,hg
是雨弓阿,hg和msp同时拥有！,0,0,0,图文,https://www.xiaohongshu.com/explore/68b69ba3000000001d00191a?xsec_token=AByJFYgv3XbJIeCefTi8GEMypStHZO57PgU7Kv_yxshzQ=&xsec_source=pc_search&source=web_explore_feed,602344790000000001007180,37分钟前,https://www.xiaohongshu.com/user/profile/602344790000000001007180?xsec_token=ABoZs-zk1fV1xww9_tfleKZFW0TZPbR0RRT7UjVJbnCL0=&xsec_source=pc_note,hg
HG,新学期教研计划,1,0,0,图文,https://www.xiaohongshu.com/explore/68b69ac2000000001d019ad1?xsec_token=AByJFYgv3XbJIeCefTi8GEM-a-g6SXR6XGl6wz8oz757M=&xsec_source=pc_search&source=web_explore_feed,60685db000000000010070a3,41分钟前,https://www.xiaohongshu.com/user/profile/60685db000000000010070a3?xsec_token=ABzH0m5RlaV7AMy1kKzhCHzzSj-mN2sYj56IdtJtRO1hA=&xsec_source=pc_note,hg
momo搞外贸,无标题,0,0,0,图文,https://www.xiaohongshu.com/explore/68b697b7000000001b01ec32?xsec_token=AByJFYgv3XbJIeCefTi8GEM59SRk76F3wTJrOJPKB7gDk=&xsec_source=pc_search&source=web_explore_feed,666bbd650000000007005e3e,54分钟前,https://www.xiaohongshu.com/user/profile/666bbd650000000007005e3e?xsec_token=ABzCd9N1IZt9uReCzWTmpRt7ZBZqoXpNi3DQCDi3BcIEY=&xsec_source=pc_note,hg
医道社,脑癌治疗30年魔咒被打破！澳洲科学家引爆双,1,0,2,图文,https://www.xiaohongshu.com/explore/68b6961a000000001c00bd17?xsec_token=AByJFYgv3XbJIeCefTi8GEM2ZL_7fQjHDLTrjGCt-tsSw=&xsec_source=pc_search&source=web_explore_feed,6544c2ff000000000200d742,1小时前,https://www.xiaohongshu.com/user/profile/6544c2ff000000000200d742?xsec_token=ABYz3o7ZulzSnzBM-2MVLRxfYcRBfMygJjUt7TdNyrhQQ=&xsec_source=pc_note,hg
Fia,hg狙击吉姆gk,1,0,0,图文,https://www.xiaohongshu.com/explore/68b68c6c000000001c0055b0?xsec_token=AByJFYgv3XbJIeCefTi8GEM5CVucMBKacAg-gIdezuHUU=&xsec_source=pc_search&source=web_explore_feed,5c9f27650000000010014875,1小时前,https://www.xiaohongshu.com/user/profile/5c9f27650000000010014875?xsec_token=AB3uD1s21mXVpcGBy2Ld4iRLi0PR8waMIWnnfG7kI_T7w=&xsec_source=pc_note,hg
HENRY HOBBY STUDIO,战模HG 吉莱涂装案例,2,0,1,图文,https://www.xiaohongshu.com/explore/68b68a17000000001c036767?xsec_token=AByJFYgv3XbJIeCefTi8GEM0xVzmwD-WGO1dWLa7t0Wv8=&xsec_source=pc_search&source=web_explore_feed,59c60d3144363b1cd50036a6,1小时前,https://www.xiaohongshu.com/user/profile/59c60d3144363b1cd50036a6?xsec_token=ABNuEwBPrU_HdmSy_2m4Em3K5w3SrwrIXGii4EznrHJek=&xsec_source=pc_note,hg
王大仁😄,HG白瓷强人 G夸斯颜值TOP机体的分量,6,1,1,图文,https://www.xiaohongshu.com/explore/68b683d6000000001b035047?xsec_token=AByJFYgv3XbJIeCefTi8GEM7sGKVu5T4w6izSg42TwOXQ=&xsec_source=pc_search&source=web_explore_feed,5d689e92000000000101b3c1,2小时前,https://www.xiaohongshu.com/user/profile/5d689e92000000000101b3c1?xsec_token=ABY5EeCZWnV0cC4DgOPYFfbhk82mis99t46tfHXUU9NVk=&xsec_source=pc_note,hg
栗子君🌰,HG夏亚高机动扎古,10,5,3,图文,https://www.xiaohongshu.com/explore/68b68260000000001b01ef4e?xsec_token=AByJFYgv3XbJIeCefTi8GEM2lKJh4F4w-3kb8TXAKcrHE=&xsec_source=pc_search&source=web_explore_feed,5ba4a8c4f7e8b953f212f80a,2小时前,https://www.xiaohongshu.com/user/profile/5ba4a8c4f7e8b953f212f80a?xsec_token=ABlhrunl4Qh3GryS_ChdujyDccjN4kh9-03Xf4EBq8L90=&xsec_source=pc_note,hg
Maki,奥特赛文 hg扭蛋 艾雷王,2,0,0,图文,https://www.xiaohongshu.com/explore/68b677b5000000001c00959d?xsec_token=AByJFYgv3XbJIeCefTi8GEMxeorB8b4QE0mtElxnLAkYI=&xsec_source=pc_search&source=web_explore_feed,67429aee000000001c01b89a,3小时前,https://www.xiaohongshu.com/user/profile/67429aee000000001c01b89a?xsec_token=ABqhodGAbI0Pxy5vnnfn2rGM-vM_UWc3q0aI8Gj3yfT-Y=&xsec_source=pc_note,hg
.斯教：嘶嘶~,德拉科，hg换斯内普或好价出,1,0,0,图文,https://www.xiaohongshu.com/explore/68b6738d000000001d016d2b?xsec_token=AByJFYgv3XbJIeCefTi8GEM-lFezLr_RFNjxhAYy500VE=&xsec_source=pc_search&source=web_explore_feed,673093ce000000001c01b6a8,3小时前,https://www.xiaohongshu.com/user/profile/673093ce000000001c01b6a8?xsec_token=ABEgmP6Jh5PMpKe4edKGUzqvCc0DHF2foWEzdFQoKu8JQ=&xsec_source=pc_note,hg
VerFA,HG高达但他林B风帽进度,2,4,0,图文,https://www.xiaohongshu.com/explore/68b66f7a000000001d0036b7?xsec_token=AByJFYgv3XbJIeCefTi8GEM3_J9nTH3d8rNugk-QOhbWI=&xsec_source=pc_search&source=web_explore_feed,5ddbc25500000000010037a8,3小时前,https://www.xiaohongshu.com/user/profile/5ddbc25500000000010037a8?xsec_token=ABK0YZmWJ8SHJo2jXsw232d7pe5rLyslijYvOzSbnwcJw=&xsec_source=pc_note,hg
KK星,打一个猫本副本,7,8,0,图文,https://www.xiaohongshu.com/explore/68b667ba000000001c011f98?xsec_token=AByJFYgv3XbJIeCefTi8GEM5Gm6kqfYjQ8YokxHZbCpA8=&xsec_source=pc_search&source=web_explore_feed,62b16339000000001b024588,4小时前,https://www.xiaohongshu.com/user/profile/62b16339000000001b024588?xsec_token=AB8y_ULL3RQJwXfulUDMitFrhHWdSrgYlxjOHHpoMZiJ8=&xsec_source=pc_note,hg
HOPE,拯救可动，Hg吉姆套snaa瓦尔基里骨架,0,1,0,图文,https://www.xiaohongshu.com/explore/68b661a5000000001d02ca69?xsec_token=AByJFYgv3XbJIeCefTi8GEM-qUoxkh3s7vbd9jvhENxz4=&xsec_source=pc_search&source=web_explore_feed,642039020000000012010eea,4小时前,https://www.xiaohongshu.com/user/profile/642039020000000012010eea?xsec_token=ABwEoaSJ17i3QTyyG1SsWohsdSG8S72_uEzp0cHrY2UCw=&xsec_source=pc_note,hg
Maki,超级战队 HG扭蛋,1,0,0,图文,https://www.xiaohongshu.com/explore/68b65e4f000000001c031bc3?xsec_token=AByJFYgv3XbJIeCefTi8GEM6wuX8SZwVCzHoqpK3HHNQ8=&xsec_source=pc_search&source=web_explore_feed,67429aee000000001c01b89a,4小时前,https://www.xiaohongshu.com/user/profile/67429aee000000001c01b89a?xsec_token=ABqhodGAbI0Pxy5vnnfn2rGM-vM_UWc3q0aI8Gj3yfT-Y=&xsec_source=pc_note,hg
泰方优选,HG 1/144 非凡强袭自由光翼套件到啦⚡️,0,0,0,图文,https://www.xiaohongshu.com/explore/68b65933000000001c033cb3?xsec_token=AByJFYgv3XbJIeCefTi8GEM0GepRPLWc0m-YQ-6cLYfq0=&xsec_source=pc_search&source=web_explore_feed,66a23936000000001d020474,5小时前,https://www.xiaohongshu.com/user/profile/66a23936000000001d020474?xsec_token=ABVMy9qmAnWT0ziHVnIxmAK5OLkxPBBW1n0nuk_egBeq8=&xsec_source=pc_note,hg
卷卷&饼饼&丑丑,无标题,1,1,0,图文,https://www.xiaohongshu.com/explore/68b53ba0000000001c03fb35?xsec_token=AB7MXhzX4n1CDRmdBvourM6awMjdCE_h_fKheKsJ02dQQ=&xsec_source=pc_search&source=web_explore_feed,6564d396000000003c01d0c3,5小时前,https://www.xiaohongshu.com/user/profile/6564d396000000003c01d0c3?xsec_token=AB-5jpScciXpIr5egM6fe-4Km3CKoVEn2kwGOLMd70DsY=&xsec_source=pc_note,hg
胶佬小浩模玩,分享时刻！HG伊芙利特帅气小场景！,0,0,0,图文,https://www.xiaohongshu.com/explore/68b6531f000000001b02336e?xsec_token=AByJFYgv3XbJIeCefTi8GEM-PAkWi-ikDBEp1D0nPSCG8=&xsec_source=pc_search&source=web_explore_feed,63ec51b20000000026011df3,5小时前,https://www.xiaohongshu.com/user/profile/63ec51b20000000026011df3?xsec_token=AB6mDf-UVIL-xDYQKfVyHnYozqKRxGBTouURqTBiwpzWM=&xsec_source=pc_note,hg
仓鼠笔记,万代hg 铁血月钢 亚斯塔禄 高达喷涂,29,2,13,图文,https://www.xiaohongshu.com/explore/68b644a1000000001d001c3c?xsec_token=AByJFYgv3XbJIeCefTi8GEMzJkC_0c8ccA4UL_XFfZwT8=&xsec_source=pc_search&source=web_explore_feed,676514940000000018016ae8,6小时前,https://www.xiaohongshu.com/user/profile/676514940000000018016ae8?xsec_token=AB6uoLSH7a4wpuyjvpItC-Mh15z0RY641WCet2aB41qhI=&xsec_source=pc_note,hg
小时的模玩日记,撸胶日记26丨HG 格鲁古古,11,1,1,图文,https://www.xiaohongshu.com/explore/68b63ba5000000001d01bece?xsec_token=AByJFYgv3XbJIeCefTi8GEM7f-ZSCY2CV2W-xnnwx_mog=&xsec_source=pc_search&source=web_explore_feed,6132d39b000000000201fce6,7小时前,https://www.xiaohongshu.com/user/profile/6132d39b000000000201fce6?xsec_token=ABNLXhyAhcNfvDKT1ryrSMlmvkZjmA2-96Js2fjAn-90k=&xsec_source=pc_note,hg
落雨寒是小太阳,【暖暖搭配】纸间语,1,0,0,图文,https://www.xiaohongshu.com/explore/68b63a3c000000001c00cebf?xsec_token=AByJFYgv3XbJIeCefTi8GEM8tXZ9BUbC8QAPBuNwMQQwE=&xsec_source=pc_search&source=web_explore_feed,65d5e154000000000b0300e7,7小时前,https://www.xiaohongshu.com/user/profile/65d5e154000000000b0300e7?xsec_token=ABEnmK5PvUtpKZ-h3SKI_6WLUqrN0qdaUC4WyI2Qun_Nw=&xsec_source=pc_note,hg
阿鱼唔食炸鱼薯条,受难记录,27,18,2,图文,https://www.xiaohongshu.com/explore/68b61d9d000000001d00dc1d?xsec_token=AByJFYgv3XbJIeCefTi8GEM7x4frbvYOljhVIdNMho580=&xsec_source=pc_search&source=web_explore_feed,6551720d000000000202929e,9小时前,https://www.xiaohongshu.com/user/profile/6551720d000000000202929e?xsec_token=ABhsE1U0rNSrna4EpHgxdb6MzjIkvEFeiHzMsugruTJQc=&xsec_source=pc_note,hg
鸭鸭资料店,HG10智慧农业·乡村振兴·科技招商,0,0,0,图文,https://www.xiaohongshu.com/explore/68b61683000000001d028e2d?xsec_token=AByJFYgv3XbJIeCefTi8GEMy48verafE-tB7G5LQ-TtEA=&xsec_source=pc_search&source=web_explore_feed,68750ebe000000000d03f23a,10小时前,https://www.xiaohongshu.com/user/profile/68750ebe000000000d03f23a?xsec_token=ABGqNfhSYCOUkDmsTU3fgFdgRIf6hTwOzMYHcTanIhpqM=&xsec_source=pc_note,hg
dy互关,抖y，hghz来主页,1,0,0,图文,https://www.xiaohongshu.com/explore/68b5e478000000001c00fd3d?xsec_token=AB7MXhzX4n1CDRmdBvourM6aesrUFiZmGIZzCRa90Ppfs=&xsec_source=pc_search&source=web_explore_feed,60b5151a000000000100713d,13小时前,https://www.xiaohongshu.com/user/profile/60b5151a000000000100713d?xsec_token=ABoVGQhWUCRrgbkK9pXCcoybz_xi-krun3WrZO-CH6iLI=&xsec_source=pc_note,hg
Maki,龙珠 大魔 HG 扭蛋,5,6,1,图文,https://www.xiaohongshu.com/explore/68b5cd98000000001c009b99?xsec_token=AB7MXhzX4n1CDRmdBvourM6XE6FKreZw4MC9fOar5M2r8=&xsec_source=pc_search&source=web_explore_feed,67429aee000000001c01b89a,15小时前,https://www.xiaohongshu.com/user/profile/67429aee000000001c01b89a?xsec_token=ABqhodGAbI0Pxy5vnnfn2rGM-vM_UWc3q0aI8Gj3yfT-Y=&xsec_source=pc_note,hg
五花肉ro,无标题,0,0,0,图文,https://www.xiaohongshu.com/explore/68b5a85e000000001b01cb4c?xsec_token=AB7MXhzX4n1CDRmdBvourM6UvvNjuSmqfu16a9eSOfhR0=&xsec_source=pc_search&source=web_explore_feed,5b0365a7f7e8b95818f748ba,昨天 22:06,https://www.xiaohongshu.com/user/profile/5b0365a7f7e8b95818f748ba?xsec_token=AB-z6lC29r3jVUmEmlMHlHBIprpTYXr_gW7qdYiOXiZU4=&xsec_source=pc_note,hg
xxooW,hg惊异京宝梵,10,0,1,图文,https://www.xiaohongshu.com/explore/68b524dc000000001c00fafb?xsec_token=AB7MXhzX4n1CDRmdBvourM6dp07hhapB8vEWVWcBHvOUM=&xsec_source=pc_search&source=web_explore_feed,5f65b7240000000001006204,1天前,https://www.xiaohongshu.com/user/profile/5f65b7240000000001006204?xsec_token=ABwi67HLsBva_bnn9F6kZld349RQYULm_Y1r5i8qlimJM=&xsec_source=pc_note,hg
丧彪的爹地,hg京宝梵 阴影喷涂,14,1,1,图文,https://www.xiaohongshu.com/explore/68b5147e000000001c00a742?xsec_token=AB7MXhzX4n1CDRmdBvourM6TbtB0Z3NIyeCQqrF_9v4p4=&xsec_source=pc_search&source=web_explore_feed,5abea155e8ac2b246cfc2c93,1天前,https://www.xiaohongshu.com/user/profile/5abea155e8ac2b246cfc2c93?xsec_token=AB5heGOFyW9oNU1WTynFaQWcjWCAkcLmRHCRvFeS28l_c=&xsec_source=pc_note,hg
五股丰登,无标题,40,35,42,图文,https://www.xiaohongshu.com/explore/68b431e4000000001d024dfd?xsec_token=ABLFxH4cEaDXtrLMv9D1qDAapdwTfl-JRLf1QST-3aDpc=&xsec_source=pc_search&source=web_explore_feed,68877079000000001b019a43,1天前,https://www.xiaohongshu.com/user/profile/68877079000000001b019a43?xsec_token=ABi1RlApb8lOeUuvwnt4KUTWbjNhoYr2MndcLu5vS-PAI=&xsec_source=pc_note,hg
不喜欢下雨123,无标题,254,46,29,图文,https://www.xiaohongshu.com/explore/68b3b84c000000001c00cd0a?xsec_token=ABStUigeGLlN2GJh8JdEZwlCs6DR2LPmkTTJLkQOGF6Wc=&xsec_source=pc_search&source=web_explore_feed,58bc05596a6a695795d6c954,2天前,https://www.xiaohongshu.com/user/profile/58bc05596a6a695795d6c954?xsec_token=ABdNOXjtR3aqzdfIVAFj6RGsI6JnPrLnHzxZhseog_nzw=&xsec_source=pc_note,hg
豪,HG GTO 补完中,2,0,0,图文,https://www.xiaohongshu.com/explore/68b3a424000000001b01d5e6?xsec_token=ABStUigeGLlN2GJh8JdEZwlN2QUkFFXAfbPk_IfcCrD3I=&xsec_source=pc_search&source=web_explore_feed,5f15a4d60000000001003a15,2天前,https://www.xiaohongshu.com/user/profile/5f15a4d60000000001003a15?xsec_token=ABRstu-wI3UvwWNuh22y74APoPni_56pPj364W_kj7tyA=&xsec_source=pc_note,hg
天樱玩具行,无标题,2,0,0,图文,https://www.xiaohongshu.com/explore/68b306cf000000001d03b862?xsec_token=ABStUigeGLlN2GJh8JdEZwlAY4xnn96aAGRC7NR2cfKyU=&xsec_source=pc_search&source=web_explore_feed,64c261e6000000001403e1f8,2天前,https://www.xiaohongshu.com/user/profile/64c261e6000000001403e1f8?xsec_token=ABi9Ea15mpUGg2fYw6mqxLKF7yC2tZ1GrbsDOMO9tWlT4=&xsec_source=pc_note,hg
伊佐那社,hg蓝色命运1号机（bd1）,62,7,16,图文,https://www.xiaohongshu.com/explore/68b2eddb000000001b03236d?xsec_token=ABgZWVfuT9eLq34ZC7BYygGjDn9PFY7Ma8lXA-AK8IbVk=&xsec_source=pc_search&source=web_explore_feed,5bb47c0a11be10681d1b5f0c,2天前,https://www.xiaohongshu.com/user/profile/5bb47c0a11be10681d1b5f0c?xsec_token=AB4CTr92NTeuFGCCLv-NTcBF04p9qEBgSlXthrhih2qzw=&xsec_source=pc_note,hg
咖喱腊肠菠萝猪,万代 HG 机动列金雷兹 茱丽叶塔,4,0,0,图文,https://www.xiaohongshu.com/explore/68b2e9b4000000001d019467?xsec_token=ABgZWVfuT9eLq34ZC7BYygGlnRzRwYUIbqXPj2sl9VtzA=&xsec_source=pc_search&source=web_explore_feed,5580aa37e4b1cf6c9dfa3d66,2天前,https://www.xiaohongshu.com/user/profile/5580aa37e4b1cf6c9dfa3d66?xsec_token=ABHkIJWECrOJzuJecPSJOmX4LJIEd3pf-ESVNLcu94A60=&xsec_source=pc_note,hg
