﻿昵称,标题,点赞数,评论数,收藏数,类型,笔记链接,UID,发布日期,主页链接,搜索词语
线性时间,百万级百达翡丽过海关被扣,181,70,31,图文,https://www.xiaohongshu.com/explore/68aa862b000000001c00e771?xsec_token=ABk2ms65nHesivpcMELOhXsIAm1YubY8mvaCbcfVCRsns=&xsec_source=pc_search&source=web_explore_feed,6140c8430000000002018e6f,08-24,https://www.xiaohongshu.com/user/profile/6140c8430000000002018e6f?xsec_token=AB83mwnp6LyqOw-rmKSIWK78AclXs6_PWFTzRqDP4DjtU=&xsec_source=pc_note,海关查验扣货
李律师（付费咨询）,海关的扣押与处罚丨海关合规,1,0,0,图文,https://www.xiaohongshu.com/explore/68aafb8b000000001d037fd8?xsec_token=ABk2ms65nHesivpcMELOhXsEvn08P_hgfoaOkHNUYzHZo=&xsec_source=pc_search&source=web_explore_feed,6080fe630000000001003b37,08-24,https://www.xiaohongshu.com/user/profile/6080fe630000000001003b37?xsec_token=ABbFx7d_KZo4sx0xKyKx_bR18UVg8WCCN4cErWWQEL-WU=&xsec_source=pc_note,海关查验扣货
上海海关法翁律师,货代说货被海关扣了？是假走私还是真诈骗？,15,0,10,图文,https://www.xiaohongshu.com/explore/683fe365000000000f0317f0?xsec_token=ABMJkptEeih27ADWSDp8guOeWngdwPU5N2peMlsVrEjiA=&xsec_source=pc_search&source=web_explore_feed,67ff499d0000000008014e94,06-08,https://www.xiaohongshu.com/user/profile/67ff499d0000000008014e94?xsec_token=ABelVsJmhZhy6DRYn2xLuDehmv9qGn5WDYUu9SowjeQhs=&xsec_source=pc_note,海关查验扣货
蒙主宝宝,从香港带回国内超过5000被海关查扣怎么处理,271,279,142,图文,https://www.xiaohongshu.com/explore/6635f1c3000000001e023442?xsec_token=ABqxliTueOxXz2VEmWcys1Fmudx82SJxJ8CseBEQBGiU4=&xsec_source=pc_search&source=web_explore_feed,592ede0082ec390184048048,2024-05-09,https://www.xiaohongshu.com/user/profile/592ede0082ec390184048048?xsec_token=ABXAlW-KI3Y8nHGKV8Pzs35RuXqbiRI6Jnu8Ftp5nKFmY=&xsec_source=pc_note,海关查验扣货
高效王奥律师,【如何应对】货物被扣了怎么办？,9,0,3,图文,https://www.xiaohongshu.com/explore/6710c1d8000000001b012b29?xsec_token=ABRbvpEAOW_FGcSQlrgnNzKBI5poYgBlZp531qZMiPcmw=&xsec_source=pc_search&source=web_explore_feed,5a10eb76e8ac2b0c704eda57,2024-10-17,https://www.xiaohongshu.com/user/profile/5a10eb76e8ac2b0c704eda57?xsec_token=ABq44KxNNcS-VQmBcgQdbw6DUlKA79Y36Ipw_gGwR7c0U=&xsec_source=pc_note,海关查验扣货
上海海关法翁律师,进出口侵权商品被海关查获的法律责任？！,2,0,1,图文,https://www.xiaohongshu.com/explore/6854f7a8000000001202293f?xsec_token=ABEFy21Yq6ewRLK4v6_FB4_8HzNOwQ5BfjRFruss544sI=&xsec_source=pc_search&source=web_explore_feed,67ff499d0000000008014e94,06-20,https://www.xiaohongshu.com/user/profile/67ff499d0000000008014e94?xsec_token=ABelVsJmhZhy6DRYn2xLuDehmv9qGn5WDYUu9SowjeQhs=&xsec_source=pc_note,海关查验扣货
施律合规局,美国海关扣押应对策略分享,3,0,1,图文,https://www.xiaohongshu.com/explore/687235a70000000017037c7f?xsec_token=ABoEEju4I2dXZ9M-yMOPZpcaTLMeA4GJ-DQ5aDBmEg4bE=&xsec_source=pc_search&source=web_explore_feed,5b5ca4054eacab39961bacc6,07-12,https://www.xiaohongshu.com/user/profile/5b5ca4054eacab39961bacc6?xsec_token=ABuFCSfkZDAHZoRLV72VpDnHWUvz4RYTFNZKHgC4yObUY=&xsec_source=pc_note,海关查验扣货
池猛律师【海关+刑事】,📦海关扣留物品、货物？最长可扣...🔍,7,5,6,图文,https://www.xiaohongshu.com/explore/66601156000000001303d0e9?xsec_token=ABMNg2Cx09cfMWSvubp9Rrmw0Ye4cVqhacQQ78IB1lAmM=&xsec_source=pc_search&source=web_explore_feed,652e445c000000000200d49f,2024-06-05,https://www.xiaohongshu.com/user/profile/652e445c000000000200d49f?xsec_token=ABR0-MIHg6poJwknEtA4XHywMcVovQ8o2QzyuHDDwo5kM=&xsec_source=pc_note,海关查验扣货
-凯西姐姐🍉-,🇺🇸海运被海关查扣 筷子集运,36,222,7,图文,https://www.xiaohongshu.com/explore/617080b7000000000102627a?xsec_token=ABhj19VGDIdc7vsMN9aisUGkrZ5Y0E3a7ISnSTWo8RIDY=&xsec_source=pc_search&source=web_explore_feed,5371e2a2b4c4d62a778f9a2d,2022-03-07,https://www.xiaohongshu.com/user/profile/5371e2a2b4c4d62a778f9a2d?xsec_token=ABy94M65vRRlf7ZCYNR3QOqTWt1Y3kkseKMbANcwtP3Gk=&xsec_source=pc_note,海关查验扣货
缉私问题找布叔,家人寄的药品被海关扣该怎么办？,11,0,13,图文,https://www.xiaohongshu.com/explore/6819bf48000000002100fdda?xsec_token=AB0rOECN556wHFRDYtNDTeFzrQZv3SUODuqj0PKj-A6NQ=&xsec_source=pc_search&source=web_explore_feed,668b572e000000000b031e35,05-06,https://www.xiaohongshu.com/user/profile/668b572e000000000b031e35?xsec_token=AB10dhQ2yblwK2Iyi0LbkhoVc4hBhC_e6onhuXJak6Eds=&xsec_source=pc_note,海关查验扣货
捞耶儿赵,黑皮，你的开箱视频来了（海关发的）,1352,409,194,图文,https://www.xiaohongshu.com/explore/67bbd216000000000603c33d?xsec_token=ABQ8oEWtSe0ANszRsAEVurHvFGT2FbufGreX6fgcoXWGs=&xsec_source=pc_search&source=web_explore_feed,563711b782718c21d917450f,02-24,https://www.xiaohongshu.com/user/profile/563711b782718c21d917450f?xsec_token=ABfjOcSX4goTXQV4dsfj-L8svTwCe7HOgz_quQUVjpcEg=&xsec_source=pc_note,海关查验扣货
高效王奥律师,被海关扣留的货物去哪里了？,13,1,5,图文,https://www.xiaohongshu.com/explore/670e4aec000000001b02c5e0?xsec_token=AB48o31DQeu4VOai_YlGShOIf4xgiZLu1dgl1hVObpmPw=&xsec_source=pc_search&source=web_explore_feed,5a10eb76e8ac2b0c704eda57,2024-10-15,https://www.xiaohongshu.com/user/profile/5a10eb76e8ac2b0c704eda57?xsec_token=ABq44KxNNcS-VQmBcgQdbw6DUlKA79Y36Ipw_gGwR7c0U=&xsec_source=pc_note,海关查验扣货
捞耶儿赵,海关8月开箱：GMM 2025 LOL卡片、明信片,555,155,45,图文,https://www.xiaohongshu.com/explore/68a67d5c000000001b03df7b?xsec_token=ABguL1Jx3h8Ur75ternGsEpx4VL4YjbMk_ZK2oVLrI4dM=&xsec_source=pc_search&source=web_explore_feed,563711b782718c21d917450f,08-21,https://www.xiaohongshu.com/user/profile/563711b782718c21d917450f?xsec_token=ABfjOcSX4goTXQV4dsfj-L8svTwCe7HOgz_quQUVjpcEg=&xsec_source=pc_note,海关查验扣货
捞耶儿赵,海关在珠海查扣了一车谷子，里边有你的吗？,581,189,59,图文,https://www.xiaohongshu.com/explore/666057d5000000000f00d4e3?xsec_token=ABMNg2Cx09cfMWSvubp9Rrm2Ul8YUW0NKKDwqEemnq3Iw=&xsec_source=pc_search&source=web_explore_feed,563711b782718c21d917450f,2024-06-05,https://www.xiaohongshu.com/user/profile/563711b782718c21d917450f?xsec_token=ABfjOcSX4goTXQV4dsfj-L8svTwCe7HOgz_quQUVjpcEg=&xsec_source=pc_note,海关查验扣货
梓律师,以涉嫌知产侵权被海关扣押货物怎么办,1,0,5,图文,https://www.xiaohongshu.com/explore/685bf006000000002201d845?xsec_token=ABWxvoq60aMl-_rMErtYxZLkY5IPQr4SK8bAawgP1x_84=&xsec_source=pc_search&source=web_explore_feed,62e75e78000000001f0176e2,06-25,https://www.xiaohongshu.com/user/profile/62e75e78000000001f0176e2?xsec_token=AByqTiQA7zuspEfPf8rTFpImsjursErjk3tDBNE7Ll8So=&xsec_source=pc_note,海关查验扣货
缉私问题找布叔,【前同事们做大事】代购多次被查会怎样,28,34,9,图文,https://www.xiaohongshu.com/explore/671845ac000000001b03cd61?xsec_token=ABy2wPkSgLeCiYgtZ-ziWrkk8o7oSuJ7KbwIXo2k2Tdkc=&xsec_source=pc_search&source=web_explore_feed,668b572e000000000b031e35,2024-10-23,https://www.xiaohongshu.com/user/profile/668b572e000000000b031e35?xsec_token=AB10dhQ2yblwK2Iyi0LbkhoVc4hBhC_e6onhuXJak6Eds=&xsec_source=pc_note,海关查验扣货
圆圆律师,海关扣货别慌！女律师3步自保指南,4,1,2,图文,https://www.xiaohongshu.com/explore/687e099b0000000010012288?xsec_token=ABw-eX8k_RAinWhrt_qGyQy21HQ8Y1xMMECrSS7OPaHs0=&xsec_source=pc_search&source=web_explore_feed,6160e2e50000000002024442,07-21,https://www.xiaohongshu.com/user/profile/6160e2e50000000002024442?xsec_token=ABnalC3hHJ75zA6laMlqAHurf7wfAcBXUU83xNl2ZTK3g=&xsec_source=pc_note,海关查验扣货
物流律师钟荣惠,海关扣货怎么办？这份指南让你轻松应对！,15,21,12,图文,https://www.xiaohongshu.com/explore/67baa8ec000000002901680a?xsec_token=ABOSbD5xcFNxDyfwan06BXn4Z3PcXjXLdUpsO17w0qokI=&xsec_source=pc_search&source=web_explore_feed,60fb5dd9000000000100a281,02-23,https://www.xiaohongshu.com/user/profile/60fb5dd9000000000100a281?xsec_token=ABBouXUF_hY_wuzPgKs7d-YVBNw18GD098UBwHp1h4Vls=&xsec_source=pc_note,海关查验扣货
缉私问题找布叔,看看是哪些吃谷人的天遢了,13,5,7,图文,https://www.xiaohongshu.com/explore/6729e158000000001b02c010?xsec_token=ABQC1pYLdy7qF7hA02DjGmaWp0RHQaWf_hM612L0TPzY8=&xsec_source=pc_search&source=web_explore_feed,668b572e000000000b031e35,2024-11-05,https://www.xiaohongshu.com/user/profile/668b572e000000000b031e35?xsec_token=AB10dhQ2yblwK2Iyi0LbkhoVc4hBhC_e6onhuXJak6Eds=&xsec_source=pc_note,海关查验扣货
深圳孔乙己律师,货物双清包税被扣，应否赔偿？,88,87,72,图文,https://www.xiaohongshu.com/explore/64631cd0000000001203f59a?xsec_token=ABsFRlfjkZRCpWM_5JJm1XhgbAiLv2S05YG9OuHzYjxcw=&xsec_source=pc_search&source=web_explore_feed,5e930c080000000001006bc9,2023-05-16,https://www.xiaohongshu.com/user/profile/5e930c080000000001006bc9?xsec_token=ABEzmYQqgfwB85zfKzLUMr6zUDN10pn5CniuCljypUwgQ=&xsec_source=pc_note,海关查验扣货
深圳孔乙己律师,海关扣押货物，物流公司应否赔偿？,59,37,40,图文,https://www.xiaohongshu.com/explore/65853cab00000000380290bc?xsec_token=ABKyrT8nPwaC8zT6yz8_5NUcMjFFHGXklxH6MV2fa1Wxo=&xsec_source=pc_search&source=web_explore_feed,5e930c080000000001006bc9,2024-08-07,https://www.xiaohongshu.com/user/profile/5e930c080000000001006bc9?xsec_token=ABEzmYQqgfwB85zfKzLUMr6zUDN10pn5CniuCljypUwgQ=&xsec_source=pc_note,海关查验扣货
LuggEasy集运转运,国际包裹被扣？到底什么是清关？一次说清,1,0,0,图文,https://www.xiaohongshu.com/explore/68244c74000000002301f392?xsec_token=ABFPfY-XG0r2nALx7l8JQ1sfQveV4apSr0dlN8NyEAlnY=&xsec_source=pc_search&source=web_explore_feed,61975f02000000001000bb54,05-14,https://www.xiaohongshu.com/user/profile/61975f02000000001000bb54?xsec_token=ABe66Ktg49xSV7pX0PA47K31hxm9YrLPwNR12KZZWxkXo=&xsec_source=pc_note,海关查验扣货
池猛律师【海关+刑事】,代购70万被扣，这一单又白干😤,98,36,12,图文,https://www.xiaohongshu.com/explore/67bd282c0000000009016a24?xsec_token=ABRT7YvyyiGGVYj_A_PpZtoRCMY1-M7Ge-zTC3a1nEMyU=&xsec_source=pc_search&source=web_explore_feed,652e445c000000000200d49f,02-25,https://www.xiaohongshu.com/user/profile/652e445c000000000200d49f?xsec_token=ABR0-MIHg6poJwknEtA4XHywMcVovQ8o2QzyuHDDwo5kM=&xsec_source=pc_note,海关查验扣货
池猛律师【海关+刑事】,🔥海关暂扣物品？别慌，看我怎么搞定！,21,39,16,图文,https://www.xiaohongshu.com/explore/66569f9e000000001303d672?xsec_token=ABlroPpoIep7plZQ06ceipQ-K-MdeWWoIO3SAxfNxCesI=&xsec_source=pc_search&source=web_explore_feed,652e445c000000000200d49f,2024-05-29,https://www.xiaohongshu.com/user/profile/652e445c000000000200d49f?xsec_token=ABR0-MIHg6poJwknEtA4XHywMcVovQ8o2QzyuHDDwo5kM=&xsec_source=pc_note,海关查验扣货
捞耶儿赵,前天，53台进口CCD被长沙海关查扣,173,134,45,图文,https://www.xiaohongshu.com/explore/668bd870000000000500429a?xsec_token=AB10dhQ2yblwK2Iyi0LbkhoQk8Z_BeUauLaalZGnnrqrE=&xsec_source=pc_search&source=web_explore_feed,563711b782718c21d917450f,2024-07-08,https://www.xiaohongshu.com/user/profile/563711b782718c21d917450f?xsec_token=ABfjOcSX4goTXQV4dsfj-L8svTwCe7HOgz_quQUVjpcEg=&xsec_source=pc_note,海关查验扣货
LuggEasy集运转运,第一次海淘转运就被扣了？丝滑清关攻略分享,5,0,1,图文,https://www.xiaohongshu.com/explore/66de6e98000000000c01aa39?xsec_token=ABypXFnEaETmWeeQJMUJH1emmW2upSoaoZtcUQTbHqo94=&xsec_source=pc_search&source=web_explore_feed,61975f02000000001000bb54,2024-09-11,https://www.xiaohongshu.com/user/profile/61975f02000000001000bb54?xsec_token=ABe66Ktg49xSV7pX0PA47K31hxm9YrLPwNR12KZZWxkXo=&xsec_source=pc_note,海关查验扣货
物流律师钟荣惠,收到海关处罚告知单，别慌！三步拿回物品！,29,50,27,图文,https://www.xiaohongshu.com/explore/67a5db8f000000001800f03f?xsec_token=ABM0OmkH9tu1eiF0sgMXBroxrOnSrS3ZhWYR_yk1CqCiU=&xsec_source=pc_search&source=web_explore_feed,60fb5dd9000000000100a281,02-07,https://www.xiaohongshu.com/user/profile/60fb5dd9000000000100a281?xsec_token=ABBouXUF_hY_wuzPgKs7d-YVBNw18GD098UBwHp1h4Vls=&xsec_source=pc_note,海关查验扣货
物流律师钟荣惠,申报不实，货被销毁，损失由谁担？,33,12,15,图文,https://www.xiaohongshu.com/explore/6786786f000000000b039f4f?xsec_token=ABM5JGNc_tSDAmAzXP-5gO-ZAUu0RZg40s1O1FuuJ8I4Q=&xsec_source=pc_search&source=web_explore_feed,60fb5dd9000000000100a281,01-14,https://www.xiaohongshu.com/user/profile/60fb5dd9000000000100a281?xsec_token=ABBouXUF_hY_wuzPgKs7d-YVBNw18GD098UBwHp1h4Vls=&xsec_source=pc_note,海关查验扣货
物流律师钟荣惠,收到海关扣货或行政处罚？这样处理就行,1,1,0,图文,https://www.xiaohongshu.com/explore/670f8d280000000021007dba?xsec_token=ABnC4NbIwLFNCDOE_40TBv8dS0Th_9y0eK1MKpV7D7b8k=&xsec_source=pc_search&source=web_explore_feed,60fb5dd9000000000100a281,2024-10-16,https://www.xiaohongshu.com/user/profile/60fb5dd9000000000100a281?xsec_token=ABBouXUF_hY_wuzPgKs7d-YVBNw18GD098UBwHp1h4Vls=&xsec_source=pc_note,海关查验扣货
捞耶儿赵,谁的团长？青岛机场查扣谷子402件,276,61,30,图文,https://www.xiaohongshu.com/explore/682dd7610000000021009a3b?xsec_token=ABiHzs5TpkuHlWTVD_DcsqrPyTfZUjEqNHeRX2_gRN7Xk=&xsec_source=pc_search&source=web_explore_feed,563711b782718c21d917450f,05-22,https://www.xiaohongshu.com/user/profile/563711b782718c21d917450f?xsec_token=ABfjOcSX4goTXQV4dsfj-L8svTwCe7HOgz_quQUVjpcEg=&xsec_source=pc_note,海关查验扣货
捞耶儿赵,合肥机场查扣420件吧唧：全是海贼王USJ,184,62,20,图文,https://www.xiaohongshu.com/explore/686e8811000000002400fa45?xsec_token=ABgIk9a96eIwJChl1h2DesHS2tCHlJ2XFS5DtbQyCDXL8=&xsec_source=pc_search&source=web_explore_feed,563711b782718c21d917450f,07-10,https://www.xiaohongshu.com/user/profile/563711b782718c21d917450f?xsec_token=ABfjOcSX4goTXQV4dsfj-L8svTwCe7HOgz_quQUVjpcEg=&xsec_source=pc_note,海关查验扣货
张严锋 上海海关案件律师,办理机场海关走私案,1,0,1,图文,https://www.xiaohongshu.com/explore/67394217000000001a01c3ad?xsec_token=ABE898Egn1NGdXKrTWEbWPD-DcNGdUOHetbjPTEOkbX0U=&xsec_source=pc_search&source=web_explore_feed,62a170b6000000002102a989,07-14,https://www.xiaohongshu.com/user/profile/62a170b6000000002102a989?xsec_token=ABucrVKFZdhW8HnmsR3MVOKD3e7TdZhz1Hmrjs5y0lWoo=&xsec_source=pc_note,海关查验扣货
LuggEasy全球行李快递,回国行李|海关罚没物品去哪儿了？,12,2,1,图文,https://www.xiaohongshu.com/explore/658a6165000000001a003c97?xsec_token=ABJdRdjYynHe_a0y6K2pyWLgHZlnRvZPFnwMqKiTHTzaE=&xsec_source=pc_search&source=web_explore_feed,62f87c6f000000001f006e9b,2023-12-26,https://www.xiaohongshu.com/user/profile/62f87c6f000000001f006e9b?xsec_token=ABInwY-caimf11knZ0GulFQgiCmvqs34CRZ8yDflO2tMI=&xsec_source=pc_note,海关查验扣货
PANDAEU国际快递转运集运,国际快递又被扣？那是因为你没搞懂啥是敏感,792,239,561,图文,https://www.xiaohongshu.com/explore/65cf2a5a0000000007005aa6?xsec_token=ABLc6BWl0WBa3q48iw0IF43p4g4SW4d_WmbRaypWsg9E0=&xsec_source=pc_search&source=web_explore_feed,5d2d4178000000001202e9fa,2024-02-20,https://www.xiaohongshu.com/user/profile/5d2d4178000000001202e9fa?xsec_token=ABsSC0rK578bDby05Q5dcu0NYYdQ3-9ayItFh-mpFNjfQ=&xsec_source=pc_note,海关查验扣货
池猛律师【海关+刑事】,💥海关扣留货物的去向🔍 你也很好奇？,1,1,0,图文,https://www.xiaohongshu.com/explore/66627612000000001500b992?xsec_token=ABwgjG9We_rubDXLsgu_TDe3TEln2McMwoEs_b9H3NX8E=&xsec_source=pc_search&source=web_explore_feed,652e445c000000000200d49f,2024-06-07,https://www.xiaohongshu.com/user/profile/652e445c000000000200d49f?xsec_token=ABR0-MIHg6poJwknEtA4XHywMcVovQ8o2QzyuHDDwo5kM=&xsec_source=pc_note,海关查验扣货
刑事律师黄敬｜全国办案,2025走私罪量刑标准来了：逃税多少会被判,2,0,4,图文,https://www.xiaohongshu.com/explore/685a7d040000000010013657?xsec_token=AB-wss9kqb7E-NJMKqKDxvCQ9-zSYupE_CSe_VYA9NKVI=&xsec_source=pc_search&source=web_explore_feed,661fe4e6000000000b030789,06-24,https://www.xiaohongshu.com/user/profile/661fe4e6000000000b030789?xsec_token=ABu_2cnHecnVdBtqy9hYyZS2JG0UXU47NCsrKvic9e5qQ=&xsec_source=pc_note,海关查验扣货
捞耶儿赵,大量js夏日祭谷子被扣：已打包并标记收货人,36,8,7,图文,https://www.xiaohongshu.com/explore/68982d2a0000000023021336?xsec_token=ABNoQ4ckYv3yidpBgxZP_AmYi7RPx7J2Q9nJC_zUl9mnI=&xsec_source=pc_search&source=web_explore_feed,563711b782718c21d917450f,08-11,https://www.xiaohongshu.com/user/profile/563711b782718c21d917450f?xsec_token=ABfjOcSX4goTXQV4dsfj-L8svTwCe7HOgz_quQUVjpcEg=&xsec_source=pc_note,海关查验扣货
捞耶儿赵,海关查扣7000个动漫徽章！有第五人格等,111,117,23,图文,https://www.xiaohongshu.com/explore/6828b3110000000021018096?xsec_token=ABb_uzxn1Cd-j8UWZGAI6qfidSsI7fEaJcW2gjqfDYmoM=&xsec_source=pc_search&source=web_explore_feed,563711b782718c21d917450f,05-18,https://www.xiaohongshu.com/user/profile/563711b782718c21d917450f?xsec_token=ABfjOcSX4goTXQV4dsfj-L8svTwCe7HOgz_quQUVjpcEg=&xsec_source=pc_note,海关查验扣货
捞耶儿赵,海关8月开箱：鬼灭之刃、孤独摇滚,350,149,39,图文,https://www.xiaohongshu.com/explore/68a19ff1000000001b01ec16?xsec_token=AB6AaYvUILDSaA_9-HlCxVaWz5tFfA7O5Ileb0TR7zM4k=&xsec_source=pc_search&source=web_explore_feed,563711b782718c21d917450f,08-17,https://www.xiaohongshu.com/user/profile/563711b782718c21d917450f?xsec_token=ABfjOcSX4goTXQV4dsfj-L8svTwCe7HOgz_quQUVjpcEg=&xsec_source=pc_note,海关查验扣货
吴国雄海关律师,这些鞋子很贵吗？全被海关扣下,377,74,56,图文,https://www.xiaohongshu.com/explore/689eb950000000001d018b93?xsec_token=ABD8ADYk-RA6G0oEN9UQaymw8VGFMV_RuQXqipezEMCWM=&xsec_source=pc_search&source=web_explore_feed,646dd2c50000000011003db0,08-15,https://www.xiaohongshu.com/user/profile/646dd2c50000000011003db0?xsec_token=ABrc01dOcnLYdL_EF499rSd04EahGv9vw6Cc_yUUd24X8=&xsec_source=pc_note,海关查验扣货
捞耶儿赵,海关总署：二次元浓度最高的国家机关,977,94,154,图文,https://www.xiaohongshu.com/explore/67c056f900000000090389dd?xsec_token=ABAvgA0AsaYsqzeqxTygQ3JcEs4UjzmhGdmamS6lU7Axw=&xsec_source=pc_search&source=web_explore_feed,563711b782718c21d917450f,02-28,https://www.xiaohongshu.com/user/profile/563711b782718c21d917450f?xsec_token=ABfjOcSX4goTXQV4dsfj-L8svTwCe7HOgz_quQUVjpcEg=&xsec_source=pc_note,海关查验扣货
上海海关法翁律师,走私行政处罚案件期限要多久？,5,0,1,图文,https://www.xiaohongshu.com/explore/6881d06a000000001203f5c4?xsec_token=ABae3v3mu5EzuDVv_XftVqtwvwcVRFuT74ozvN3rV8AdM=&xsec_source=pc_search&source=web_explore_feed,67ff499d0000000008014e94,07-24,https://www.xiaohongshu.com/user/profile/67ff499d0000000008014e94?xsec_token=ABelVsJmhZhy6DRYn2xLuDehmv9qGn5WDYUu9SowjeQhs=&xsec_source=pc_note,海关查验扣货
一大桶半灌水,国际邮件被海关扣住❓  3⃣️步快速解决,68,6,44,图文,https://www.xiaohongshu.com/explore/67284ee1000000003c01c397?xsec_token=ABogtWqhtZ5LKnvuyOv0saVfwXrJcREREmntluCK4bcUQ=&xsec_source=pc_search&source=web_explore_feed,62e3f7580000000015015e92,2024-11-04,https://www.xiaohongshu.com/user/profile/62e3f7580000000015015e92?xsec_token=ABK_6Qm2CMWWmOMtnj7jly72Ajvtmaq9waunTetO2NA4E=&xsec_source=pc_note,海关查验扣货
池猛律师【海关+刑事】,海关查获：电子烟烟油87个，暂不予放行,37,365,71,图文,https://www.xiaohongshu.com/explore/67ac04d0000000001902f34f?xsec_token=AB1ZlMH4DCPg9A-2CAr8cHVlbkafWcxpqEVm8cYyjNmfs=&xsec_source=pc_search&source=web_explore_feed,652e445c000000000200d49f,02-12,https://www.xiaohongshu.com/user/profile/652e445c000000000200d49f?xsec_token=ABR0-MIHg6poJwknEtA4XHywMcVovQ8o2QzyuHDDwo5kM=&xsec_source=pc_note,海关查验扣货
崔律师 Neo,📌 跨境电商货物被美国海关扣押？📦🚨,9,1,6,图文,https://www.xiaohongshu.com/explore/67a104c8000000002a002098?xsec_token=ABt9oCyEVgj2SB3a8VCfJOherT9M_wD_sc4jyRM3ldnYw=&xsec_source=pc_search&source=web_explore_feed,654259ed000000000301f940,02-04,https://www.xiaohongshu.com/user/profile/654259ed000000000301f940?xsec_token=AB6nN8NhTOJ58QKeFHZWYFoIw_1zqK8VwKpljkARbiMlY=&xsec_source=pc_note,海关查验扣货
吴国雄海关律师,海关查获：谁的团谁的谷子，有名有姓！,201,19,13,图文,https://www.xiaohongshu.com/explore/6899abc4000000000500b09d?xsec_token=ABkjZsG_LweObhJHtrabU0AVZghBb6eGtkPPcO6LaXnSY=&xsec_source=pc_search&source=web_explore_feed,646dd2c50000000011003db0,08-11,https://www.xiaohongshu.com/user/profile/646dd2c50000000011003db0?xsec_token=ABrc01dOcnLYdL_EF499rSd04EahGv9vw6Cc_yUUd24X8=&xsec_source=pc_note,海关查验扣货
捞耶儿赵,593盒！宝可梦SV8A卡牌入境被海关查扣,517,259,170,图文,https://www.xiaohongshu.com/explore/67838a08000000000b023db3?xsec_token=ABJ4UGmvqf54-qVA1rCUfrCvJye9HFUysGLFzTtYEVMR8=&xsec_source=pc_search&source=web_explore_feed,563711b782718c21d917450f,01-13,https://www.xiaohongshu.com/user/profile/563711b782718c21d917450f?xsec_token=ABfjOcSX4goTXQV4dsfj-L8svTwCe7HOgz_quQUVjpcEg=&xsec_source=pc_note,海关查验扣货
李律师（付费咨询）,海关处罚案例（8.24）丨海关合规,5,0,2,图文,https://www.xiaohongshu.com/explore/68aafb60000000001d01dcd5?xsec_token=ABk2ms65nHesivpcMELOhXsBIAI0yHvhiqIepkgstiMQc=&xsec_source=pc_search&source=web_explore_feed,6080fe630000000001003b37,08-24,https://www.xiaohongshu.com/user/profile/6080fe630000000001003b37?xsec_token=ABbFx7d_KZo4sx0xKyKx_bR18UVg8WCCN4cErWWQEL-WU=&xsec_source=pc_note,海关查验扣货
一心一德律师事务所,从美国海关10单成功退回！总货值超百万美金,3,2,1,图文,https://www.xiaohongshu.com/explore/687ef8790000000011003a4e?xsec_token=ABw-eX8k_RAinWhrt_qGyQy16BDkJHnZddyjaEDonDInI=&xsec_source=pc_search&source=web_explore_feed,67fdb919000000000a03db80,07-22,https://www.xiaohongshu.com/user/profile/67fdb919000000000a03db80?xsec_token=ABZLBgTbSFQqwHmNmJ8jkdYqYf7rb-9q-zXc6DXONotiI=&xsec_source=pc_note,海关查验扣货
捞耶儿赵,深圳海关查扣40盒NBA球星卡，价值几何？,12,19,4,图文,https://www.xiaohongshu.com/explore/686cbaf6000000001d00ee54?xsec_token=ABLBcJhZI9fGcYSBiCcy1JgnOo9bnl8HOefvb9FDOmNxc=&xsec_source=pc_search&source=web_explore_feed,563711b782718c21d917450f,07-10,https://www.xiaohongshu.com/user/profile/563711b782718c21d917450f?xsec_token=ABfjOcSX4goTXQV4dsfj-L8svTwCe7HOgz_quQUVjpcEg=&xsec_source=pc_note,海关查验扣货
杨律师,跨境货款被扣关？这样区分责任不吃亏！💰,1,0,1,图文,https://www.xiaohongshu.com/explore/67f38ebb000000001d02cab8?xsec_token=AB-LG1mc-UeRyStq6Z2d1tkMeb5t1BZUiwRr23qptFfrY=&xsec_source=pc_search&source=web_explore_feed,61ea0349000000001000cbde,04-07,https://www.xiaohongshu.com/user/profile/61ea0349000000001000cbde?xsec_token=ABEZivMX41amS0CI0Bos2Q72hqAa9GaXPL7wJ9ZtR1qug=&xsec_source=pc_note,海关查验扣货
捞耶儿赵,228盒LABUBU：你在端盒，海关在端你。,54,62,12,图文,https://www.xiaohongshu.com/explore/6875aaaa000000002400d4b1?xsec_token=AB6cgbj65ocgmiguj0d1eLFJeJ6es49T8p9V5gKx_1Jms=&xsec_source=pc_search&source=web_explore_feed,563711b782718c21d917450f,07-15,https://www.xiaohongshu.com/user/profile/563711b782718c21d917450f?xsec_token=ABfjOcSX4goTXQV4dsfj-L8svTwCe7HOgz_quQUVjpcEg=&xsec_source=pc_note,海关查验扣货
林律在深圳,在正规网站海淘也走私？（一）,75,39,38,图文,https://www.xiaohongshu.com/explore/6842f398000000000f0388aa?xsec_token=ABePnJsW0xF39gGhjfumUN3eWA4D2yCIG45HEsQIgPNAo=&xsec_source=pc_search&source=web_explore_feed,5c8d146e000000001102cd97,06-06,https://www.xiaohongshu.com/user/profile/5c8d146e000000001102cd97?xsec_token=ABH3EMKYLGfxuglsn-t4K0zCdZ2v9AddmASj6dhmmwGhk=&xsec_source=pc_note,海关查验扣货
缉私问题找布叔,崽们最近上镜的频率高，代购们功不可没,9,0,3,图文,https://www.xiaohongshu.com/explore/67c075970000000029036659?xsec_token=ABAvgA0AsaYsqzeqxTygQ3JX35hQov3HdDSLcB4kFLuhY=&xsec_source=pc_search&source=web_explore_feed,668b572e000000000b031e35,02-27,https://www.xiaohongshu.com/user/profile/668b572e000000000b031e35?xsec_token=AB10dhQ2yblwK2Iyi0LbkhoVc4hBhC_e6onhuXJak6Eds=&xsec_source=pc_note,海关查验扣货
熙浦国际搬家,我谢谢您双清包税❗海运家具被查了❗,25,5,11,图文,https://www.xiaohongshu.com/explore/67500e130000000007026510?xsec_token=ABVJQ_ec3IewkeXjOW9iDmU2gOLra_rIvTxa2HCTPKZVo=&xsec_source=pc_search&source=web_explore_feed,5e620405000000000100416b,02-25,https://www.xiaohongshu.com/user/profile/5e620405000000000100416b?xsec_token=ABzc5jfBGe31HGtacTyxndV0E3l1mXXi4OYMH0zbxmbtY=&xsec_source=pc_note,海关查验扣货
捞耶儿赵,海关最新开箱：第五人格、地缚少年花子君,978,374,139,图文,https://www.xiaohongshu.com/explore/67af1c50000000001800978e?xsec_token=AB2iZ03pn9AFoxMk5d8jLmY_GerK5lV01qxm0ByN6OXE0=&xsec_source=pc_search&source=web_explore_feed,563711b782718c21d917450f,02-15,https://www.xiaohongshu.com/user/profile/563711b782718c21d917450f?xsec_token=ABfjOcSX4goTXQV4dsfj-L8svTwCe7HOgz_quQUVjpcEg=&xsec_source=pc_note,海关查验扣货
北京税务律师池翔,海关放行了 怎么也被判刑,4,3,11,图文,https://www.xiaohongshu.com/explore/66cdaf15000000001d018590?xsec_token=ABbgYd4AUQkUquqfEeLB6vCaTDpH5ij3DsDanP2aqaoq4=&xsec_source=pc_search&source=web_explore_feed,650a40250000000002010d4f,2024-08-27,https://www.xiaohongshu.com/user/profile/650a40250000000002010d4f?xsec_token=ABwU34R5tcBpfhHpsT2OQ0QXCJX0c25AR1QIaLsKFfH1M=&xsec_source=pc_note,海关查验扣货
