﻿昵称,标题,点赞数,评论数,收藏数,类型,笔记链接,UID,发布日期,主页链接,搜索词语
遥望135.2877.5862,德国展会被扣货？一文看懂清关流程！,0,0,0,图文,https://www.xiaohongshu.com/explore/68b6c12d000000001d01889f?xsec_token=ABM8UCTYfmKfn1zOTWCPnLqLINEVE-N-U9uXC0ioNvyBA=&xsec_source=pc_search&source=web_explore_feed,626774ce000000001000635e,2小时前,https://www.xiaohongshu.com/user/profile/626774ce000000001000635e?xsec_token=ABreJbpyFWrE0jXo1AYNDy7o0wctTn_csDF4j4oeOWZMc=&xsec_source=pc_note,海关查验扣货
电动自行车专线冰冰,必须时刻关注海关的动态！规避风险顺利通关,0,0,0,图文,https://www.xiaohongshu.com/explore/68b6bbab000000001d02fe2e?xsec_token=ABM8UCTYfmKfn1zOTWCPnLqEHCxhXLbYPndVypKeDRk8g=&xsec_source=pc_search&source=web_explore_feed,5e9b1eca000000000100461d,2小时前,https://www.xiaohongshu.com/user/profile/5e9b1eca000000000100461d?xsec_token=ABXSVmR6nEakxgxXcojX9nRP6CZCi2eqhvM_L1fP4fsaU=&xsec_source=pc_note,海关查验扣货
提啊_Tia📦国际货运,发意大利秒懂海关清关&La Spezia港实操指南,0,1,0,图文,https://www.xiaohongshu.com/explore/68b64bee000000001d02d428?xsec_token=ABM8UCTYfmKfn1zOTWCPnLqFXTgm8mQ7ZtP7BBqdDTr40=&xsec_source=pc_search&source=web_explore_feed,5a8c2e3d11be106b3c15cb3a,10小时前,https://www.xiaohongshu.com/user/profile/5a8c2e3d11be106b3c15cb3a?xsec_token=ABrN6dpc9vnEQG97eNgufAmciuHYQskXrC6uSnWSsFonI=&xsec_source=pc_note,海关查验扣货
"美国小包,海外仓,尾派账号-袁生",无标题,0,0,0,图文,https://www.xiaohongshu.com/explore/68b6297d000000001d019b96?xsec_token=ABM8UCTYfmKfn1zOTWCPnLqKbkUOgRibvL4gWVqhYOnGE=&xsec_source=pc_search&source=web_explore_feed,6631897d0000000007004e80,13小时前,https://www.xiaohongshu.com/user/profile/6631897d0000000007004e80?xsec_token=ABUXZtP4SrKjwVZxrVWd4wTsfj1JX0_Rjnn5QTSY6fqnA=&xsec_source=pc_note,海关查验扣货
大胡子MAX,最近海关查验扣货的特别多，来说说啥情况,4,2,1,图文,https://www.xiaohongshu.com/explore/68b58274000000001c0312e7?xsec_token=ABuR5rIn8ZI5jRwzT67T_AcoW5PJeJ4jQKWcc0k2lzBeU=&xsec_source=pc_search&source=web_explore_feed,56381d99e58d13471cf5f573,1天前,https://www.xiaohongshu.com/user/profile/56381d99e58d13471cf5f573?xsec_token=ABGpdScTX7h9O4CcrjwciCSVVESnTQ1XGIegXt_ok7wMU=&xsec_source=pc_note,海关查验扣货
七大洲国际物流-Bling Xin,海运清关被扣货？亏了 3 万才总结的...😭,1,0,0,图文,https://www.xiaohongshu.com/explore/68b53b6f000000001d026bcd?xsec_token=ABuR5rIn8ZI5jRwzT67T_AcgNQ-4tCzpOlMWcTbm7dKI8=&xsec_source=pc_search&source=web_explore_feed,67ce4f11000000000402ac2b,1天前,https://www.xiaohongshu.com/user/profile/67ce4f11000000000402ac2b?xsec_token=ABbWgUIrfD4xM0vEt6cqg27KZd3wMewAh65e9AnPAOLCI=&xsec_source=pc_note,海关查验扣货
美加墨DDP,吐血整理！反倾销货物清关秘籍大公开🚢,3,0,2,图文,https://www.xiaohongshu.com/explore/68b53873000000001d01c960?xsec_token=ABuR5rIn8ZI5jRwzT67T_AcpqI2xt4d8zKpD7puWhyKN8=&xsec_source=pc_search&source=web_explore_feed,6180bf8e000000000201e761,1天前,https://www.xiaohongshu.com/user/profile/6180bf8e000000000201e761?xsec_token=AB9ZO76ko38WpjcfA6muZ9plqVL9Ic7yiIhLzlq9jPsRk=&xsec_source=pc_note,海关查验扣货
美国整柜DDP肖肖,🔍 海关查验率爆降秘籍！这样申报真的稳,0,0,0,图文,https://www.xiaohongshu.com/explore/68b504f5000000001b03c9b5?xsec_token=ABuR5rIn8ZI5jRwzT67T_Acg4NNDTrbPbpZhvye4JcDno=&xsec_source=pc_search&source=web_explore_feed,5c2f3c48000000000603cace,1天前,https://www.xiaohongshu.com/user/profile/5c2f3c48000000000603cace?xsec_token=AB_G5vnWpSCCC5vOewhJFiMHmPWsDyQpv3_Eu4x0_qJ5o=&xsec_source=pc_note,海关查验扣货
进出口代理姜姜,上海海关新规，买单报关要注意了,1,0,0,图文,https://www.xiaohongshu.com/explore/68b4ee5b000000001d01d74d?xsec_token=ABPMJ9ymSAe4QvE3Wiv4XEPe_k-xTfBtvRw8a3vB8MeUw=&xsec_source=pc_search&source=web_explore_feed,5c932a39000000001000597a,1天前,https://www.xiaohongshu.com/user/profile/5c932a39000000001000597a?xsec_token=ABRohDyus_6heurzA9cWAtACPeSYhizVfiu3R1Lb8kphk=&xsec_source=pc_note,海关查验扣货
能让船长开船的货代,无标题,1,3,0,图文,https://www.xiaohongshu.com/explore/68b2ebbf000000001c03cdf4?xsec_token=AB47qw1xEuasclD4mJ_0a0VnG5D82QlM03teFAOgfqVgc=&xsec_source=pc_search&source=web_explore_feed,5d4259de00000000110217c8,3天前,https://www.xiaohongshu.com/user/profile/5d4259de00000000110217c8?xsec_token=ABH4WyjlbzWZdR-g6rwki1hfFE_I7g8kX0grS0x6mQou0=&xsec_source=pc_note,海关查验扣货
小红薯68A5E1C0,无标题,0,0,0,图文,https://www.xiaohongshu.com/explore/68b05054000000001d03612e?xsec_token=ABpIKfUuf0BfH5zuH40aZtyF7VmCxa2k1TDFS9_CTVDOw=&xsec_source=pc_search&source=web_explore_feed,68a4110b0000000019013ddb,4天前,https://www.xiaohongshu.com/user/profile/68a4110b0000000019013ddb?xsec_token=AByKT6voQoHBr_gyvKzXI1BjJyiY7-mAVYGgKlFFUUNEU=&xsec_source=pc_note,海关查验扣货
小红薯6864C77F,无标题,2,1,2,图文,https://www.xiaohongshu.com/explore/68b015d6000000001b031fc9?xsec_token=ABpIKfUuf0BfH5zuH40aZtyCAs1sjBGAJxtagsKTu7WSA=&xsec_source=pc_search&source=web_explore_feed,65a9be8f00000000080156b9,5天前,https://www.xiaohongshu.com/user/profile/65a9be8f00000000080156b9?xsec_token=ABAR5NR2AwsRVvn6NwImh2yarlujKn7QbvPoSlsYhesI8=&xsec_source=pc_note,海关查验扣货
ViVi(欧美海外仓),美国海关查验扣货,0,0,0,图文,https://www.xiaohongshu.com/explore/68b0122b000000001b01d301?xsec_token=ABpIKfUuf0BfH5zuH40aZtyKeJ8nYRFnCmF_OC50zXHjs=&xsec_source=pc_search&source=web_explore_feed,673ad684000000001d02d810,5天前,https://www.xiaohongshu.com/user/profile/673ad684000000001d02d810?xsec_token=ABc8ovRP-QAd7lGkcfXpL8weugPO7Lu5GqJz56qXQAK1A=&xsec_source=pc_note,海关查验扣货
Kaidi 焰潮（重头再来）,外贸人必存！常用HS编码表+实操指南📦,7,0,5,图文,https://www.xiaohongshu.com/explore/68affc7e000000001d018855?xsec_token=ABzif-jWSd4GWoelTS4uizuehEABPh0yg7wxi7ZakmISw=&xsec_source=pc_search&source=web_explore_feed,689d40e3000000001900db93,5天前,https://www.xiaohongshu.com/user/profile/689d40e3000000001900db93?xsec_token=ABjjuEAxdsZMJzHFKuJCo8V0C8in4oVmY7swsokxNcLyw=&xsec_source=pc_note,海关查验扣货
大胡子MAX,你有没有查验发现HS错误扣货了🫣🫣🫣,11,5,9,图文,https://www.xiaohongshu.com/explore/68959e650000000023018544?xsec_token=ABIF-gW9J91Te8IM1nMwfYHelXAZiC_DZfiPpE0ybCVPQ=&xsec_source=pc_search&source=web_explore_feed,56381d99e58d13471cf5f573,5天前,https://www.xiaohongshu.com/user/profile/56381d99e58d13471cf5f573?xsec_token=ABGpdScTX7h9O4CcrjwciCSVVESnTQ1XGIegXt_ok7wMU=&xsec_source=pc_note,海关查验扣货
疑难杂症进出口aiss,再生铜进口清关避坑指南 海关查验不再慌✨,0,0,0,图文,https://www.xiaohongshu.com/explore/68ae673e000000001b035b8a?xsec_token=ABowtVsZD-0MlUWV7KQb22OXphNl1UAMWSPRoPn-TMFAU=&xsec_source=pc_search&source=web_explore_feed,66aa4302000000001d021bf6,6天前,https://www.xiaohongshu.com/user/profile/66aa4302000000001d021bf6?xsec_token=ABsSi65jm-9PXzThQRwr0JxsCuLmvBhVVVaTqZQhYVLBc=&xsec_source=pc_note,海关查验扣货
中东小橘子,🚨海关黑名单曝光！这5类产品拒收率最高,2,0,1,图文,https://www.xiaohongshu.com/explore/68ad62de000000001d012161?xsec_token=ABvQOHF3kiCnPyPEgiyNt4d_RvAW6HwVvvr41rYG6_MTQ=&xsec_source=pc_search&source=web_explore_feed,685f4714000000001e03db9a,08-26,https://www.xiaohongshu.com/user/profile/685f4714000000001e03db9a?xsec_token=AB0-oKSU9nVzRKGLOVPooNuGMIcJ2RNkFtY4y6emCh_hI=&xsec_source=pc_note,海关查验扣货
乐天红薯酱,近期海关大面积严查！,0,0,0,图文,https://www.xiaohongshu.com/explore/68abcf22000000001c00bccf?xsec_token=ABcA8pI1izllr32s8u8bEyLew387WLNfhZg4IJf9BiATI=&xsec_source=pc_search&source=web_explore_feed,624847ef0000000021029a65,08-25,https://www.xiaohongshu.com/user/profile/624847ef0000000021029a65?xsec_token=ABM5z21YRVRBwS0Sq9I-y-Aydpa6hcpAptMmi_NE5wLLc=&xsec_source=pc_note,海关查验扣货
李律师（付费咨询）,海关的扣押与处罚丨海关合规,1,0,0,图文,https://www.xiaohongshu.com/explore/68aafb8b000000001d037fd8?xsec_token=ABk2ms65nHesivpcMELOhXsEvn08P_hgfoaOkHNUYzHZo=&xsec_source=pc_search&source=web_explore_feed,6080fe630000000001003b37,08-24,https://www.xiaohongshu.com/user/profile/6080fe630000000001003b37?xsec_token=ABbFx7d_KZo4sx0xKyKx_bR18UVg8WCCN4cErWWQEL-WU=&xsec_source=pc_note,海关查验扣货
国际物流寄回国,无标题,0,0,0,图文,https://www.xiaohongshu.com/explore/68aaf455000000001c009f28?xsec_token=ABk2ms65nHesivpcMELOhXsBwkxjG8KazjIsKE_rSsuYk=&xsec_source=pc_search&source=web_explore_feed,68522781000000001d008837,08-24,https://www.xiaohongshu.com/user/profile/68522781000000001d008837?xsec_token=ABYH5Y0SCBndxv64auQty66QZ66C0l_JmGJU2Usahspek=&xsec_source=pc_note,海关查验扣货
龙运天下集运,如何避免英国海关扣货？这些技巧要知道,1,0,0,图文,https://www.xiaohongshu.com/explore/68a96fe9000000001c03579f?xsec_token=ABSqYtqCQzc1TGK4Wey-zRY02o7PV1xwtMVE36aqPVo2o=&xsec_source=pc_search&source=web_explore_feed,67c6c35c00000000060112cd,08-23,https://www.xiaohongshu.com/user/profile/67c6c35c00000000060112cd?xsec_token=ABrQcDvrM1pC4dcepjxu7VxtipgIvu97VVKsFLOsk91EA=&xsec_source=pc_note,海关查验扣货
Luna,⚠️货权查验风暴来袭,2,0,0,图文,https://www.xiaohongshu.com/explore/68a8409c000000001c0373c7?xsec_token=ABZcF_qfOtnpIVaFt_wz-hdXro_0gVuDjW0C0JZJG42rk=&xsec_source=pc_search&source=web_explore_feed,5a9c963e11be1053d24ccbb3,08-22,https://www.xiaohongshu.com/user/profile/5a9c963e11be1053d24ccbb3?xsec_token=ABQnz7edBR5rSS9uUI1yxiqcX2MJt0TzqBjkyzhFPEVaY=&xsec_source=pc_note,海关查验扣货
小张干货分享,给中国海关点赞！,1,0,1,图文,https://www.xiaohongshu.com/explore/68a817c3000000001d008e84?xsec_token=ABZcF_qfOtnpIVaFt_wz-hdXkCvsMxxaRnIJ-vRlch10Y=&xsec_source=pc_search&source=web_explore_feed,686c6a89000000001d00b55e,08-22,https://www.xiaohongshu.com/user/profile/686c6a89000000001d00b55e?xsec_token=ABLBcJhZI9fGcYSBiCcy1Jgqn0UrMVXY2ccP5CtD7gnrg=&xsec_source=pc_note,海关查验扣货
国际畅快物流bem,个人包裹超限被海关查扣要商业报关手续？,0,0,0,图文,https://www.xiaohongshu.com/explore/68a7c7a4000000001c033e45?xsec_token=ABvXZkEUBGRTQvgvxAgYNyFbAdFmCsvLQyIGVCQ0STAe4=&xsec_source=pc_search&source=web_explore_feed,5ab87dc111be103354d13e91,08-22,https://www.xiaohongshu.com/user/profile/5ab87dc111be103354d13e91?xsec_token=AB4DCpOsw2gBrwW5o1lYA1vcIu23yXcAoVeQCPVvoT3Lg=&xsec_source=pc_note,海关查验扣货
货运直通车,电子烟发美国被扣货？快看看什么原因？,3,0,2,图文,https://www.xiaohongshu.com/explore/68a7bb1b000000001d02d84c?xsec_token=ABvXZkEUBGRTQvgvxAgYNyFWbWE4wkyCI-QUVDcM593Y8=&xsec_source=pc_search&source=web_explore_feed,65dbe403000000000d0260c1,08-22,https://www.xiaohongshu.com/user/profile/65dbe403000000000d0260c1?xsec_token=ABp2HVu8xSGYSkjj0oGBPEfbe5QzgrhvmKBJWqhGxpUdU=&xsec_source=pc_note,海关查验扣货
荔枝.,崩溃！货被美国海关扣住了！,7,2,4,图文,https://www.xiaohongshu.com/explore/68a6eba1000000001c00cf96?xsec_token=ABguL1Jx3h8Ur75ternGsEp-3Rd8A4UnUI-VIakafWFHY=&xsec_source=pc_search&source=web_explore_feed,5f17a8bb000000000101ef3a,08-21,https://www.xiaohongshu.com/user/profile/5f17a8bb000000000101ef3a?xsec_token=AB8v98j-zpaE2uH5HOOYwT5ymiR8u9QXed5Z6UIm4AOok=&xsec_source=pc_note,海关查验扣货
电商出海小妮子,压缩机出口清关三招稳过关不被扣留轻松搞定,1,0,1,图文,https://www.xiaohongshu.com/explore/68a2d380000000001c03f1bd?xsec_token=ABanOXQ1BMHWyM5V9nxpgpkHQotzQWOAYWiJdhQJtNEs8=&xsec_source=pc_search&source=web_explore_feed,64ca24db000000000b007cd8,08-20,https://www.xiaohongshu.com/user/profile/64ca24db000000000b007cd8?xsec_token=AB2JQ-ECz1fpVALtHZqdBaMgm1dIL_s_7RgIPKC1MPEto=&xsec_source=pc_note,海关查验扣货
小红帽的外贸日常,"海关查验,进了 “小黑屋” 就彻底完蛋了",0,0,0,图文,https://www.xiaohongshu.com/explore/68a3237e000000001b01e8ad?xsec_token=ABkwENhpZWDguFQeIVZAQkRfH8GlPQDRKmXRv0AiQdr2g=&xsec_source=pc_search&source=web_explore_feed,63e1ab0c0000000027028982,08-19,https://www.xiaohongshu.com/user/profile/63e1ab0c0000000027028982?xsec_token=ABuF7V0naMI8cP0Fj9ww5ZYgsCq_K1BfvRyauxn4ZyWuU=&xsec_source=pc_note,海关查验扣货
长盈,无标题,1,0,0,图文,https://www.xiaohongshu.com/explore/68a31293000000001d015044?xsec_token=ABkwENhpZWDguFQeIVZAQkRVwSRD1PHmoqIeSe1MN-mQg=&xsec_source=pc_search&source=web_explore_feed,5dd9ffea0000000001005018,08-18,https://www.xiaohongshu.com/user/profile/5dd9ffea0000000001005018?xsec_token=ABDokg0OGUpWG1wF8MUlDBL4wS9pGPq_0OgHF2qs5I7oE=&xsec_source=pc_note,海关查验扣货
捷颂达全球货运,一分钟看懂海关查验的原因、类型、流程📒,2,1,3,图文,https://www.xiaohongshu.com/explore/68a2d71b000000001b03ff6f?xsec_token=ABanOXQ1BMHWyM5V9nxpgpkAC3d9zC19IHkjguYfk6vVg=&xsec_source=pc_search&source=web_explore_feed,5b48ee114eacab3cea5a1040,08-18,https://www.xiaohongshu.com/user/profile/5b48ee114eacab3cea5a1040?xsec_token=AB5fzxNwEhMLm_LHuxT-2Roq4c9VBMk7NjE5wK3rcnLa4=&xsec_source=pc_note,海关查验扣货
一枚宁波小货代,根据自己遇到的事情，总结的一些经验,0,2,1,图文,https://www.xiaohongshu.com/explore/68a2d44d000000001d00efd7?xsec_token=ABanOXQ1BMHWyM5V9nxpgpkBVT2h836LE26Z86UQ-pU1U=&xsec_source=pc_search&source=web_explore_feed,64b91d4f0000000014037eca,08-18,https://www.xiaohongshu.com/user/profile/64b91d4f0000000014037eca?xsec_token=ABDxUJ3kK9fphC8yG3bUZtSEsZy4H-h2wM8HjS8cAoOfQ=&xsec_source=pc_note,海关查验扣货
龙义华🐱,CBP正在查验的货物，突然BOND失效了怎么办,15,3,14,图文,https://www.xiaohongshu.com/explore/68a1883b000000001d00b1ee?xsec_token=AB6AaYvUILDSaA_9-HlCxVafQsCH6QVpYVa9w_dNPzSdk=&xsec_source=pc_search&source=web_explore_feed,6263dbad0000000010008316,08-17,https://www.xiaohongshu.com/user/profile/6263dbad0000000010008316?xsec_token=ABJ9-c9EETcRRPMejyZYItJeQyePkR7nCE9_qB0KrJ13A=&xsec_source=pc_note,海关查验扣货
中外联检报关代理,进口货物清关遇到扣货怎么办?专业处理😎,4,0,0,图文,https://www.xiaohongshu.com/explore/689feb9e000000001d015ef1?xsec_token=ABvd8aG3pOwUXCK3KnSnO76Vhq9tCJFCDHk9CPGdeJ-g0=&xsec_source=pc_search&source=web_explore_feed,6827040b0000000007003848,08-16,https://www.xiaohongshu.com/user/profile/6827040b0000000007003848?xsec_token=ABqaNvzm3cBHEpKkUl1TOkicBU5RE9bh_VXViFEaKQKYw=&xsec_source=pc_note,海关查验扣货
吴国雄海关律师,这些鞋子很贵吗？全被海关扣下,377,74,56,图文,https://www.xiaohongshu.com/explore/689eb950000000001d018b93?xsec_token=ABD8ADYk-RA6G0oEN9UQaymw8VGFMV_RuQXqipezEMCWM=&xsec_source=pc_search&source=web_explore_feed,646dd2c50000000011003db0,08-15,https://www.xiaohongshu.com/user/profile/646dd2c50000000011003db0?xsec_token=ABrc01dOcnLYdL_EF499rSd04EahGv9vw6Cc_yUUd24X8=&xsec_source=pc_note,海关查验扣货
格略律师事务所,出口被扣！虚假申报货物，庄家直接判陪45万,1,0,0,图文,https://www.xiaohongshu.com/explore/689b0e7e000000001c03168f?xsec_token=ABtmnkyCRky7POgYmkI0MgtYk8KIk1oic5XDnk417XzZE=&xsec_source=pc_search&source=web_explore_feed,65f15aa8000000000b032830,08-14,https://www.xiaohongshu.com/user/profile/65f15aa8000000000b032830?xsec_token=ABPkLbVOs3U9opKj2rbhGM8xFwPVojsEDnb7es9l_UAj0=&xsec_source=pc_note,海关查验扣货
Rhea再想想,弟弟问，为啥有的报关行海关查验率那么高？,14,1,12,图文,https://www.xiaohongshu.com/explore/689c82c4000000001d015d14?xsec_token=ABTg6ARQ8QXqSCD1XaRx8pKyue4GXEK_j2KGOABH_tuQI=&xsec_source=pc_search&source=web_explore_feed,6699195b00000000240236ff,08-13,https://www.xiaohongshu.com/user/profile/6699195b00000000240236ff?xsec_token=ABhCDPxE1kvYMf-E_2Blcq5X1mKdFdnkQBny_7WM_DmR8=&xsec_source=pc_note,海关查验扣货
清关科长,fedex快递被扣广州海关怎么报关？,2,0,0,图文,https://www.xiaohongshu.com/explore/689c1a3e000000001d010d05?xsec_token=ABTg6ARQ8QXqSCD1XaRx8pKzKHAToHo6x3D28FlpOmc8o=&xsec_source=pc_search&source=web_explore_feed,65f116680000000005009081,08-13,https://www.xiaohongshu.com/user/profile/65f116680000000005009081?xsec_token=ABPkLbVOs3U9opKj2rbhGM8yhEBaf5qN0DV5jCKtR-MG8=&xsec_source=pc_note,海关查验扣货
芙蓉王先生,超2500万美元！连续两天，5批中国货物被查,1,0,1,图文,https://www.xiaohongshu.com/explore/689b0398000000001d023977?xsec_token=ABtmnkyCRky7POgYmkI0MgtSfFEAniGwy51FO7qLaVbAM=&xsec_source=pc_search&source=web_explore_feed,67516178000000001d02d439,08-12,https://www.xiaohongshu.com/user/profile/67516178000000001d02d439?xsec_token=ABvcY89ZiGPyzOJ307Gc4M2dqIS2loNQF0wAiK6TlKZLU=&xsec_source=pc_note,海关查验扣货
Pooh 🧀,外贸空派遇到海关查验,8,22,2,图文,https://www.xiaohongshu.com/explore/689aaac60000000023018fa1?xsec_token=ABVrFmQIF-pflFP6Cb-_pjH_ZtQ9ExoFZtKndSnx8N4FQ=&xsec_source=pc_search&source=web_explore_feed,63d797d80000000026012860,08-12,https://www.xiaohongshu.com/user/profile/63d797d80000000026012860?xsec_token=ABoQOzrucAG27WCZUOBYg6kjonx_-6bDGAj0BQiaXIhDY=&xsec_source=pc_note,海关查验扣货
芙蓉王先生,超2500万美元！连续两天，5批中国货物被查扣,0,0,1,图文,https://www.xiaohongshu.com/explore/689aa6550000000004003933?xsec_token=ABVrFmQIF-pflFP6Cb-_pjH33J9LYzO-o25FNi7iVUOFE=&xsec_source=pc_search&source=web_explore_feed,67516178000000001d02d439,08-12,https://www.xiaohongshu.com/user/profile/67516178000000001d02d439?xsec_token=ABvcY89ZiGPyzOJ307Gc4M2dqIS2loNQF0wAiK6TlKZLU=&xsec_source=pc_note,海关查验扣货
猕猴桃跨境日志,中国卖家已有人损失300万，这些坑千万别踩,1,0,1,图文,https://www.xiaohongshu.com/explore/6899a3780000000023024cb9?xsec_token=ABkjZsG_LweObhJHtrabU0AX89Ofc0LTCRKRIHrucRlgY=&xsec_source=pc_search&source=web_explore_feed,5c51887c000000001102ef25,08-11,https://www.xiaohongshu.com/user/profile/5c51887c000000001102ef25?xsec_token=ABn-Q1eFm9J2rhHTedg-7EQMgTbd_2xbkK_2BS_3ect1o=&xsec_source=pc_note,海关查验扣货
momo,被海关扣了，我的盒儿～,11,21,10,图文,https://www.xiaohongshu.com/explore/6898c1f6000000002302324e?xsec_token=ABNoQ4ckYv3yidpBgxZP_Amba1KaQqPC9_iPVHd9pvx6A=&xsec_source=pc_search&source=web_explore_feed,5f45e2210000000001009e66,08-10,https://www.xiaohongshu.com/user/profile/5f45e2210000000001009e66?xsec_token=AB2Xjate76Y2O4N-uU8aUd9kKPfB56bcVl1-M4znQ0Uy0=&xsec_source=pc_note,海关查验扣货
EMB进口小助手,日本手办模型被扣？？,2,1,0,图文,https://www.xiaohongshu.com/explore/689593b9000000002500f90a?xsec_token=ABIF-gW9J91Te8IM1nMwfYHbrWNGnXGbzqMkaHQZwaTrU=&xsec_source=pc_search&source=web_explore_feed,63fce3c40000000014010380,08-08,https://www.xiaohongshu.com/user/profile/63fce3c40000000014010380?xsec_token=ABIrIGrbiygIQOpWHCBJ0MCzDN3rLk9cZIPo5ufakLBkQ=&xsec_source=pc_note,海关查验扣货
是懂海关扣货的胖哥哥,解答:手表被海关扣押，待处理什么意思,2,0,0,图文,https://www.xiaohongshu.com/explore/6894b0f800000000250105f1?xsec_token=ABs31wp_tR7_igOP5yiaAXUTFPAu3EJmX6L_1xp41aTNs=&xsec_source=pc_search&source=web_explore_feed,6254b302000000000d030f40,08-07,https://www.xiaohongshu.com/user/profile/6254b302000000000d030f40?xsec_token=AB25XIIb13zypsPMXsPR853AE3HelxFWgoef6mVfrR5OY=&xsec_source=pc_note,海关查验扣货
美线货代andy,🚢海运被美国海关扣了？别慌！超全避坑指南,0,0,0,图文,https://www.xiaohongshu.com/explore/689478ec000000002501b180?xsec_token=ABs31wp_tR7_igOP5yiaAXUdz4ZBw4QfooEngDU30ujBo=&xsec_source=pc_search&source=web_explore_feed,60e6c8e80000000001008a9b,08-07,https://www.xiaohongshu.com/user/profile/60e6c8e80000000001008a9b?xsec_token=ABaHdh1SfQMRllOLg3F0hDDF0oJDrDXHCTN_Uxhf5_9lg=&xsec_source=pc_note,海关查验扣货
📦跨境货运Finn,美国查验方式有几种？别再被扣货了,3,0,2,图文,https://www.xiaohongshu.com/explore/68947504000000000403f697?xsec_token=ABs31wp_tR7_igOP5yiaAXUdKUafYLFh0Liv9qOUaY7EI=&xsec_source=pc_search&source=web_explore_feed,64ad334b000000000a0227f6,08-07,https://www.xiaohongshu.com/user/profile/64ad334b000000000a0227f6?xsec_token=ABubh_G96EY9wBSiF9oFjA9Mzmk8vNMN6vKCfvPlZW_To=&xsec_source=pc_note,海关查验扣货
极鹭全球寄集运转运,海关对于国际快递每个必查还是随机抽查？,0,0,0,图文,https://www.xiaohongshu.com/explore/68945e8e000000002302f3f6?xsec_token=ABs31wp_tR7_igOP5yiaAXUYqLsiK5edwfHN7sIJ7JTwg=&xsec_source=pc_search&source=web_explore_feed,66a886a3000000001d03088c,08-07,https://www.xiaohongshu.com/user/profile/66a886a3000000001d03088c?xsec_token=AB9TFcQ8Z_I-iPIW3t3pzQSaS_FAwDHWxuZ5VrJKKlu6k=&xsec_source=pc_note,海关查验扣货
Dorothy中加海运拼箱,🇨🇳🇨🇦货代｜海关查验处理指南,4,1,0,图文,https://www.xiaohongshu.com/explore/6893cf880000000004006d7d?xsec_token=ABtWXxiExvkFSkHcVBIRLatpVYKe6smchb_f1ejDF8hCQ=&xsec_source=pc_search&source=web_explore_feed,67888284000000000403303f,08-15,https://www.xiaohongshu.com/user/profile/67888284000000000403303f?xsec_token=ABqYT6ZY5nPFmVlill-jOyR6WNFVrBOfzhY3n_3gfdAEI=&xsec_source=pc_note,海关查验扣货
啃泥,无标题,31,81,10,图文,https://www.xiaohongshu.com/explore/68937f14000000002302721a?xsec_token=ABtWXxiExvkFSkHcVBIRLath-vlSFy6M--9P8GnS0TN_c=&xsec_source=pc_search&source=web_explore_feed,5562eee862a60c1a01994895,08-07,https://www.xiaohongshu.com/user/profile/5562eee862a60c1a01994895?xsec_token=ABJSpg2iV2HdQZI2q5oxPKo2PZLrsv_ZAFc0z0We8rkkY=&xsec_source=pc_note,海关查验扣货
Jolene,【货代人血泪提醒❗️发侵权货的坑千万别踩！】,2,0,0,图文,https://www.xiaohongshu.com/explore/68915f40000000002302bb48?xsec_token=AB6FAqke9PdRfPhOr1kFF-kYIx1zzDjkZUJ4kW7yQHdkw=&xsec_source=pc_search&source=web_explore_feed,5f64d1330000000001001703,08-05,https://www.xiaohongshu.com/user/profile/5f64d1330000000001001703?xsec_token=AB704G9jeW6DV4xRp4Q9-qRCDQZw9jExRNcRaqjaBqKM8=&xsec_source=pc_note,海关查验扣货
电商出海小妮子,海关扣货警告！出口冷水机必填的3个申报项,4,2,1,图文,https://www.xiaohongshu.com/explore/689011a000000000020018be?xsec_token=ABx5rGMyA2ezmSCzZaP2all9loalr5iw1QbXWQ_qk6ykQ=&xsec_source=pc_search&source=web_explore_feed,64ca24db000000000b007cd8,08-04,https://www.xiaohongshu.com/user/profile/64ca24db000000000b007cd8?xsec_token=AB2JQ-ECz1fpVALtHZqdBaMgm1dIL_s_7RgIPKC1MPEto=&xsec_source=pc_note,海关查验扣货
小水吉,无标题,114,88,103,图文,https://www.xiaohongshu.com/explore/688d20f1000000002500f4eb?xsec_token=ABYic-ax0CLc1ImEfoaXWPLrJ-s4TlPUXG9Y4qw34FpBI=&xsec_source=pc_search&source=web_explore_feed,5b4642ca11be106dcdec17be,08-04,https://www.xiaohongshu.com/user/profile/5b4642ca11be106dcdec17be?xsec_token=ABwCv6MGfBZdu293BQuMQIOC9kbW5Bgv6lICgOlMwuzLY=&xsec_source=pc_note,海关查验扣货
是懂海关扣货的胖哥哥,解答:被海关扣的东西怎么退运？待处理,7,1,4,图文,https://www.xiaohongshu.com/explore/688db604000000002501686d?xsec_token=ABYic-ax0CLc1ImEfoaXWPLmbNHdMERQt0gv-pyEggWqM=&xsec_source=pc_search&source=web_explore_feed,6254b302000000000d030f40,08-02,https://www.xiaohongshu.com/user/profile/6254b302000000000d030f40?xsec_token=AB25XIIb13zypsPMXsPR853AE3HelxFWgoef6mVfrR5OY=&xsec_source=pc_note,海关查验扣货
骏锦帆国际 jane,UPS 低申报被海关扣了怎么办🥲,5,1,0,图文,https://www.xiaohongshu.com/explore/688c355d000000002303be1c?xsec_token=ABnRhG78RwtNgFKNMWDNY_qSg1Z9FvvqoCol0ffHJJ05A=&xsec_source=pc_search&source=web_explore_feed,67e18d29000000000e01317d,08-01,https://www.xiaohongshu.com/user/profile/67e18d29000000000e01317d?xsec_token=ABn6V7khNChUsYJt48QBKDQrw4n_2JvXwS42heWJVqNy4=&xsec_source=pc_note,海关查验扣货
国际货运Vogue,货物又双叒查验了？别慌！,2,0,1,图文,https://www.xiaohongshu.com/explore/688b34fb000000002303a3d9?xsec_token=AB2fQKpIWCcpcgZfZpeRo1_tW-acJrmopCnDuwDE5C-sw=&xsec_source=pc_search&source=web_explore_feed,6130e7bf0000000002027328,07-31,https://www.xiaohongshu.com/user/profile/6130e7bf0000000002027328?xsec_token=ABpO9Kyxh4_vHdvcL6KL6BtTimidla7ap0EOIpoOjms_g=&xsec_source=pc_note,海关查验扣货
骏锦帆国际 jane,为什么你的货会被“海关查验”？,7,0,0,图文,https://www.xiaohongshu.com/explore/68873c5e000000002400a53f?xsec_token=ABJZPC3S0lcKK6hO1MRMHOJqMaMWQxpyZLUuqtUdcF4fc=&xsec_source=pc_search&source=web_explore_feed,67e18d29000000000e01317d,07-31,https://www.xiaohongshu.com/user/profile/67e18d29000000000e01317d?xsec_token=ABn6V7khNChUsYJt48QBKDQrw4n_2JvXwS42heWJVqNy4=&xsec_source=pc_note,海关查验扣货
system,omg 海关查验扣件了,6,5,1,图文,https://www.xiaohongshu.com/explore/688714bd000000002203fd7f?xsec_token=ABJZPC3S0lcKK6hO1MRMHOJi4cHf8ckDS1ZXCPskVhCfM=&xsec_source=pc_search&source=web_explore_feed,5b1f8bac11be101d109bb085,07-28,https://www.xiaohongshu.com/user/profile/5b1f8bac11be101d109bb085?xsec_token=ABwel4ynYBF-ZJ-YM1F1OhowQvalcOPyPary_JXBS0K9M=&xsec_source=pc_note,海关查验扣货
是闪闪发光的你啊,美国海关查验相关流程,5,1,5,图文,https://www.xiaohongshu.com/explore/6887060d000000001c035595?xsec_token=ABJZPC3S0lcKK6hO1MRMHOJnnWUYWe7z1SvLlIAae0ZRo=&xsec_source=pc_search&source=web_explore_feed,5fdc0d2c000000000100200b,07-28,https://www.xiaohongshu.com/user/profile/5fdc0d2c000000000100200b?xsec_token=ABtMUXa9CNqzgr9m0ser8NeIIqzJqzqO-CIgr2SulKmrc=&xsec_source=pc_note,海关查验扣货
明明Mia,快递被海关扣了别慌！报关行教你四步自救❗️,3,1,2,图文,https://www.xiaohongshu.com/explore/687746f800000000100275ce?xsec_token=ABVm3qSNF6zU6a9F1uRglzNvB1HGa-doIQvkauS9_WlAw=&xsec_source=pc_search&source=web_explore_feed,631467f2000000001501a981,07-16,https://www.xiaohongshu.com/user/profile/631467f2000000001501a981?xsec_token=ABUcgY1oNQJJ48EpRNUpychq_MrVxMd4NtSi9fIYHyFqg=&xsec_source=pc_note,海关查验扣货
重生之我要日入百万,天塌了！欧洲灰清将终结……,355,179,218,图文,https://www.xiaohongshu.com/explore/687609f7000000001203ceeb?xsec_token=ABZGwvCz0HGJ-fjORp2N1H9RQyj2qImC7o6XzpnVm6vBo=&xsec_source=pc_search&source=web_explore_feed,68415912000000001d00af61,07-16,https://www.xiaohongshu.com/user/profile/68415912000000001d00af61?xsec_token=ABpmkfE6FimLQziK5a12g9G29FjGsIFBQICm7HXJJLxMg=&xsec_source=pc_note,海关查验扣货
