﻿昵称,标题,点赞数,评论数,收藏数,类型,笔记链接,UID,发布日期,主页链接,搜索词语
山风,（确定殉了）第一次直邮喜提hg扣留,71,145,24,图文,https://www.xiaohongshu.com/explore/687488b7000000001d00d93b?xsec_token=ABkiDOhBeFSwbWTgLKH4ElFV3BVn-2t3hVGKM6OLW1xZU=&xsec_source=pc_search&source=web_explore_feed,60350e07000000000101ddd3,07-26,https://www.xiaohongshu.com/user/profile/60350e07000000000101ddd3?xsec_token=AB0aspHzG2bpKHmBbqyNmfGUJ3jb7itJDE-EAS6EEHxuo=&xsec_source=pc_note,hg扣货
袁礼庆  Salena,美女们不要相信什么HG罚没的东西拿出来卖,18,2,1,图文,https://www.xiaohongshu.com/explore/6781316600000000010082d2?xsec_token=ABss4nSxa3GaW_dKKRfo5n15i2DYyX_WN07HlJnMFpSr4=&xsec_source=pc_search&source=web_explore_feed,5a06556edb2e606a42f6e27d,01-10,https://www.xiaohongshu.com/user/profile/5a06556edb2e606a42f6e27d?xsec_token=ABjt6Y5cm-a8jd9t6b7EfoXlsagj9KcaChETGFnGVb9ic=&xsec_source=pc_note,hg扣货
肉厂的瑶妹,关于我的集运被HG扣下这件事,1,11,0,图文,https://www.xiaohongshu.com/explore/686ca1b10000000012017a88?xsec_token=ABEwd0MnpwaHc895Ql71-72LQJGmVIWxDhz0GrD1itycA=&xsec_source=pc_search&source=web_explore_feed,5d04ece70000000011005479,07-08,https://www.xiaohongshu.com/user/profile/5d04ece70000000011005479?xsec_token=ABZg098VLGt2QlhurCRT0euWs_e-VGyQ8lwcCYlMwM76w=&xsec_source=pc_note,hg扣货
Ting.,被扣关了,18,40,5,图文,https://www.xiaohongshu.com/explore/6892e1d2000000002501fab0?xsec_token=ABUhBZOCMyq8xxM9l687BgZZrBj2KrC2XTlJvBiP7tQxo=&xsec_source=pc_search&source=web_explore_feed,5fd60f13000000000100048d,08-06,https://www.xiaohongshu.com/user/profile/5fd60f13000000000100048d?xsec_token=AB6QmtfnnveJKf0wjKaIB6Z4wBnuG-lsyHxKY8WGF71y8=&xsec_source=pc_note,hg扣货
海淘三点水,xhs找的港澳转运清关货被黑！姐妹避雷！,87,93,16,图文,https://www.xiaohongshu.com/explore/682ad3720000000021002710?xsec_token=ABDoGJNfLhrYddPqawLBZYF_2zboooTMkFd9t-Hio-OUI=&xsec_source=pc_search&source=web_explore_feed,6810f4ec000000000e02d4da,05-20,https://www.xiaohongshu.com/user/profile/6810f4ec000000000e02d4da?xsec_token=AB4hBd8qLee141DjP2IL8jcqYMIytIqYjahM1vSJoF8vI=&xsec_source=pc_note,hg扣货
徐某某,无标题,1,3,0,图文,https://www.xiaohongshu.com/explore/67ebc03c000000001b02666a?xsec_token=ABm1K5AC8onP8_E7go0xw-NPnjx-T7M4Lxy17qdoU3dfs=&xsec_source=pc_search&source=web_explore_feed,668a51a2000000000f03578a,04-01,https://www.xiaohongshu.com/user/profile/668a51a2000000000f03578a?xsec_token=ABLTo5pPZOEIp5jyH0nm4adC4DJvFT9nxI5nMKAJTraYI=&xsec_source=pc_note,hg扣货
可乐咖啡艾瑞得,求问：正规海淘商被hg拆坏了怎么办？,11,7,4,图文,https://www.xiaohongshu.com/explore/67ed1764000000001c01c8de?xsec_token=ABOy9zGlWbCgHmZkpHpKdplEKzwk7LMRymV74RDmu-fqM=&xsec_source=pc_search&source=web_explore_feed,592181b882ec39341237444d,04-02,https://www.xiaohongshu.com/user/profile/592181b882ec39341237444d?xsec_token=ABGVDqYehPNU3ROFeBNCcIaO9lX3a2zsBcxSiNAUcl9b4=&xsec_source=pc_note,hg扣货
亦陌ooo,HG铁骑,1,0,0,图文,https://www.xiaohongshu.com/explore/66c86f56000000001f038526?xsec_token=ABq0cImywgzHqwOxnlV-MPU7zFJ8x9QyU5uUvMd4X8LAs=&xsec_source=pc_search&source=web_explore_feed,668b55d8000000000f0379ca,2024-08-23,https://www.xiaohongshu.com/user/profile/668b55d8000000000f0379ca?xsec_token=ABevJwFWc2uZu6DnZPAD12lL5K3c9rw8RcUIYhCy-mWT4=&xsec_source=pc_note,hg扣货
nnnHg_Cheon,无标题,30,8,2,图文,https://www.xiaohongshu.com/explore/686f81f7000000001201548e?xsec_token=ABSw3fWmCS9vuQ9b-GjNrPqJg8WQnwz4Yl2AQafbtYFLg=&xsec_source=pc_search&source=web_explore_feed,62c7fd0400000000020016d1,07-10,https://www.xiaohongshu.com/user/profile/62c7fd0400000000020016d1?xsec_token=ABDfttw4hyDbq1T5FPi_KFRtS1a2P1-2m4BSFvSSJtNTg=&xsec_source=pc_note,hg扣货
Joey_L,是谁的饼饼这么可爱💛💛💛,4,4,0,图文,https://www.xiaohongshu.com/explore/6506bc88000000001f038a7d?xsec_token=ABe6xmWl2OQWV7T_cezNncuKs5Kmrs8qNseubbIyi_Rk8=&xsec_source=pc_search&source=web_explore_feed,5a7b1106e8ac2b7d845a8841,2023-09-17,https://www.xiaohongshu.com/user/profile/5a7b1106e8ac2b7d845a8841?xsec_token=ABbsKVxX53B2r9fktfje-Y8qCuxMRoDhzH2Zi-FCJt1l0=&xsec_source=pc_note,hg扣货
越南到美国物流,无标题,3,1,1,图文,https://www.xiaohongshu.com/explore/689587230000000022021205?xsec_token=ABQ3KzuNd9Bz_vGp58Gzc1RFj5-hP2vy6Cn1LNuuPA2-8=&xsec_source=pc_search&source=web_explore_feed,672f2697000000001d02d54e,08-08,https://www.xiaohongshu.com/user/profile/672f2697000000001d02d54e?xsec_token=ABwrZsCUF06uLL1uevJtlLsVISvnIDHWAmXD85qbdIQSo=&xsec_source=pc_note,hg扣货
momo慕慕,年底就不要寄了 损失有点重,0,3,0,图文,https://www.xiaohongshu.com/explore/6753cbe90000000007030ac3?xsec_token=ABSQgydOVhPWV-fcJxGNbqc086KhFvc8QOT6JQd3TqtcI=&xsec_source=pc_search&source=web_explore_feed,59f699cd11be10411a091e3a,2024-12-13,https://www.xiaohongshu.com/user/profile/59f699cd11be10411a091e3a?xsec_token=ABKG_Ea28kIvg-TGLdKgkYQ2ZjIZRN6_56R1k-bmysSNg=&xsec_source=pc_note,hg扣货
小林,海关扣货了怎么办？,13,9,9,图文,https://www.xiaohongshu.com/explore/67d357d60000000009015751?xsec_token=ABmOTsSV6oL-j12-TZd4FraOwY8urw0h_eYDV3vKylcFM=&xsec_source=pc_search&source=web_explore_feed,674ee78f000000001d02dfd8,03-14,https://www.xiaohongshu.com/user/profile/674ee78f000000001d02dfd8?xsec_token=ABX6xLxhyayZkyuPOVhClDf3b4kK-1zpcad5_NZLwi45w=&xsec_source=pc_note,hg扣货
空心菜,海关查验,12,22,5,图文,https://www.xiaohongshu.com/explore/6833eff500000000210060da?xsec_token=ABFOr11QY6x5e8L_ZmyER8aeIBAkMuAimtwoKbBazwYbg=&xsec_source=pc_search&source=web_explore_feed,5be840cf44363b3a9e20c2c8,05-26,https://www.xiaohongshu.com/user/profile/5be840cf44363b3a9e20c2c8?xsec_token=ABRsb2zUl0OwWsKTVEUDBbQjQmOkPu4oUzFGEoOzJi6uw=&xsec_source=pc_note,hg扣货
小米仔,成都hg你是不是穷疯了,6,1,0,图文,https://www.xiaohongshu.com/explore/68635545000000002001a8df?xsec_token=ABgqo_kIjCBXpTiJe8tHeFtSushT_fbI0AvJK13_nCGeA=&xsec_source=pc_search&source=web_explore_feed,54bf2c13b4c4d65ee872ecb1,07-01,https://www.xiaohongshu.com/user/profile/54bf2c13b4c4d65ee872ecb1?xsec_token=AB1xiUzSwBNUEkL9m6OAT5byEEmLGtzHWcGM6bWrO0nJs=&xsec_source=pc_note,hg扣货
华创全球美线货运代理,货物被扣关了怎么办！？,25,0,10,图文,https://www.xiaohongshu.com/explore/66b47d29000000002503100e?xsec_token=ABbxShoZBBuHPNqKVv3MZsNWTy316k4GYyNXydunYTuT4=&xsec_source=pc_search&source=web_explore_feed,662dd23f00000000030309e6,2024-08-08,https://www.xiaohongshu.com/user/profile/662dd23f00000000030309e6?xsec_token=AB7lxwLQ1VETQpucwDdvuB0z-2KBke7cgJBlXSR2ZwiZc=&xsec_source=pc_note,hg扣货
中航货运代理服务部,被海关扣货后的处理方法‼️,30,6,9,图文,https://www.xiaohongshu.com/explore/65feae0700000000140065ac?xsec_token=ABYXTLSaaEJrK_ubNPvK1_wEUuOiyJagaGY6QZ3ocq8lk=&xsec_source=pc_search&source=web_explore_feed,630e0843000000000f00660b,2024-04-19,https://www.xiaohongshu.com/user/profile/630e0843000000000f00660b?xsec_token=ABH-l3z09AMshzxyi3TOIXpD-8gyH7V0_cJbIAtMPNH3A=&xsec_source=pc_note,hg扣货
阿川,最近hg严吗,94,202,29,图文,https://www.xiaohongshu.com/explore/67e75709000000001c007b61?xsec_token=AB1LIpR0STfJK27fAAQ5MJlsl24w3HblM9XHkWf-H9R50=&xsec_source=pc_search&source=web_explore_feed,662368e10000000003032799,03-29,https://www.xiaohongshu.com/user/profile/662368e10000000003032799?xsec_token=ABJP-SS3eghmhJCoTOvhtbvWZ7OnvjQ0rMCtPE7citCsg=&xsec_source=pc_note,hg扣货
丿  鹏々,⚠️qingguan材料漏填1项，损失8wan,1,0,0,图文,https://www.xiaohongshu.com/explore/67e70499000000001d02fff4?xsec_token=AB1LIpR0STfJK27fAAQ5MJlqUP3CMH8FJ-tDdAYHPKIsI=&xsec_source=pc_search&source=web_explore_feed,60a13ec30000000001004fa6,03-29,https://www.xiaohongshu.com/user/profile/60a13ec30000000001004fa6?xsec_token=ABu7q2DTNf7EbfTsdpSeZHh4qwa3MEphmeFNcYpoJ5nec=&xsec_source=pc_note,hg扣货
江河,因为一个货影响一批货被扣留,3,4,0,图文,https://www.xiaohongshu.com/explore/66da9e4c00000000120108bd?xsec_token=ABm05cZec3JNTJuxZeek1PU9BfitZMkU-dA4rkPbMMVfM=&xsec_source=pc_search&source=web_explore_feed,642936f2000000001001f423,2024-09-06,https://www.xiaohongshu.com/user/profile/642936f2000000001001f423?xsec_token=ABOViH7-7rF5xqojNjLf4cpADKP-5dDdQAX563JzpBL3g=&xsec_source=pc_note,hg扣货
Jack李,海关怀疑低申报？,2,0,3,图文,https://www.xiaohongshu.com/explore/68a58251000000001d0193f9?xsec_token=AB-oC1iPr2dShvuoV03AneSwil3xRbJncNlipAwxi9KYY=&xsec_source=pc_search&source=web_explore_feed,6739943b000000001d02dfa4,08-20,https://www.xiaohongshu.com/user/profile/6739943b000000001d02dfa4?xsec_token=ABZNnx0Wf53JTw2gOLRz0gOHXGm5jqk2sGcjnNiFkIzsE=&xsec_source=pc_note,hg扣货
陽辉,被海关扣货，处理方法,142,319,65,图文,https://www.xiaohongshu.com/explore/6554a4f9000000003103c209?xsec_token=ABQuRdcgomFB-4UmoIDLk7VGqTN93NujChf33_wT2ajvs=&xsec_source=pc_search&source=web_explore_feed,6375991f000000001f015a5c,2023-11-15,https://www.xiaohongshu.com/user/profile/6375991f000000001f015a5c?xsec_token=ABn9mwk9vt_amIMKxIPLVCNQJ-NK0MeqmInRAZSuansj4=&xsec_source=pc_note,hg扣货
欣原,说说代购的6年生涯,0,0,0,图文,https://www.xiaohongshu.com/explore/5f345d0d000000000101cc67?xsec_token=AB3vADUFfBKQUqRGRD4iZoxwE8QtMR2HGDmgtzPnkWtFk=&xsec_source=pc_search&source=web_explore_feed,5af469fde8ac2b753dc88af8,2020-08-13,https://www.xiaohongshu.com/user/profile/5af469fde8ac2b753dc88af8?xsec_token=ABpdxIqiniftwoX05pM2KefyBAMFU9PxS5oB-dNXr0xf8=&xsec_source=pc_note,hg扣货
今天你被港澳清关黑货了吗,无标题,72,96,36,图文,https://www.xiaohongshu.com/explore/67b47e040000000006028e77?xsec_token=ABoW8T9m88JjKtkQUe0axzPrNQuOlCMGg6RZPjLQ8gpqg=&xsec_source=pc_search&source=web_explore_feed,5a36653be8ac2b54904baf2e,02-18,https://www.xiaohongshu.com/user/profile/5a36653be8ac2b54904baf2e?xsec_token=ABH-AjZuCSrm58OTtOUydB6Oird5KDOWaZ6MxfHLcjUb4=&xsec_source=pc_note,hg扣货
成月,香同款包199海外直邮 被海关扣押淘宝不解决,2,4,0,图文,https://www.xiaohongshu.com/explore/685d4075000000002203d545?xsec_token=AB_0hbsnVLB3FWsodL2DtmGCy78_REtG_7I_6U24hh7zg=&xsec_source=pc_search&source=web_explore_feed,620f6d7e000000001000867d,06-26,https://www.xiaohongshu.com/user/profile/620f6d7e000000001000867d?xsec_token=ABzSCYqLbfxahk31fZ5KehpG1_9g5sPTWvwK1MONdX0TU=&xsec_source=pc_note,hg扣货
华运鑫物流货运,海关扣货了，我们的现金理赔约定,18,43,15,图文,https://www.xiaohongshu.com/explore/6579ce63000000003a00dc4d?xsec_token=ABMNpchWBUM3Su3KuRxBDQyXabKHAAJWFJfoi4Kb9mxGA=&xsec_source=pc_search&source=web_explore_feed,6486bf9700000000250350ea,2023-12-13,https://www.xiaohongshu.com/user/profile/6486bf9700000000250350ea?xsec_token=ABDUcAAXLSB5ewwzNK_SvDW_QNFqclLwEvG8WYrjlxYVY=&xsec_source=pc_note,hg扣货
李律师（付费咨询）,海关的扣押与处罚丨海关合规,0,0,0,图文,https://www.xiaohongshu.com/explore/68aafb8b000000001d037fd8?xsec_token=ABHqYXxINIAxi5RO-54cv7tGfYjrZ_wZv9yJEy8MXRsGE=&xsec_source=pc_search&source=web_explore_feed,6080fe630000000001003b37,08-24,https://www.xiaohongshu.com/user/profile/6080fe630000000001003b37?xsec_token=AB2-FyPvk9qrOcbMh8QNpilOvfLCosabgzA0Q2I43Ufg8=&xsec_source=pc_note,hg扣货
🆔Jacqui♑👑💕,国际物流说我快递被海关扣了,47,60,15,图文,https://www.xiaohongshu.com/explore/66d3bc1e000000001f038f61?xsec_token=ABNC6UM5fQBXZdNu47OuPkD8vH7MRzqOfG460IAVQmaQ8=&xsec_source=pc_search&source=web_explore_feed,57805e6f6a6a694fb076bb40,2024-09-01,https://www.xiaohongshu.com/user/profile/57805e6f6a6a694fb076bb40?xsec_token=AB-4zsETAGoHX5myPdSGbgqVRM9jfJL1tcpH8gtsuIh4w=&xsec_source=pc_note,hg扣货
xt,买BL被扣了,32,41,12,图文,https://www.xiaohongshu.com/explore/686389020000000015023aac?xsec_token=ABgqo_kIjCBXpTiJe8tHeFtW3O9aeWYAjehSWq1DSi84U=&xsec_source=pc_search&source=web_explore_feed,5f65c569000000000100360b,07-01,https://www.xiaohongshu.com/user/profile/5f65c569000000000100360b?xsec_token=ABwi67HLsBva_bnn9F6kZld-f7Nkm7HvJTTZScpavyeFI=&xsec_source=pc_note,hg扣货
速鸟供应链,海关扣货了？别慌！4步急救指南立即get🚨,5,0,12,图文,https://www.xiaohongshu.com/explore/6875f6910000000017037e5f?xsec_token=ABGqNfhSYCOUkDmsTU3fgFdoXaz_0v8IQIx-wdw0fz1xg=&xsec_source=pc_search&source=web_explore_feed,6319ac58000000002303ac73,07-15,https://www.xiaohongshu.com/user/profile/6319ac58000000002303ac73?xsec_token=AB_MXOxdtnZVxoad2eM-lkOjtXDptJ9mHMRIfJdaGxsIA=&xsec_source=pc_note,hg扣货
edoris,进口互换局留存 海关扣留,13,20,7,图文,https://www.xiaohongshu.com/explore/66a30f8c000000000d00db05?xsec_token=ABho_WW4Zy4uvsmLqYuarv6dj8I0WTEFgdvRDrqMVUTNM=&xsec_source=pc_search&source=web_explore_feed,5c82dd5c0000000012019173,2024-07-26,https://www.xiaohongshu.com/user/profile/5c82dd5c0000000012019173?xsec_token=ABnEiv3_nWaKpML-c4mmZSRd-2CVQZCZ8a2drBVV2ortQ=&xsec_source=pc_note,hg扣货
清关科长,dhl被扣海关怎么办？dhl被税报关dhl清关,0,0,0,图文,https://www.xiaohongshu.com/explore/68b12cfd000000001d004d33?xsec_token=ABEnQx9LKBgDV75GA94OE3IS6ldJwrC42onHFvNWU1I_Q=&xsec_source=pc_search&source=web_explore_feed,65f116680000000005009081,3天前,https://www.xiaohongshu.com/user/profile/65f116680000000005009081?xsec_token=AB_iYBe4DM68TqyIAvDHvC__kI2yMb2P4XhJu_XRvi2Mg=&xsec_source=pc_note,hg扣货
maaa1314,中国寄美国转运敏感货海关扣货赔付,16,67,8,图文,https://www.xiaohongshu.com/explore/685a870f000000000d01953d?xsec_token=ABGosyvW4RrC-coWc47LP9X2KELoOaBet-hz5UNyLY96U=&xsec_source=pc_search&source=web_explore_feed,63da5cac0000000026012014,06-24,https://www.xiaohongshu.com/user/profile/63da5cac0000000026012014?xsec_token=ABtaEom-aJfddEquCVSTbAbzappyNsQvQS6mremPOzwtU=&xsec_source=pc_note,hg扣货
queenie,清关服务,0,0,0,图文,https://www.xiaohongshu.com/explore/6801cadd000000001c014695?xsec_token=ABiY4c9M4HYen8z3hDp8LGJ_zRB9y2cGhw2kosQzPIYCE=&xsec_source=pc_search&source=web_explore_feed,5cf744b200000000160399c5,04-18,https://www.xiaohongshu.com/user/profile/5cf744b200000000160399c5?xsec_token=AB8Cd56w6_QC4Bc6xApA_fIBvAak05XW2yijHaXzKtxkw=&xsec_source=pc_note,hg扣货
中欧物流Finn,货被扣了怎么办？72小时自救指南来了！！,4,4,6,图文,https://www.xiaohongshu.com/explore/67ff22fa000000001d0096de?xsec_token=ABz-USkbuBGz83NvFkbF_1ITB8CZDy-9_uERI_3eEeciI=&xsec_source=pc_search&source=web_explore_feed,62cfd50700000000020002eb,04-16,https://www.xiaohongshu.com/user/profile/62cfd50700000000020002eb?xsec_token=ABwcrJ9jFhx-JZqmU1P9gRg059G3vD69WxdZ6V28AG65s=&xsec_source=pc_note,hg扣货
龙义华🐱,CBP正在查验的货物，突然BOND失效了怎么办,15,3,14,图文,https://www.xiaohongshu.com/explore/68a1883b000000001d00b1ee?xsec_token=ABTJ1Lrrv8n8S_TCXX_nZ1bei9o8K264DSv9BDLxBL89g=&xsec_source=pc_search&source=web_explore_feed,6263dbad0000000010008316,08-17,https://www.xiaohongshu.com/user/profile/6263dbad0000000010008316?xsec_token=ABD2a3iWvvLtGm9DHyMbFLa64WBYKG0eQEQeLZ-sXsWI4=&xsec_source=pc_note,hg扣货
小咖喱🍛,海运敏货被扣,50,53,9,图文,https://www.xiaohongshu.com/explore/661356d8000000001a01035e?xsec_token=AB73K5GK4rNWknjh5mRmugV3bnnD3IkFZ_ZftUwpcEkgk=&xsec_source=pc_search&source=web_explore_feed,5ff84650000000000100afad,2024-04-08,https://www.xiaohongshu.com/user/profile/5ff84650000000000100afad?xsec_token=ABhoOOC7JCLSuZgb0Xx1lPBkQxBX44ErdGO9l7AZUZnTQ=&xsec_source=pc_note,hg扣货
报关日常的吐槽,hs编码填错了，被罚10万。连夜提桶跑路,41,27,27,图文,https://www.xiaohongshu.com/explore/6886e06a00000000170344a2?xsec_token=ABJ3e8P9PBJfDICR1VkZcixC_cn5ldX9S2lGByTuejDnA=&xsec_source=pc_search&source=web_explore_feed,680ad8c6000000000d008c03,07-28,https://www.xiaohongshu.com/user/profile/680ad8c6000000000d008c03?xsec_token=ABmkHLf8jPZOFC6f0p8Bk1MHgswoHwSl4ZyDo_ZBtCSCY=&xsec_source=pc_note,hg扣货
鸥鸥鸥鸥k 啊！,货代说货被扣押，需要交钱赎货？,8,21,2,图文,https://www.xiaohongshu.com/explore/6825a8f9000000002301e5ff?xsec_token=AB3UCOILEY1EPv3Fm_QDTHCz5cOe7umecUoSL0yjUoOSo=&xsec_source=pc_search&source=web_explore_feed,666bed26000000000303306b,05-16,https://www.xiaohongshu.com/user/profile/666bed26000000000303306b?xsec_token=ABzCd9N1IZt9uReCzWTmpRtyPMjOWwtKYc494C-OfnuHg=&xsec_source=pc_note,hg扣货
HS1990,包裹被查,3,10,0,图文,https://www.xiaohongshu.com/explore/67e5fe04000000001c032ac7?xsec_token=ABfi3471b9Fu_9-IYustKq1lMwFUulMA7KMSPA-J-leyM=&xsec_source=pc_search&source=web_explore_feed,65bd929f000000000903c4fc,03-28,https://www.xiaohongshu.com/user/profile/65bd929f000000000903c4fc?xsec_token=ABPm0gFGDxxUH8xCtHkz5WdebqfLDCmI_5Ofk4RhxrW7k=&xsec_source=pc_note,hg扣货
骏锦帆国际 jane,UPS 低申报被海关扣了怎么办🥲,5,1,0,图文,https://www.xiaohongshu.com/explore/688c355d000000002303be1c?xsec_token=ABYDJWmCv38yZOKsV838j1VwEtJ8Lj86gTkpjH6hrt6Kg=&xsec_source=pc_search&source=web_explore_feed,67e18d29000000000e01317d,08-01,https://www.xiaohongshu.com/user/profile/67e18d29000000000e01317d?xsec_token=ABygUd1lgFYwSwe-D8ed5NI1kVyMlgCQj5sC02iTPy6H0=&xsec_source=pc_note,hg扣货
产地证＋海牙认证,不办理清关会自动退回去吗？,1,0,0,图文,https://www.xiaohongshu.com/explore/6894060a00000000250236e3?xsec_token=ABD0f9WD0FYDHUWx_n3_YKNCHm-Q7VlNdqgKkZvgXfNP4=&xsec_source=pc_search&source=web_explore_feed,6889b6f0000000002803665c,08-07,https://www.xiaohongshu.com/user/profile/6889b6f0000000002803665c?xsec_token=ABSU2aBKI_CPLh2V0Q9vvhiBcTVzaF8GmZuGFP2m8EvPQ=&xsec_source=pc_note,hg扣货
Junh,无标题,28,32,17,图文,https://www.xiaohongshu.com/explore/686f6975000000002201c10b?xsec_token=ABSw3fWmCS9vuQ9b-GjNrPqJjiuWPFm0_oXGJKVy0FLEU=&xsec_source=pc_search&source=web_explore_feed,5cd4eef0000000001200f670,07-10,https://www.xiaohongshu.com/user/profile/5cd4eef0000000001200f670?xsec_token=ABWnknBsEQJkP5oqt11bRcvgQuvy93NYvrXMJIdjHXbxg=&xsec_source=pc_note,hg扣货
超不爱开车的小马,这些海关Held你都了解嘛,5,4,4,图文,https://www.xiaohongshu.com/explore/68a579b5000000001c0071be?xsec_token=AB-oC1iPr2dShvuoV03AneSzJZslPkCgjZvRNuGxQo_YY=&xsec_source=pc_search&source=web_explore_feed,657ab9c8000000001c019049,08-20,https://www.xiaohongshu.com/user/profile/657ab9c8000000001c019049?xsec_token=ABDWeCTOC7pM93lZtv1gzvjI3fPbgr2EBG_VIp9cGqNv0=&xsec_source=pc_note,hg扣货
熙浦国际货运,货物出口，被海关扣货了怎么办？教你几招！,12,2,13,图文,https://www.xiaohongshu.com/explore/686b3a4d000000001c033d8a?xsec_token=ABmlQ3bFQY_C0vf19sFllJ0UFIwGC6lGf7d4kbhzyb6QI=&xsec_source=pc_search&source=web_explore_feed,67ea4878000000000e011554,07-07,https://www.xiaohongshu.com/user/profile/67ea4878000000000e011554?xsec_token=ABmJhFpFDkfpsLK9TRVyY8YPQ63tCgNT161867ZYu5nAw=&xsec_source=pc_note,hg扣货
MAE SH,🚢货到已签收，关税竟然还能“反弹”？小心这几,6,14,6,图文,https://www.xiaohongshu.com/explore/67e51310000000000d017863?xsec_token=ABfi3471b9Fu_9-IYustKq1rIGpvdjMlHkoUeddj6TunM=&xsec_source=pc_search&source=web_explore_feed,5c825dff00000000110308af,03-27,https://www.xiaohongshu.com/user/profile/5c825dff00000000110308af?xsec_token=ABnEiv3_nWaKpML-c4mmZSRRU6keATFOM3WZaBqUz9IBs=&xsec_source=pc_note,hg扣货
开饭了,Hong Kong废五金进口清关,66,45,13,图文,https://www.xiaohongshu.com/explore/68788ec7000000001d00f616?xsec_token=ABls3rE3Ii8FUHZ87pQep7sdjCf550VqMP9BJ_tIPVxXM=&xsec_source=pc_search&source=web_explore_feed,64eedde80000000005002fe9,07-17,https://www.xiaohongshu.com/user/profile/64eedde80000000005002fe9?xsec_token=ABVa-ZURM1UfT24dndTeql34AobhVPJ5opTXwurD6cx7Q=&xsec_source=pc_note,hg扣货
小红薯65287FED,DHL扣关:快件正在估价审核中...,16,22,18,图文,https://www.xiaohongshu.com/explore/6718faca0000000021000349?xsec_token=AB3iVbq7oc3Khhu_qWLWLCI5bUKAtvKi4BkwMMrnCcb6I=&xsec_source=pc_search&source=web_explore_feed,620fa1de0000000002025c47,2024-10-23,https://www.xiaohongshu.com/user/profile/620fa1de0000000002025c47?xsec_token=ABzSCYqLbfxahk31fZ5KehpDI8GLJM557F86c8_aaDlYE=&xsec_source=pc_note,hg扣货
moppuppy,上海最近hg很严吗…,0,3,0,图文,https://www.xiaohongshu.com/explore/684bbfad000000000c038c68?xsec_token=ABjbmuAOsvMCRNpF41k2Bg-X9My1tDVxRtYYE_16h2-iM=&xsec_source=pc_search&source=web_explore_feed,5b6c044de44bfa0001f53527,06-13,https://www.xiaohongshu.com/user/profile/5b6c044de44bfa0001f53527?xsec_token=ABvZr5t5kNo8uMjj_5TqGn_lHS4oFG0hDmeYtPkmrNORo=&xsec_source=pc_note,hg扣货
非非爱海洋,公平吗？直播间“抢扣”,108,133,26,图文,https://www.xiaohongshu.com/explore/62e74b2c000000000e0289ca?xsec_token=ABqFDihwzpQ2vUnN_LqPw6lff8HSdFqoDXfVJWf998mdY=&xsec_source=pc_search&source=web_explore_feed,62ce854e000000000303f5e6,2022-08-01,https://www.xiaohongshu.com/user/profile/62ce854e000000000303f5e6?xsec_token=ABrS9TqZC0phOPB-b3eKAOZ99Tk9fUnKAaiYS4EcUqbj8=&xsec_source=pc_note,hg扣货
Jack李,国际快递被扣关，一招教你轻松解决💥,1,0,1,图文,https://www.xiaohongshu.com/explore/68ad5312000000001d03abc1?xsec_token=ABIR5hOU-NzEiWw1jsS-H040l6NElaD4AqEp7euV4W-44=&xsec_source=pc_search&source=web_explore_feed,6739943b000000001d02dfa4,6天前,https://www.xiaohongshu.com/user/profile/6739943b000000001d02dfa4?xsec_token=ABZNnx0Wf53JTw2gOLRz0gOHXGm5jqk2sGcjnNiFkIzsE=&xsec_source=pc_note,hg扣货
Irissss,补充申报未通过，海关到底想怎样？,48,43,29,图文,https://www.xiaohongshu.com/explore/682c4aed000000001101cca9?xsec_token=ABGpk5d89bXQg8zpEvHgpQDVqJ7S0b8KMRsyNbI3ml0lg=&xsec_source=pc_search&source=web_explore_feed,6807231a000000000601cfa4,05-21,https://www.xiaohongshu.com/user/profile/6807231a000000000601cfa4?xsec_token=ABaAD51NWifQ4cbeV1L6Iq950PfqIRb0ub20zb8HL5eE4=&xsec_source=pc_note,hg扣货
长燊进口清关报关服务,海淘血泪史❗️东西被海关扣下怎么办,2,0,1,图文,https://www.xiaohongshu.com/explore/67e6478b000000001c01db04?xsec_token=ABCEKRa_i6rYnmiFvAA-Ylooucl4F5PkYELjQg00683CA=&xsec_source=pc_search&source=web_explore_feed,666901d9000000001b0149db,03-28,https://www.xiaohongshu.com/user/profile/666901d9000000001b0149db?xsec_token=ABuG5fsgUV_2-xd4ziBFzz4EmRM3HkEi5W537e4CeTEUA=&xsec_source=pc_note,hg扣货
laura的外贸笔记,无标题,5,15,0,图文,https://www.xiaohongshu.com/explore/68a315ff000000001c0109d7?xsec_token=ABDO1zyRolzz2d9Ct_fR9uCtSYgy9SLIQL3M20JnzNUmY=&xsec_source=pc_search&source=web_explore_feed,603fc3ce000000000100038b,08-18,https://www.xiaohongshu.com/user/profile/603fc3ce000000000100038b?xsec_token=AB5Y_7PQFFzLQ8msLGL8AsyHchKrfJiFMH9JoCukIWwwU=&xsec_source=pc_note,hg扣货
Web3 研究生,爆仓是真的，儿子背的锅,1210,157,177,图文,https://www.xiaohongshu.com/explore/67b87bb7000000001201def4?xsec_token=ABtO56FFbIVBFOJBYoe6BV0IoQK97SBjWO7kfm8OpeZ34=&xsec_source=pc_search&source=web_explore_feed,5c3f5c1f000000000700f62d,02-21,https://www.xiaohongshu.com/user/profile/5c3f5c1f000000000700f62d?xsec_token=ABGDubNpWrm4NQQ2_GoKKA2-HcORSets-1-g-otn-jVvE=&xsec_source=pc_note,hg扣货
猪猪侠,无标题,2,1,0,图文,https://www.xiaohongshu.com/explore/683ea54b00000000210070a3?xsec_token=ABHNcyAjCXwm0a9sHum3eqzIvvUyCzBnw3CVTMQ6eoddI=&xsec_source=pc_search&source=web_explore_feed,5bc7e5570dc99100017d1c1a,06-03,https://www.xiaohongshu.com/user/profile/5bc7e5570dc99100017d1c1a?xsec_token=ABPnz_mpkjJuJDwJwR05hYy-Q1US1VPYPzdiH92PKhZro=&xsec_source=pc_note,hg扣货
虎仔胡言,🌟双清包税被扣货？赔不赔？血泪避坑指南,0,0,1,图文,https://www.xiaohongshu.com/explore/6813969b0000000023012627?xsec_token=ABbqp8yvHjlU5ZDlQKFSODAeoyJSKDkqKrFNCGeaXsvis=&xsec_source=pc_search&source=web_explore_feed,6501d829000000001603ba8a,05-04,https://www.xiaohongshu.com/user/profile/6501d829000000001603ba8a?xsec_token=ABPufvRDE1u9kWKV7ZLW0TUq9jCD_8QbxZaSkCekRbgl4=&xsec_source=pc_note,hg扣货
重生之我在宁波做国际快递,被海关查到低申报怎么办…,28,91,31,图文,https://www.xiaohongshu.com/explore/66de84fd000000002603cb21?xsec_token=ABI4lDnLKz4XdL7y85BBNviWEqoIbhRqONV1Qne3-ZUaA=&xsec_source=pc_search&source=web_explore_feed,61a34f200000000010009f73,2024-09-09,https://www.xiaohongshu.com/user/profile/61a34f200000000010009f73?xsec_token=ABrnBripmdjS4SQr0YV2ClWtLjDLSW-yPcacuQCLrPZA4=&xsec_source=pc_note,hg扣货
宇宙大明星,挖煤姬你是不是跟海关合作了！,175,112,39,图文,https://www.xiaohongshu.com/explore/6835cec7000000002300dbda?xsec_token=ABuvWGwNRYQAFYNqUoxlqvZAiL7KMMQB9yckeRj37U_zk=&xsec_source=pc_search&source=web_explore_feed,646271c100000000100286f4,05-28,https://www.xiaohongshu.com/user/profile/646271c100000000100286f4?xsec_token=AB3nI2xdvS6iC2D_yyEOMyPMkqSzsrYNDpF74atmtzOi8=&xsec_source=pc_note,hg扣货
Miss睡不着,紧急求助！乐一番被物流商扣件怎么办啊,4,43,3,图文,https://www.xiaohongshu.com/explore/678e07080000000017000e15?xsec_token=AB8t9CDoUmsrswEw4Ah7OZgWspza3JKW0XDZBnhn9dh8s=&xsec_source=pc_search&source=web_explore_feed,5a959e254eacab159c07cba5,01-20,https://www.xiaohongshu.com/user/profile/5a959e254eacab159c07cba5?xsec_token=ABRayyGcgfVTwN8-9hrR3luTpJgJ68eU-QIl6SU0IyecU=&xsec_source=pc_note,hg扣货
芙蓉王先生,超2500万美元！连续两天，5批中国货物被查扣,0,0,1,图文,https://www.xiaohongshu.com/explore/689aa6550000000004003933?xsec_token=ABLEb8C3A-H3OvGqradJFJRHHTAOFv3Nn_CcEysdHONbU=&xsec_source=pc_search&source=web_explore_feed,67516178000000001d02d439,08-12,https://www.xiaohongshu.com/user/profile/67516178000000001d02d439?xsec_token=ABTAyblXLEu2cjHf7UADYQ2rNSfSiwHN4cBsfSoUvEQPE=&xsec_source=pc_note,hg扣货
评论罗伯特,中环转运10.23后续,76,142,71,图文,https://www.xiaohongshu.com/explore/65349a51000000001f038fbb?xsec_token=ABeUR2WdChgYVUmuF8PGN7YxL-T23_i61OC-ys37WaNAw=&xsec_source=pc_search&source=web_explore_feed,5e44a6730000000001005356,2023-10-23,https://www.xiaohongshu.com/user/profile/5e44a6730000000001005356?xsec_token=ABuNTyS8QMbvOFSWtDwvuCJy_6zFYNYmmyOvFvTxHjbUU=&xsec_source=pc_note,hg扣货
杨树叶,进口互换局留存是啥意思,3,14,1,图文,https://www.xiaohongshu.com/explore/68b136cc000000001d001e65?xsec_token=ABEnQx9LKBgDV75GA94OE3IUqHW6E2Vf6M_ZO7J_EKcyI=&xsec_source=pc_search&source=web_explore_feed,64db06a70000000001012729,3天前,https://www.xiaohongshu.com/user/profile/64db06a70000000001012729?xsec_token=ABvC1Qj6DVqakxhZxo3s8e6LymNnZnGRSySTSuGTgja_I=&xsec_source=pc_note,hg扣货
NicoNicoNi（见过断眉、大东哥版）,海淘漫画本后续,6,3,1,图文,https://www.xiaohongshu.com/explore/66af29b3000000000d031aaf?xsec_token=ABDFolaNb2yjTPOjDiTeOTisTr9FJKjIdMJ9smzqY40YY=&xsec_source=pc_search&source=web_explore_feed,595befbb82ec396819cf85a1,2024-08-04,https://www.xiaohongshu.com/user/profile/595befbb82ec396819cf85a1?xsec_token=ABHqmPXFkpUp2pLvFCVlXYgT18v0wM9hIOt4-NFHdcooA=&xsec_source=pc_note,hg扣货
隆安广州律师事务所,什么情况下会被海关扣货❓,18,5,6,图文,https://www.xiaohongshu.com/explore/66cd4701000000001f01d23a?xsec_token=AB5xlrdQ0phQ-MyA0oCdHxkm_Hwa9N4OoBFAn73_eVvlk=&xsec_source=pc_search&source=web_explore_feed,65387ff2000000000400b6c2,2024-08-27,https://www.xiaohongshu.com/user/profile/65387ff2000000000400b6c2?xsec_token=ABz4_Agtmd63JUBl_sLWloXO7_vpl90TnzH757bWyuEwA=&xsec_source=pc_note,hg扣货
张律的办案日记,拖欠运费能不能扣留货物,3,1,4,图文,https://www.xiaohongshu.com/explore/67c952c90000000028029715?xsec_token=ABL5599XzkA6ltGpVNJDaM_-fmEwwbLwUyd4NuajLBcfc=&xsec_source=pc_search&source=web_explore_feed,676768ed0000000018017ca2,03-06,https://www.xiaohongshu.com/user/profile/676768ed0000000018017ca2?xsec_token=ABNHUWyqaLzfB4_QZXs-gb1isQpvshLqD4WtO2CPaL3hQ=&xsec_source=pc_note,hg扣货
一顆魚蛋,海关我请问呢,17,28,6,图文,https://www.xiaohongshu.com/explore/682ede2c000000002202e866?xsec_token=ABcZgg9rexKvNAEGgvvDR4dqU5ALkVB533w0cE-YbXr5I=&xsec_source=pc_search&source=web_explore_feed,5c68ba55000000001002fa7b,05-22,https://www.xiaohongshu.com/user/profile/5c68ba55000000001002fa7b?xsec_token=ABuplS9rpkISGBeC70Iacr54s9Y9OO7cO3SSxOYvUctN4=&xsec_source=pc_note,hg扣货
:D,进口互换局留存会被税吗,106,68,34,图文,https://www.xiaohongshu.com/explore/67be9e16000000002903e5ea?xsec_token=ABcAfr3wfqRHXmdIvXnqx422TbDzpS7uwa3GPj4ApHL5U=&xsec_source=pc_search&source=web_explore_feed,66aad189000000001d020e33,02-26,https://www.xiaohongshu.com/user/profile/66aad189000000001d020e33?xsec_token=ABU9xxxl6CUbuevl_onZWHH_F5SOKkiPzVRP3sa09iTLE=&xsec_source=pc_note,hg扣货
丿  鹏々,🚨发休斯顿的实木柜被HG销毁！,0,2,0,图文,https://www.xiaohongshu.com/explore/67e90005000000001d020ff9?xsec_token=ABQZ8WV6JdVaNMbLDBuB1Cq112qEGJNAzAxLoWQAO9ZHM=&xsec_source=pc_search&source=web_explore_feed,60a13ec30000000001004fa6,03-30,https://www.xiaohongshu.com/user/profile/60a13ec30000000001004fa6?xsec_token=ABu7q2DTNf7EbfTsdpSeZHh4qwa3MEphmeFNcYpoJ5nec=&xsec_source=pc_note,hg扣货
TINY姐,英国货物的低价值扣关放行了,3,0,2,图文,https://www.xiaohongshu.com/explore/677292ef000000000b014c49?xsec_token=ABon__-nnTD0w9sYjUoBTmBK-Vo7KR_3DBqTRlFghDsgs=&xsec_source=pc_search&source=web_explore_feed,63cffe5e000000002801ac07,2024-12-30,https://www.xiaohongshu.com/user/profile/63cffe5e000000002801ac07?xsec_token=ABK98NEV5W2_K1a3Ci3b-LcqHp7luXEjpkOWvAno7XuGs=&xsec_source=pc_note,hg扣货
物流律师钟荣惠,货代扣货反赔钱？跨境物流必看血泪避坑指南,3,4,0,图文,https://www.xiaohongshu.com/explore/680bace2000000001d00b65a?xsec_token=ABUPLzJzRApX-WmqqGpwhwX7vgz8c9FdY7lKl1WL2peVg=&xsec_source=pc_search&source=web_explore_feed,60fb5dd9000000000100a281,04-25,https://www.xiaohongshu.com/user/profile/60fb5dd9000000000100a281?xsec_token=ABCzS1dSd95c90giXxyOMVr4alcYnMhs2LeOFBbbfyvJ0=&xsec_source=pc_note,hg扣货
模型小道,ko答辩模型推荐 聚匠hg月高达,9,24,4,图文,https://www.xiaohongshu.com/explore/68a1c24d000000001c00a3e8?xsec_token=ABTJ1Lrrv8n8S_TCXX_nZ1bS0DN34VPa3UD183EuQJZaY=&xsec_source=pc_search&source=web_explore_feed,5c58ebb6000000001203ce1b,08-20,https://www.xiaohongshu.com/user/profile/5c58ebb6000000001203ce1b?xsec_token=AB7kBegTflJUlJwsZKrs04VBp6HnsisJSoJVri4NtHc2k=&xsec_source=pc_note,hg扣货
丿  鹏々,😭发洛杉矶的沙发被扣HG！申报材料怎么补,0,0,1,图文,https://www.xiaohongshu.com/explore/67e8f6e0000000001d0077f7?xsec_token=ABYhFS_ld6l4BI60uVbEt08QeKiQ8NCx-BOoHn6XaZVVM=&xsec_source=pc_search&source=web_explore_feed,60a13ec30000000001004fa6,03-30,https://www.xiaohongshu.com/user/profile/60a13ec30000000001004fa6?xsec_token=ABu7q2DTNf7EbfTsdpSeZHh4qwa3MEphmeFNcYpoJ5nec=&xsec_source=pc_note,hg扣货
赵雅芳律师,货代不能乱扣货！,0,0,0,图文,https://www.xiaohongshu.com/explore/686e09420000000012033969?xsec_token=ABKaIGxlAo0nqpSK2NAsrtsFkPLcRBVpEW57yjxuYLEuk=&xsec_source=pc_search&source=web_explore_feed,62d18dee000000001b0027d6,07-09,https://www.xiaohongshu.com/user/profile/62d18dee000000001b0027d6?xsec_token=ABN5TtbU5X-UpJfb97WHs-qfyO8vymldvNHZrBYypBBOg=&xsec_source=pc_note,hg扣货
波咯,求助求助,11,18,1,图文,https://www.xiaohongshu.com/explore/677cf580000000000b021745?xsec_token=AB-rklUlkRCdSgCCFB1HCtPTu0tFvhv1_m7nmabjIDF44=&xsec_source=pc_search&source=web_explore_feed,580e7aeb50c4b42dbc9166f1,01-07,https://www.xiaohongshu.com/user/profile/580e7aeb50c4b42dbc9166f1?xsec_token=AB6zlgRRRmbqAWrK57bKu3HUyC8juDmpx9rvb1z3Hi7cQ=&xsec_source=pc_note,hg扣货
哇塞花花,泡泡玛特曝雷？有没有知道真相的宝,220,305,38,图文,https://www.xiaohongshu.com/explore/6836d1bd000000002002af58?xsec_token=AByiHheP5Q1s1BkWYH3cx6KnoL3tlMmCJh6aqAyqZ8ulA=&xsec_source=pc_search&source=web_explore_feed,5d045b7d000000001100479e,05-28,https://www.xiaohongshu.com/user/profile/5d045b7d000000001100479e?xsec_token=ABZg098VLGt2QlhurCRT0euSFqekzF6kL5z644RTrGiEw=&xsec_source=pc_note,hg扣货
渐墨,无标题,1,2,0,图文,https://www.xiaohongshu.com/explore/67fe29f5000000001e006a95?xsec_token=ABPCGgyU_i6LRjZkEegZVvNvTC7V_QDZlCxRct2_uv3ww=&xsec_source=pc_search&source=web_explore_feed,6521245c0000000023026712,04-15,https://www.xiaohongshu.com/user/profile/6521245c0000000023026712?xsec_token=ABF0AWpog27FLxwSCXJcOU7OkPorryEGfsIYkhCkjwWHg=&xsec_source=pc_note,hg扣货
跨境打工人小花,跨境｜海关查验查什么？,3,0,9,图文,https://www.xiaohongshu.com/explore/63f87c6f0000000013037d3b?xsec_token=AB_npPgV9QYWnXfE5JENVsJsFH0rGjrZAGL0IkAr8ytEU=&xsec_source=pc_search&source=web_explore_feed,61eff7f800000000100045c8,2023-02-24,https://www.xiaohongshu.com/user/profile/61eff7f800000000100045c8?xsec_token=AB1Rzq4fhg9jhZmPN64pgmEWnscN_WTdt_VHvW6jYSrP8=&xsec_source=pc_note,hg扣货
贸易人 Parker 来自韩国,🚢 海运附加费总整理,64,0,86,图文,https://www.xiaohongshu.com/explore/6862a4d20000000017033fbd?xsec_token=ABIUmqImYdeTrawDLiZ9Gi78tJ8RIj2KjC9k9ZPdBVXs4=&xsec_source=pc_search&source=web_explore_feed,6682c4e10000000007006d46,06-30,https://www.xiaohongshu.com/user/profile/6682c4e10000000007006d46?xsec_token=ABO90lWrccqXS0La1siUfskNON9bKqux66l7VlaVOx2xg=&xsec_source=pc_note,hg扣货
独立单证员Sophie,收到海关归类核查怎么办？,10,2,5,图文,https://www.xiaohongshu.com/explore/6853de580000000022030036?xsec_token=ABY2I4BHPNj0iVf2sp6qQUMdsIQtt_xlOmJ9mViLTONqM=&xsec_source=pc_search&source=web_explore_feed,60586aeb00000000010058bf,06-19,https://www.xiaohongshu.com/user/profile/60586aeb00000000010058bf?xsec_token=ABhDf4hqFu1eXCrmJNxjPOqbHNE5fRzjWCtr9I3r7UyI4=&xsec_source=pc_note,hg扣货
白与鹤,快递被海关扣了,9,31,6,图文,https://www.xiaohongshu.com/explore/6526d0a5000000001a020da3?xsec_token=ABS1kSMQ9ow0P-K3rBc8hnYznFFMXyOtyYai28NautJW4=&xsec_source=pc_search&source=web_explore_feed,5a7abd72e8ac2b5486002fcb,2023-10-12,https://www.xiaohongshu.com/user/profile/5a7abd72e8ac2b5486002fcb?xsec_token=ABFvQveGH3yN2y2efucLlTplFXX59QpGNYPHDJZY5xOpA=&xsec_source=pc_note,hg扣货
欧美跨境海外仓大平,你知道啥是滞箱费和滞港费吗,6,0,9,图文,https://www.xiaohongshu.com/explore/68a87ea4000000001c006deb?xsec_token=ABQYP44AXWvk8D6aViBrE60rzIR1WtrWDYhv5X8qId1V0=&xsec_source=pc_search&source=web_explore_feed,571a26ed84edcd2208458be9,08-22,https://www.xiaohongshu.com/user/profile/571a26ed84edcd2208458be9?xsec_token=ABT8Z4nmUJuXbmEsOgUTbNNngu6jrQ80-3WEw8cMKdMkU=&xsec_source=pc_note,hg扣货
黄___怼怼,海关扣了货，既不让补税，也不退运,46,56,11,图文,https://www.xiaohongshu.com/explore/648346dc00000000130043d9?xsec_token=ABYdzzlYQVmpFE3syvc7R1Z1ybKsGYyLoQ0gWkZ2s6ehc=&xsec_source=pc_search&source=web_explore_feed,5c4996360000000011000b2b,2023-06-09,https://www.xiaohongshu.com/user/profile/5c4996360000000011000b2b?xsec_token=ABjOIOzh6JGSNVp8J8FMufbex8XetUW_Jv2QLORaFks3s=&xsec_source=pc_note,hg扣货
小猫露露,无标题,276,156,11,图文,https://www.xiaohongshu.com/explore/684d1f8a000000002100efc6?xsec_token=ABRwgmqQ0LmRaRGDqZrvxxei4GgDmUb8QdmqjF4sUl_yk=&xsec_source=pc_search&source=web_explore_feed,5ffc66d4000000000100117d,06-14,https://www.xiaohongshu.com/user/profile/5ffc66d4000000000100117d?xsec_token=ABweK5a_IWA1-13fCWvyvR_Z4n-BeoYknUmL0nefbhMYo=&xsec_source=pc_note,hg扣货
十四君,夜莺 芜湖 HG也能有这么大,8,24,1,图文,https://www.xiaohongshu.com/explore/68623a350000000012022ea5?xsec_token=ABIUmqImYdeTrawDLiZ9Gi78UIu5FpZ4FdnZdz6OaEeMw=&xsec_source=pc_search&source=web_explore_feed,5788483f7fc5b80cc6f1570e,06-30,https://www.xiaohongshu.com/user/profile/5788483f7fc5b80cc6f1570e?xsec_token=ABpWLGO1TIf0FIMX2TrqIN4nKXjegRBTdsZJSbG99edX0=&xsec_source=pc_note,hg扣货
梅花圈有什么瓜,hg片片那个,0,1,0,图文,https://www.xiaohongshu.com/explore/66e9a4f5000000001e018f40?xsec_token=ABHt4lOboLwU2x74LJSbp0_EZt3cSql9YWWDf2GCID7Sw=&xsec_source=pc_search&source=web_explore_feed,6620049f000000000d025664,2024-09-17,https://www.xiaohongshu.com/user/profile/6620049f000000000d025664?xsec_token=ABx7UEeh4Yr6DhMXlAz6QlLa0pvFevgxH3TpJHGK-Ue1w=&xsec_source=pc_note,hg扣货
闫氏病态_YdL,壮士再爱我一次,268,85,7,图文,https://www.xiaohongshu.com/explore/67598b0a00000000070095f6?xsec_token=ABBu6q2ntWZC-6dkHVY0m7j46RiAlk-HJJ2YpLnTjBLN4=&xsec_source=pc_search&source=web_explore_feed,5c9f761b0000000010021e25,2024-12-11,https://www.xiaohongshu.com/user/profile/5c9f761b0000000010021e25?xsec_token=AB3uD1s21mXVpcGBy2Ld4iREWCdeAGCLvYmL64Czw-Tbs=&xsec_source=pc_note,hg扣货
鸣鸣小财务,港股补税中遇到不合理的要求，如何沟通？,90,50,148,图文,https://www.xiaohongshu.com/explore/68a82996000000001b03e015?xsec_token=ABQYP44AXWvk8D6aViBrE60uNWTNyINacW71R7uL5XYEw=&xsec_source=pc_search&source=web_explore_feed,609774b50000000001001ceb,08-22,https://www.xiaohongshu.com/user/profile/609774b50000000001001ceb?xsec_token=ABBNhJBgoiv_RpaFsVfqsnBHkmlyIEaK-zmLxkdRCa89M=&xsec_source=pc_note,hg扣货
快乐吃肉,最近两天在晋江更新总高审,13,4,5,图文,https://www.xiaohongshu.com/explore/68540259000000002001a164?xsec_token=AB-aTJ4YIQuYuLC-kIdmgVL8jfF2NWJ-L5uiry2fGTYXg=&xsec_source=pc_search&source=web_explore_feed,653d09bb0000000006006128,06-19,https://www.xiaohongshu.com/user/profile/653d09bb0000000006006128?xsec_token=ABx3tx3FCXQLTsiCjIZr6b49C-TuQM4Z6Zi9c7GGFbvq4=&xsec_source=pc_note,hg扣货
爱喝ad钙,无标题,0,13,0,图文,https://www.xiaohongshu.com/explore/68a97676000000001b03060a?xsec_token=ABWiVa0a-23BPynqb9Ow9D9uy1uMe3tHe6V7yXCg3I5jE=&xsec_source=pc_search&source=web_explore_feed,661aa1d1000000000303040b,08-23,https://www.xiaohongshu.com/user/profile/661aa1d1000000000303040b?xsec_token=AB91zAr89nZC2q3pa0xtldxDCoZFEM33GiDCjMKVY6I_Q=&xsec_source=pc_note,hg扣货
货代人的日常,到目的港弃货，该怎么办呢🔥🔥🔥,56,59,55,图文,https://www.xiaohongshu.com/explore/66023f6800000000120219d9?xsec_token=ABlyozPPD6HtRyxCZ95bzLMpRyuxEPb8Ih21-UD7Dky9c=&xsec_source=pc_search&source=web_explore_feed,619e468b0000000021022db3,2024-03-26,https://www.xiaohongshu.com/user/profile/619e468b0000000021022db3?xsec_token=ABLeWaEPAx0uXDaL6Fuxc2PrAiwufGL2Ub4gxLgakhKBU=&xsec_source=pc_note,hg扣货
布布理👾,ems清关,6,14,1,图文,https://www.xiaohongshu.com/explore/67dff4a0000000001d01661f?xsec_token=ABMt4IFh4tOM1X8K1CyKGR3T60zl48oaSmhQSILo2f94M=&xsec_source=pc_search&source=web_explore_feed,66fcbca4000000001d0218be,03-23,https://www.xiaohongshu.com/user/profile/66fcbca4000000001d0218be?xsec_token=ABxYo_iCxA-VXv0NqauiRAdkbMiXzMv8nAGoMGokj4VF8=&xsec_source=pc_note,hg扣货
Mediavelop,货代 上,0,0,0,图文,https://www.xiaohongshu.com/explore/6886f7b600000000200192b1?xsec_token=ABJ3e8P9PBJfDICR1VkZcixBAbWYMJ_6Thrzap-7ZrFTc=&xsec_source=pc_search&source=web_explore_feed,5b60668a6b58b751bf6c87ca,07-28,https://www.xiaohongshu.com/user/profile/5b60668a6b58b751bf6c87ca?xsec_token=ABxO6hMKQFre_grk_ibe-3NGy-neiPxIGNX24vZUp4gEI=&xsec_source=pc_note,hg扣货
农民企业家,PC真坏，假币入盒不给赔偿说是假盒,27,21,12,图文,https://www.xiaohongshu.com/explore/68773615000000001d00d3da?xsec_token=ABc9m4LRVy0_QiN4yK0hb5E9NEDmkc9pEyVYasBGlVLVg=&xsec_source=pc_search&source=web_explore_feed,5af7e154e8ac2b093096bdb8,07-16,https://www.xiaohongshu.com/user/profile/5af7e154e8ac2b093096bdb8?xsec_token=ABPTWUdPaWY10y9sKyEQ3ThXfsTsNdVFB47epRecUG9sg=&xsec_source=pc_note,hg扣货
Missssy,新鲜线上金漏，但我没捡😅,9,11,1,图文,https://www.xiaohongshu.com/explore/6819bd9c0000000023011afc?xsec_token=AB0jigDny9rvU-OkBEF7q_-Fm9xza2ZIbz6l01ZNs8Wvk=&xsec_source=pc_search&source=web_explore_feed,5838151482ec3904ce1712c4,05-06,https://www.xiaohongshu.com/user/profile/5838151482ec3904ce1712c4?xsec_token=AB9qXKaPS6JTxvw1mHRG2ENmsnpRndXDLc7rZeZ3WX0gs=&xsec_source=pc_note,hg扣货
小瑞姐爱Schreiner,别买！不是schreiner,16,8,4,图文,https://www.xiaohongshu.com/explore/67b7647d0000000029029eaa?xsec_token=ABM0wb2NeRwGX4Q1PP8nN-MrKHAGVNNA3mO2y950nPf-U=&xsec_source=pc_search&source=web_explore_feed,5efd2e7c00000000010041f4,02-21,https://www.xiaohongshu.com/user/profile/5efd2e7c00000000010041f4?xsec_token=ABEqfBSTSj0dWriIxql3qsb7ph6j084xFu0ynRr9AYzLw=&xsec_source=pc_note,hg扣货
Kiki学姐,毒流量到底由谁来界定,7,9,0,图文,https://www.xiaohongshu.com/explore/687624ba00000000230051cf?xsec_token=ABx8xJg_mAezttx8ejbNyFSgzeMeEVhzqm0g4dB7Liz7Y=&xsec_source=pc_search&source=web_explore_feed,682d424a000000000e02c991,07-15,https://www.xiaohongshu.com/user/profile/682d424a000000000e02c991?xsec_token=ABfDaSpMExhYcFmnSSEFeaqizI_SISUAXP3Q2sisiXwbY=&xsec_source=pc_note,hg扣货
乐乐toru,JEJ 巴别塔衰败拖发货实录,18,49,2,图文,https://www.xiaohongshu.com/explore/67df8569000000000d01707b?xsec_token=ABMt4IFh4tOM1X8K1CyKGR3SaY5YpAvJALljXyUtzQzaw=&xsec_source=pc_search&source=web_explore_feed,54c7a6c3b4c4d6163e689b9d,03-23,https://www.xiaohongshu.com/user/profile/54c7a6c3b4c4d6163e689b9d?xsec_token=ABElDfWIy4AeOzr6kTdsbcQdMBXKPbC1g89SIJHhZNn0g=&xsec_source=pc_note,hg扣货
第三方检测认证-吴工,ROHS认证-跨境平台必备！TEMU/亚马逊/速卖通,1,0,0,图文,https://www.xiaohongshu.com/explore/67f66bb9000000001c005c80?xsec_token=ABF4sB4c_OniJEa6Kaq5KO6WOFS3kBLQddDXVDhZfnbk0=&xsec_source=pc_search&source=web_explore_feed,67f5d2c9000000000601e860,04-09,https://www.xiaohongshu.com/user/profile/67f5d2c9000000000601e860?xsec_token=ABj-iE6mStw7K64BJVcRer2VZWNbqoL0C79X20Ux4SVr0=&xsec_source=pc_note,hg扣货
吴武铃律师,出口货物低值高报有哪些海关和税务风险？,7,0,6,图文,https://www.xiaohongshu.com/explore/67c52c23000000001203d624?xsec_token=ABrDE2k6os1S7ws5_a9PPBPTLp9Wn5i1FCn-GMMZgV8MM=&xsec_source=pc_search&source=web_explore_feed,5dd15a7b00000000010082dc,03-03,https://www.xiaohongshu.com/user/profile/5dd15a7b00000000010082dc?xsec_token=ABoBdP23rakOHlna5ubQNYAf7FC4pMgqXRV415cBuvrGM=&xsec_source=pc_note,hg扣货
陈茜inTheValley,2天输光200亿美元，2021年的“世纪大爆仓”,57,0,14,图文,https://www.xiaohongshu.com/explore/677b5f15000000000402c165?xsec_token=ABB9tD38OZxVsSGJocpUJn-ElbD0BEjP6m2LLM2ZUXwo4=&xsec_source=pc_search&source=web_explore_feed,5b827b9a62c4310001266240,01-06,https://www.xiaohongshu.com/user/profile/5b827b9a62c4310001266240?xsec_token=ABfbUhvfQ6gS5KAG4z5fTsQyC7fRwd3N1dhFaOnZoQ9XE=&xsec_source=pc_note,hg扣货
Chen.,切煤求助,3,4,0,图文,https://www.xiaohongshu.com/explore/6612b3c70000000004018fb5?xsec_token=ABPborOwNiP4M-mBkVM04L4dC5_Js8Usju1AIjxe4l3Pg=&xsec_source=pc_search&source=web_explore_feed,612de13600000000010017ab,2024-04-07,https://www.xiaohongshu.com/user/profile/612de13600000000010017ab?xsec_token=ABdaozZKIS3wUSWnUi2HXRcE1ufgSmwXmfo939bJOwSII=&xsec_source=pc_note,hg扣货
货运法师,扣关 赔付 敏感H 双清,3,0,1,图文,https://www.xiaohongshu.com/explore/66f11413000000002a0324be?xsec_token=ABBxDJpShVu7FxH0WcM_M4OrqUneLIPI4f9RivADMEJMY=&xsec_source=pc_search&source=web_explore_feed,66af60ce000000001d0305a1,2024-09-23,https://www.xiaohongshu.com/user/profile/66af60ce000000001d0305a1?xsec_token=ABDFolaNb2yjTPOjDiTeOTislnkjoB1fg7kLjrNwdgE1w=&xsec_source=pc_note,hg扣货
猪八戒,中通快递扣留我快递 也不联系我沟通,9,9,0,图文,https://www.xiaohongshu.com/explore/65dd5fdb000000000b0169f1?xsec_token=ABIcnQblm6otxWuodW46WorCa8CVPKCeILTJnPUoYBsgY=&xsec_source=pc_search&source=web_explore_feed,5b8bd3212df0dc0001a536be,2024-02-27,https://www.xiaohongshu.com/user/profile/5b8bd3212df0dc0001a536be?xsec_token=ABck6xohzmvejEaoSW6Ih8qAYFb10b0YwE8MseL24wLq4=&xsec_source=pc_note,hg扣货
励辉士,牢集遗产4,12,5,1,图文,https://www.xiaohongshu.com/explore/686a43bf000000002400efda?xsec_token=ABLP4LeEXNI4FMwmsvrAHTfP9lJiKR46ci0ZGqdcOx6aU=&xsec_source=pc_search&source=web_explore_feed,6788dd170000000008019a03,07-06,https://www.xiaohongshu.com/user/profile/6788dd170000000008019a03?xsec_token=AB-QQjLnY7IUZ0weQnZ8eXW8_pjiiexZTvmZqHUYVKxQ4=&xsec_source=pc_note,hg扣货
北六镇,HRYD基金第二波内幕？,33,20,12,图文,https://www.xiaohongshu.com/explore/66bd9214000000001e01f1ce?xsec_token=ABRfDMYjeLsui7bs91FTSWdIQulZcKjEl6oQ3w27IGsDQ=&xsec_source=pc_search&source=web_explore_feed,5d10e277000000001200fe1a,2024-08-15,https://www.xiaohongshu.com/user/profile/5d10e277000000001200fe1a?xsec_token=AB-gcZiUdCp1r6C5X4ZSiQhU05YkBDvHD2nzFcPHOIfC4=&xsec_source=pc_note,hg扣货
这个女人她不用小红书ok,好离谱 专柜自己买的harry winston没过中检,28,23,4,图文,https://www.xiaohongshu.com/explore/65fc09b90000000013025bb2?xsec_token=ABw0522m30nFxPYl86UOOSmRLbQ8af3CvfPwYtzo0qtI0=&xsec_source=pc_search&source=web_explore_feed,5a31fc7211be101ced1ada06,2024-03-21,https://www.xiaohongshu.com/user/profile/5a31fc7211be101ced1ada06?xsec_token=ABWoz2-7-WPTMxjeETWJehtndKX6FVBgKtHUF--Z0PIRY=&xsec_source=pc_note,hg扣货
微尘,GD x Jacob & Co. 项链有退款教程吗？,7,41,4,图文,https://www.xiaohongshu.com/explore/6881a2a7000000001c031a6f?xsec_token=ABKxG3spjvYoOpdWvZ25gm9rW_4m_SdLdCjaxX6bRMxmQ=&xsec_source=pc_search&source=web_explore_feed,63035e4800000000120029f7,07-31,https://www.xiaohongshu.com/user/profile/63035e4800000000120029f7?xsec_token=ABwWPyS08ih5JJAAE9c4ixU04MjDrlzRgs5iHtqEbaAjw=&xsec_source=pc_note,hg扣货
小红薯,woc你倒是确认收货啊,0,0,0,图文,https://www.xiaohongshu.com/explore/68b10385000000001d002327?xsec_token=ABEnQx9LKBgDV75GA94OE3IfDJcmia4LnHN46RhMs5WG4=&xsec_source=pc_search&source=web_explore_feed,64572fd0000000001f033a7f,4天前,https://www.xiaohongshu.com/user/profile/64572fd0000000001f033a7f?xsec_token=ABYT6cP5YIz5TsGr14lkcN1thNrrQ9PHnw1w0UhEAWiZg=&xsec_source=pc_note,hg扣货
是懂海关扣货的胖哥哥,代购带回来的东西被海关扣了多久能拿回来？,0,0,1,图文,https://www.xiaohongshu.com/explore/68a2dea2000000001d016411?xsec_token=AB4josyIK2BnVWADKWNP9WeuWIGZR8SX_ddaH3s4ZrBTk=&xsec_source=pc_search&source=web_explore_feed,6254b302000000000d030f40,08-18,https://www.xiaohongshu.com/user/profile/6254b302000000000d030f40?xsec_token=ABt9romOiQA984c92O11I3N4dppiEiHQQT4H1qtolqwSA=&xsec_source=pc_note,hg扣货
蟹堡王瑞平专家章师傅,【355】吐槽一下章圈连坐“共同掉落”,50,7,3,图文,https://www.xiaohongshu.com/explore/6839f28e0000000023011550?xsec_token=ABzR1DmqtS2IUQgQU2XSXbQDJONQPkgVkG6FAJj91Sf44=&xsec_source=pc_search&source=web_explore_feed,64101c34000000000f0119b0,05-31,https://www.xiaohongshu.com/user/profile/64101c34000000000f0119b0?xsec_token=ABEOQCHcBZJE2Nizj7-pTX3-Ou3tkTsFWtx_LkemaCxo4=&xsec_source=pc_note,hg扣货
墨染,XRP腰斩到1，韩国交易所崩了！！！,142,61,30,图文,https://www.xiaohongshu.com/explore/674f18b40000000008007bd7?xsec_token=ABjKaQ3Pnl7crNB1r5g41-X9z52Tj-b7SD5E3z_dp1jt8=&xsec_source=pc_search&source=web_explore_feed,6726d8d9000000001d02f235,2024-12-03,https://www.xiaohongshu.com/user/profile/6726d8d9000000001d02f235?xsec_token=ABkjkdEX-TbrKjKfcD9b4sr_-Xxpcdv3OugBid9ZKOhv0=&xsec_source=pc_note,hg扣货
小小灯塔,徐锦，猴子，黎家烁，私吞货款,24,17,2,图文,https://www.xiaohongshu.com/explore/68a53d6f000000001d036511?xsec_token=AB-oC1iPr2dShvuoV03AneS8b7OOVhDxNa0pPIWe3yhQc=&xsec_source=pc_search&source=web_explore_feed,5f1633bd000000000101f231,08-20,https://www.xiaohongshu.com/user/profile/5f1633bd000000000101f231?xsec_token=ABOP8I0eqwseGsfVAANArXwiVwDU5F5gQCLXR7vqkn-OY=&xsec_source=pc_note,hg扣货
懒趴羊通关大师,香港海关扣货秒慌？货多多来救场！,4,1,1,图文,https://www.xiaohongshu.com/explore/68908a03000000002302796d?xsec_token=ABtvkKRaDqgpYWXaJFMCQQ2eTsSIk47N2mzP5bIZbLA6g=&xsec_source=pc_search&source=web_explore_feed,67e9217e000000000e01e54c,08-04,https://www.xiaohongshu.com/user/profile/67e9217e000000000e01e54c?xsec_token=ABQZ8WV6JdVaNMbLDBuB1CqzW6QPmm3gAizUr_aXRS-JM=&xsec_source=pc_note,hg扣货
小鼠圆舞曲,house of cb被税,0,6,0,图文,https://www.xiaohongshu.com/explore/632209560000000008008819?xsec_token=AB0Do3BX4X7Q1-Zr0i2uEQHQwpAnCihccEc71VNhmB0W4=&xsec_source=pc_search&source=web_explore_feed,5dad460000000000010079b1,2022-09-15,https://www.xiaohongshu.com/user/profile/5dad460000000000010079b1?xsec_token=ABf5qqX_9LpAp9rsGhBOB-gy3G5EJWuFn6B_NBcSoqxxI=&xsec_source=pc_note,hg扣货
杜假圣地,借壳上市的隐秘角落，懂的留爪,3,0,3,图文,https://www.xiaohongshu.com/explore/682d154b0000000022004e22?xsec_token=ABfDaSpMExhYcFmnSSEFeaqg67PRZ-8KmybH4dA88kdX4=&xsec_source=pc_search&source=web_explore_feed,5d16b8af0000000011018032,05-21,https://www.xiaohongshu.com/user/profile/5d16b8af0000000011018032?xsec_token=ABKfwpqlVxvs63S2mYDTTAdjymg3198KZhHAgE8GuD6YM=&xsec_source=pc_note,hg扣货
白色樱の祭,Bond 是什么？要多少钱？美国Bond全解析！,275,25,375,图文,https://www.xiaohongshu.com/explore/63da39780000000002001d0b?xsec_token=ABtaEom-aJfddEquCVSTbAb4OOM8yGiQUBjafqZ_G-V48=&xsec_source=pc_search&source=web_explore_feed,5ea446350000000001002a46,2023-02-01,https://www.xiaohongshu.com/user/profile/5ea446350000000001002a46?xsec_token=AB-sP483RscK39VR0HyqY_dY6m-KKXTDf9LI-xamYH07g=&xsec_source=pc_note,hg扣货
乐众物流,货代扣货扣单避坑指南⚠️新手必看防踩雷,5,0,2,图文,https://www.xiaohongshu.com/explore/67caacd7000000002503ff6d?xsec_token=ABZPGxayX2w_SkFppFap4jRpNJy0Xkkqbai8aCXYTTkA0=&xsec_source=pc_search&source=web_explore_feed,647ac6ac000000001001c95f,03-07,https://www.xiaohongshu.com/user/profile/647ac6ac000000001001c95f?xsec_token=ABDz8Jr7h2TrKm2jbZfiQf6NTK7mopsJqzS61jD3CGAaA=&xsec_source=pc_note,hg扣货
买个床本床,偷胶？防止缩胶？,1,0,0,图文,https://www.xiaohongshu.com/explore/681e203f000000002102c46d?xsec_token=ABS1YsmYGkzyaCCLzjK_eIh5eod-hqF8vdF_T6OBO3EEg=&xsec_source=pc_search&source=web_explore_feed,6011680d0000000001008883,05-09,https://www.xiaohongshu.com/user/profile/6011680d0000000001008883?xsec_token=ABXQhQ5JJvYOUu9cnqx12yJmjPb-b8sy25z2cpPmBt3PQ=&xsec_source=pc_note,hg扣货
李律师（付费咨询）,进口酒处罚：走私及刑事处罚,0,0,0,图文,https://www.xiaohongshu.com/explore/678f0a6d000000001902c1d3?xsec_token=ABI9YlURpQe939mrnVmyuIfS8sGQTt8QmZo-oPqmhnmZk=&xsec_source=pc_search&source=web_explore_feed,6080fe630000000001003b37,01-21,https://www.xiaohongshu.com/user/profile/6080fe630000000001003b37?xsec_token=AB2-FyPvk9qrOcbMh8QNpilOvfLCosabgzA0Q2I43Ufg8=&xsec_source=pc_note,hg扣货
丽英,无标题,1,0,0,图文,https://www.xiaohongshu.com/explore/6899a5ec0000000022023df7?xsec_token=AB56kZ1J45Gh4iels1KSmgxn2OhHrAsc-CUbwOFrNOQEU=&xsec_source=pc_search&source=web_explore_feed,6493132500000000110026a9,08-11,https://www.xiaohongshu.com/user/profile/6493132500000000110026a9?xsec_token=AB3WhlLmE46c5W4eKXZtZDui4hX3soET24eii8w_pD0hM=&xsec_source=pc_note,hg扣货
白色樱の祭,美国线约价有哪些？,251,15,359,图文,https://www.xiaohongshu.com/explore/64ddef56000000000103da77?xsec_token=ABRNchoT7VZuhAQ4CddHgxUodc0mPpBkTnKmGGMSBpf4E=&xsec_source=pc_search&source=web_explore_feed,5ea446350000000001002a46,2023-08-17,https://www.xiaohongshu.com/user/profile/5ea446350000000001002a46?xsec_token=AB-sP483RscK39VR0HyqY_dY6m-KKXTDf9LI-xamYH07g=&xsec_source=pc_note,hg扣货
李律师（付费咨询）,浙江市场监督处罚案例（7.27）,3,0,1,图文,https://www.xiaohongshu.com/explore/6885a48e000000001d00e537?xsec_token=ABitI8B9Mu2An9zvTsM8XQeXJu3WmtmA_pWYhZ1QpEJTk=&xsec_source=pc_search&source=web_explore_feed,6080fe630000000001003b37,07-27,https://www.xiaohongshu.com/user/profile/6080fe630000000001003b37?xsec_token=AB2-FyPvk9qrOcbMh8QNpilOvfLCosabgzA0Q2I43Ufg8=&xsec_source=pc_note,hg扣货
小奥,520活动！！！,0,0,0,图文,https://www.xiaohongshu.com/explore/66403d9b000000001e039c5d?xsec_token=AB4QeX3wzXZGWzSxQB59hxkKpFoJX1cZY2tyBViQY0ev0=&xsec_source=pc_search&source=web_explore_feed,5f8ae0320000000001007a67,2024-05-12,https://www.xiaohongshu.com/user/profile/5f8ae0320000000001007a67?xsec_token=ABEWgJ-igIo7ENtySfg1UnLgm7VuraDmal5OTp-JTblE8=&xsec_source=pc_note,hg扣货
沛沛Rain的外贸日记,外贸SOHO一定要注意这个GBC律所的John,14,19,8,图文,https://www.xiaohongshu.com/explore/67072f0a000000001a020242?xsec_token=AB2TdEBxG-EkOGcXpSEtFmug63GDg2_DqPIFHxPJiSLts=&xsec_source=pc_search&source=web_explore_feed,5612a02033f60c747cbcdc00,2024-10-10,https://www.xiaohongshu.com/user/profile/5612a02033f60c747cbcdc00?xsec_token=ABcX4xEY-dpXRuXvm3YdSf6j6u_nsz25CMWDcEIQ8w7qY=&xsec_source=pc_note,hg扣货
蟹堡王瑞平专家章师傅,【1872】车主卖重瑕余量，车妹维权惨遭掉落,41,54,1,图文,https://www.xiaohongshu.com/explore/6891a08100000000250276d6?xsec_token=ABHyeRMb-tSq83BldaMlgEodxlZ7d2q2SR0Vgl_u4iV68=&xsec_source=pc_search&source=web_explore_feed,64101c34000000000f0119b0,08-05,https://www.xiaohongshu.com/user/profile/64101c34000000000f0119b0?xsec_token=ABEOQCHcBZJE2Nizj7-pTX3-Ou3tkTsFWtx_LkemaCxo4=&xsec_source=pc_note,hg扣货
旺仔牛奶糖🥕,挖煤姬被税,0,10,0,图文,https://www.xiaohongshu.com/explore/64c76ff4000000000b02a4b1?xsec_token=AB4gb-XzGzbvyyBBOuZ6i_IqToOsd8He7T8PYgulWluSs=&xsec_source=pc_search&source=web_explore_feed,5e7cbe150000000001004ab2,2023-07-31,https://www.xiaohongshu.com/user/profile/5e7cbe150000000001004ab2?xsec_token=ABXh-yNHcvbaEbHzDsL3KOj10alphXVpXXij75nWTELEA=&xsec_source=pc_note,hg扣货
遵义骆律师,ht制作传播yh物品|无罪辩护|jcy已退GA补侦,5094,330,166,图文,https://www.xiaohongshu.com/explore/6858ca710000000015021164?xsec_token=AB2rvXRAWdiTUPrcBejdCaKBzQcxl3OHtnjWIr0bkoJSs=&xsec_source=pc_search&source=web_explore_feed,667d7ea00000000007004793,06-24,https://www.xiaohongshu.com/user/profile/667d7ea00000000007004793?xsec_token=ABJ7l9ByMhTHiOtVI1jAz045P67pokVTaxfXbAx6-cDLE=&xsec_source=pc_note,hg扣货
XAU老王,为什么你的订单被无限扫损？,1,1,1,图文,https://www.xiaohongshu.com/explore/6822ff86000000000303b61e?xsec_token=ABJ5uvSi9pokxjLq9mvEgAPjqVSK5Oee6VluiZgfrLrsI=&xsec_source=pc_search&source=web_explore_feed,64b5fb4c000000000b014bc7,05-13,https://www.xiaohongshu.com/user/profile/64b5fb4c000000000b014bc7?xsec_token=ABCObYwsP4PPr9txw4x5GeeuyV5Y7zZSpz2ZBEmqEZvu8=&xsec_source=pc_note,hg扣货
小白学外贸,无标题,2,12,0,图文,https://www.xiaohongshu.com/explore/6881d1c600000000100244eb?xsec_token=ABKxG3spjvYoOpdWvZ25gm9hnCprjjxz5ruiFPwI3o9gs=&xsec_source=pc_search&source=web_explore_feed,686b4c17000000001d0089a9,07-24,https://www.xiaohongshu.com/user/profile/686b4c17000000001d0089a9?xsec_token=ABmlQ3bFQY_C0vf19sFllJ0eRZ5i0Xgsd1244mmuZPNb8=&xsec_source=pc_note,hg扣货
Rayna吃瓜学理财🍉,“空头挤压”（Short Squeeze）|自用note,4,0,5,图文,https://www.xiaohongshu.com/explore/685b34d1000000000d019675?xsec_token=ABIViVZnYflgT3C06FdQWIratEW6N-rIA5DykRPZKqY6s=&xsec_source=pc_search&source=web_explore_feed,60792b39000000000101ebb6,06-25,https://www.xiaohongshu.com/user/profile/60792b39000000000101ebb6?xsec_token=ABEIz8-tDkHy2uRgEmpLiSqtMC1rOHmRdSo7Hl27vxA-Q=&xsec_source=pc_note,hg扣货
深圳国际海运阿维,海运报价里的“隐藏费用”怎么查？,11,2,14,图文,https://www.xiaohongshu.com/explore/689c9de0000000001c030a01?xsec_token=ABwaji53N7YH8zLbBbmL6gP-nfm5y89N-TpHSQIKCIruA=&xsec_source=pc_search&source=web_explore_feed,5babaa2cbd54a600010c5ab3,08-13,https://www.xiaohongshu.com/user/profile/5babaa2cbd54a600010c5ab3?xsec_token=ABadl5NUZpzJMBEHjjOxm25R8Dk7u9feG__hxJa_O0qkI=&xsec_source=pc_note,hg扣货
重返艾泽拉斯,HTOC的苛捐杂税,12,37,5,图文,https://www.xiaohongshu.com/explore/67b5916f000000000900fd4e?xsec_token=ABZWmjFCJlV-4oKlkar-7D18DzeLG_Wr86--pHUDeZpSs=&xsec_source=pc_search&source=web_explore_feed,62ceec77000000000303d606,02-19,https://www.xiaohongshu.com/user/profile/62ceec77000000000303d606?xsec_token=ABrS9TqZC0phOPB-b3eKAOZ9GJaGuCMn_vc4Gk_URO6Is=&xsec_source=pc_note,hg扣货
yellowking,【扑导市场分析】,2,1,0,图文,https://www.xiaohongshu.com/explore/68917427000000002501c404?xsec_token=ABHyeRMb-tSq83BldaMlgEobcnibyc2QU4rKcPzcSokFw=&xsec_source=pc_search&source=web_explore_feed,5cfedcb40000000010035fb8,08-05,https://www.xiaohongshu.com/user/profile/5cfedcb40000000010035fb8?xsec_token=ABlnbdBGApGT6j6MAf4tuspeGdHsKExSFwVI0Inf0H290=&xsec_source=pc_note,hg扣货
小红薯689A9D37,Forex之【外汇保证金、预付款比例等】,5,1,6,图文,https://www.xiaohongshu.com/explore/6889c4660000000025015e2a?xsec_token=ABSU2aBKI_CPLh2V0Q9vvhiMaNbI6X0NP8MDzZEr3efOc=&xsec_source=pc_search&source=web_explore_feed,5ea6f3ba00000000010087c0,07-30,https://www.xiaohongshu.com/user/profile/5ea6f3ba00000000010087c0?xsec_token=AByDjvWBvA54DY7swP_WZn6oERnEvO0T-bV6t4o4GNlxY=&xsec_source=pc_note,hg扣货
恶喵之魂,HG钢加农,15,2,0,图文,https://www.xiaohongshu.com/explore/67f13f09000000001200ce8b?xsec_token=ABL94NPlheEErKfV3JZAE0GRCaLXXkEVaJvnyVJMXvwJo=&xsec_source=pc_search&source=web_explore_feed,5657363ef53ee058ab7755d1,04-05,https://www.xiaohongshu.com/user/profile/5657363ef53ee058ab7755d1?xsec_token=ABpu8D4OWN6CP5SHN0AmmSnkXtxLE_uKj6I4WC9E0NpJc=&xsec_source=pc_note,hg扣货
阿咸,无标题,8,14,0,图文,https://www.xiaohongshu.com/explore/6789f25b0000000021002f9b?xsec_token=ABE_LMtUGR_ZVHljXnJt_E1lTqCzYEQn2aDdJBrgIheAQ=&xsec_source=pc_search&source=web_explore_feed,60a9308d0000000001005eea,01-17,https://www.xiaohongshu.com/user/profile/60a9308d0000000001005eea?xsec_token=ABqbF7dHvrKrSX5_tShLfuX8UJz4Oglw8vkMFP9Gi489U=&xsec_source=pc_note,hg扣货
HG电竞,陪🥣来！娱乐没有要求,10,33,1,图文,https://www.xiaohongshu.com/explore/6780cb3f000000000b020527?xsec_token=ABPKKLfHXKp3blmWu9Rog1ggwDhk1i3_FOXjvr1i8oEjI=&xsec_source=pc_search&source=web_explore_feed,609b6d55000000000101df51,01-10,https://www.xiaohongshu.com/user/profile/609b6d55000000000101df51?xsec_token=ABCy5xK3QQsu1OIerY-fiUXO63uFIiqeoawyG3OWWs0eU=&xsec_source=pc_note,hg扣货
招财萨摩,（外汇小知识科普）关于爆仓和爆仓止损,45,15,26,图文,https://www.xiaohongshu.com/explore/6821fe17000000000f0336cd?xsec_token=ABs3xlaCN2NE0HbxQebapoGY4eLUcG8UbaxKfTIcV8pls=&xsec_source=pc_search&source=web_explore_feed,61879d4d00000000210225d6,05-12,https://www.xiaohongshu.com/user/profile/61879d4d00000000210225d6?xsec_token=AB1b2h6bWeXUMhKdNRjp5Z0Xd2SAATGmL9HSrDaA0HrmY=&xsec_source=pc_note,hg扣货
LMLee(满两千粉抽奖),soom在我最虚弱的时候开了zak,34,50,0,图文,https://www.xiaohongshu.com/explore/67d0e7c1000000002602e863?xsec_token=ABnF6m_OVgVyhA_lM3_4tHIAXu3S5auB4-xDQQqPe8R-0=&xsec_source=pc_search&source=web_explore_feed,63302015000000002303e9ca,03-12,https://www.xiaohongshu.com/user/profile/63302015000000002303e9ca?xsec_token=ABs1i6sbCL5VUZ0bwY3vyhbL2QCqYV04owwo4AIycIR_Y=&xsec_source=pc_note,hg扣货
格略律师事务所,贸企业警惕！货代这一操作让工厂损失47万,4,2,1,图文,https://www.xiaohongshu.com/explore/6862436b0000000022033a6d?xsec_token=ABIUmqImYdeTrawDLiZ9Gi7-4yC0JzKmkUxcimd0s9IbE=&xsec_source=pc_search&source=web_explore_feed,65f15aa8000000000b032830,06-30,https://www.xiaohongshu.com/user/profile/65f15aa8000000000b032830?xsec_token=AB_iYBe4DM68TqyIAvDHvC_2Y6IITDgcsof0bVG8P6uwI=&xsec_source=pc_note,hg扣货
没头脑和不高兴,#Tro和解金，一大早的太烦了#,11,73,10,图文,https://www.xiaohongshu.com/explore/6539cb6d0000000025016407?xsec_token=ABD8RFVbqgiV6_QRnBBvdqSiHoxALdjzWJJID7CpUFBuE=&xsec_source=pc_search&source=web_explore_feed,5c946ecf000000001200a0da,2023-10-26,https://www.xiaohongshu.com/user/profile/5c946ecf000000001200a0da?xsec_token=ABgkbcXzfXQ7J-88CQqp2qXGKo7p3Cn1HrQ64tkYBmScI=&xsec_source=pc_note,hg扣货
非iid分布(非Markov),量化系列12: Short Squeeze 空头挤压,13,0,8,图文,https://www.xiaohongshu.com/explore/680af531000000000f03255a?xsec_token=ABmkHLf8jPZOFC6f0p8Bk1MLcxILT9tJIlE34jK7Xct_I=&xsec_source=pc_search&source=web_explore_feed,67f12dea000000001b01dba8,07-12,https://www.xiaohongshu.com/user/profile/67f12dea000000001b01dba8?xsec_token=ABL94NPlheEErKfV3JZAE0GdpMz57sTo7bGbCBZ-8q7IM=&xsec_source=pc_note,hg扣货
花都开好了,MT4的库存费,8,16,4,图文,https://www.xiaohongshu.com/explore/67de7aef000000001d02353b?xsec_token=ABGXB8SAqAi3SGTMOBxAbKpI6W--k9IS026R7ErlLjCUU=&xsec_source=pc_search&source=web_explore_feed,620ddd4d0000000010008c1d,03-23,https://www.xiaohongshu.com/user/profile/620ddd4d0000000010008c1d?xsec_token=ABCfWnpWHCrGP6iIckVFkbYqSqOwJByRVmLBybhAL4mpA=&xsec_source=pc_note,hg扣货
SF顺丰日本国际速运,代买预付到底要不要？,10,3,9,图文,https://www.xiaohongshu.com/explore/6881e7dc0000000017035367?xsec_token=ABKxG3spjvYoOpdWvZ25gm9jAMaWekoid_we7LreP59RY=&xsec_source=pc_search&source=web_explore_feed,639a688d0000000027029f69,07-24,https://www.xiaohongshu.com/user/profile/639a688d0000000027029f69?xsec_token=AB6LOUw7hEqwkN7dPrkaSlMImYCF6KtwIjkx8RzhDU1T0=&xsec_source=pc_note,hg扣货
价格行为Louis,【价格行为】复盘0606 标普/黄金/FR40,29,5,19,图文,https://www.xiaohongshu.com/explore/68445836000000000303d8f9?xsec_token=ABltXXNSzy1HBxQlQ5dGaU-jOlwvtfLz_RsLe5CtqB7zU=&xsec_source=pc_search&source=web_explore_feed,5d29911b000000001001491a,06-07,https://www.xiaohongshu.com/user/profile/5d29911b000000001001491a?xsec_token=ABi9Wslgb9-PxaSM1VcshNr63L1_6a7gfqkBHqX5pNh00=&xsec_source=pc_note,hg扣货
400lux,gillio你。。。。,1,9,1,图文,https://www.xiaohongshu.com/explore/65e83ed10000000003030308?xsec_token=ABRgiASji4IXxtQ1m_YCkc43Dx21ermewMK9Lv03yo2kY=&xsec_source=pc_search&source=web_explore_feed,659a5af30000000022007e2d,2024-03-06,https://www.xiaohongshu.com/user/profile/659a5af30000000022007e2d?xsec_token=ABdLfXJi4GMK0exoz-R8k_UGkVdd3UOux2kO2Yk_h7pBU=&xsec_source=pc_note,hg扣货
Crypto Minako(web3.0进阶版),Hyperliquid 金库危机！螳螂捕蝉～黄雀在后,10,5,2,图文,https://www.xiaohongshu.com/explore/67e4ead1000000001201c59a?xsec_token=ABwA6kbsJRDubTriTawl7eK1s7PV8EOUISSPVTSSCLIgA=&xsec_source=pc_search&source=web_explore_feed,5e5406bb0000000001004fcc,03-27,https://www.xiaohongshu.com/user/profile/5e5406bb0000000001004fcc?xsec_token=ABvv7mOesPkyGvlN9I15EeE9Mq7Mr21mva4EtKOm7du4Y=&xsec_source=pc_note,hg扣货
樹也vintage,中古金漏真的很多199卖了1.28w的14k金的,765,74,193,图文,https://www.xiaohongshu.com/explore/66c9ab8c000000001f03a372?xsec_token=ABkGoh7Jw1JDXIAflWHisHeGPU78GZ4gKPSR0lyqb-KeQ=&xsec_source=pc_search&source=web_explore_feed,5b8c05f5aaea5b000162b181,2024-08-24,https://www.xiaohongshu.com/user/profile/5b8c05f5aaea5b000162b181?xsec_token=ABYABgragsaMIVJ6W2RFa3rokhcRm8pwECrSmp58Qrge4=&xsec_source=pc_note,hg扣货
Holy,泰哥分歧好大,53,29,5,图文,https://www.xiaohongshu.com/explore/68ad139f000000001d01497b?xsec_token=ABIR5hOU-NzEiWw1jsS-H04yJjYnV2PuPmYaz2PdE3JQ0=&xsec_source=pc_search&source=web_explore_feed,5ead9cdd000000000100682e,08-26,https://www.xiaohongshu.com/user/profile/5ead9cdd000000000100682e?xsec_token=ABg9Qvg56R9ulH4doOHaHz5BXL_94O2DTuQ6eOS3lwHaE=&xsec_source=pc_note,hg扣货
小红薯5E7D22E4,千万别相信什么渠道货海关羁押货是ZP,12,0,0,图文,https://www.xiaohongshu.com/explore/5ed4cd970000000001005fae?xsec_token=ABHw2X5eSg0O-BUhssuzghZS51htBiJ_G5jBaVbIEm0e8=&xsec_source=pc_search&source=web_explore_feed,5e7c933200000000010026b4,2020-06-01,https://www.xiaohongshu.com/user/profile/5e7c933200000000010026b4?xsec_token=ABXh-yNHcvbaEbHzDsL3KOj0ikLkYJmTNt9OhsYRH5flQ=&xsec_source=pc_note,hg扣货
養豬掀女,窒息量,4,0,1,图文,https://www.xiaohongshu.com/explore/671f427a0000000026036032?xsec_token=ABctdGhEAaYya2jIe9SEhokYR9zCM3c1rmNheZaf6bKYE=&xsec_source=pc_search&source=web_explore_feed,5d9f09990000000001004612,2024-10-28,https://www.xiaohongshu.com/user/profile/5d9f09990000000001004612?xsec_token=ABMNyr1nMIqK2YUsJcEP2hMYmgy7hSE3wtuMRB14n4ZyI=&xsec_source=pc_note,hg扣货
