﻿昵称,标题,点赞数,评论数,收藏数,类型,笔记链接,UID,发布日期,主页链接,搜索词语
摸鱼仔,上海代购工厂加高达,48,75,23,图文,https://www.xiaohongshu.com/explore/64e70fbf000000001201bc6c?xsec_token=ABYlJz3JwP4WAzuoFTuD0UoEVLqPqJ_l_SW1uRGhGuFWI=&xsec_source=pc_search&source=web_explore_feed,6379b3f1000000001f0179f6,2023-08-24,https://www.xiaohongshu.com/user/profile/6379b3f1000000001f0179f6?xsec_token=ABiC9guMwDlmLHFwc627oASg3iKm687xv9OZbZ98VlaW0=&xsec_source=pc_note,hg扣货
阿纳海姆新兵蛋,早买早享受，晚买享折扣。,3,0,0,图文,https://www.xiaohongshu.com/explore/68b308db000000001b03c20d?xsec_token=AB9yxArZSXzcJV5TgbUXropOn-WggSX1DYhhwE3Iu1nIE=&xsec_source=pc_search&source=web_explore_feed,67cf0a1b000000000500e7b2,2天前,https://www.xiaohongshu.com/user/profile/67cf0a1b000000000500e7b2?xsec_token=ABeRjlApalNGWcYVTj1mDljvPg2oAIekqzaST3QjRk0S0=&xsec_source=pc_note,hg扣货
梅花圈有什么瓜,hg片片那个,0,1,0,图文,https://www.xiaohongshu.com/explore/66e9a4f5000000001e018f40?xsec_token=ABe3auyx1Pex3pBfs7HbUxB7oR2LsfjV6BaC9cEsqT5J4=&xsec_source=pc_search&source=web_explore_feed,6620049f000000000d025664,2024-09-17,https://www.xiaohongshu.com/user/profile/6620049f000000000d025664?xsec_token=ABvSFkMyRVSHZGuaoHadyKsLTJ5MKn0ZPIaa4RvxS_7hY=&xsec_source=pc_note,hg扣货
葡糖萄,经济学角度看捏捏👀保质期越来越短？（上）,112,55,13,图文,https://www.xiaohongshu.com/explore/689b598a000000001c013574?xsec_token=ABmtfIr5Tp0xo3s9FL_deHQVdveUYRXjYCFXRFtJCVoZA=&xsec_source=pc_search&source=web_explore_feed,615521e70000000002018f18,08-12,https://www.xiaohongshu.com/user/profile/615521e70000000002018f18?xsec_token=ABMnD_WA5vFnLnyoKn3MPQimW-7VLznWCFvECkxITpxq8=&xsec_source=pc_note,hg扣货
小Chen_纵晟,为什么我的货物被海关扣留？,2,0,0,图文,https://www.xiaohongshu.com/explore/67adcf7c0000000018019129?xsec_token=ABdjBStdGKMTAxAYR9WmQAwT5QqBdRSsoxggDtGlXxiWQ=&xsec_source=pc_search&source=web_explore_feed,677cc80e0000000018014c8c,02-13,https://www.xiaohongshu.com/user/profile/677cc80e0000000018014c8c?xsec_token=ABjeKrLHx9FOZ0rb8d62Jcvas5Ij1Eqo99nqJ-fks3iWM=&xsec_source=pc_note,hg扣货
关务知识库,一文讲清～,12,0,11,图文,https://www.xiaohongshu.com/explore/67bda64a000000000602b2db?xsec_token=ABmJK7Ir6fn6Y3CQ_gfq0-zy_YAeryqxkdsSUcQRo4WmM=&xsec_source=pc_search&source=web_explore_feed,5dbbed8d00000000010085b1,02-26,https://www.xiaohongshu.com/user/profile/5dbbed8d00000000010085b1?xsec_token=ABKfWuA2NmyzDoVGKKn9AgK7DKulo3xdlFDVOKwy-HXFQ=&xsec_source=pc_note,hg扣货
屑白告_zZ,zz头部火神炮变更史（大概,39,5,10,图文,https://www.xiaohongshu.com/explore/67ed1ef7000000001d0269cf?xsec_token=ABgT9t4ku8nKm3_LsFEKh4qMX3fsPaDPeX5V125erF48g=&xsec_source=pc_search&source=web_explore_feed,5d988ddc000000000100b5ae,04-02,https://www.xiaohongshu.com/user/profile/5d988ddc000000000100b5ae?xsec_token=ABhUg5-fKIy9SYeY20FDfON92C6FlXamSZuHByWS7M3Es=&xsec_source=pc_note,hg扣货
最怕日日要煲靓汤,HGUC Z高达 Zeta Ver.0088,45,7,7,图文,https://www.xiaohongshu.com/explore/671a41100000000026036876?xsec_token=ABSC_UNEwz3Wbtl2Fyu1AtO9xjkkczM6aOtPKCBkuMiiY=&xsec_source=pc_search&source=web_explore_feed,58e4f8c150c4b46b0b0031bd,2024-10-24,https://www.xiaohongshu.com/user/profile/58e4f8c150c4b46b0b0031bd?xsec_token=ABMsqgabP1AQpDhQEXiz6AahN-FuRg6tjM1i8VjdIm_Us=&xsec_source=pc_note,hg扣货
深圳空运头程,无标题,1,1,0,图文,https://www.xiaohongshu.com/explore/688b33640000000025024310?xsec_token=ABUVbi8nGfVMKFxt86jVDSyyXcbwm2w3FYNK-PhL-eFdg=&xsec_source=pc_search&source=web_explore_feed,6035c0180000000001005e2c,07-31,https://www.xiaohongshu.com/user/profile/6035c0180000000001005e2c?xsec_token=ABsFtH-f_cq3ZMI4L6oImmDCMDV09p0jXdv-thzUjRbIk=&xsec_source=pc_note,hg扣货
三,海关说归类HS不正确怎么办！！！！,40,94,20,图文,https://www.xiaohongshu.com/explore/67a48b37000000002900f122?xsec_token=ABT-ODgn2w8fzlPBLCubCyR774nLxBaHJKjLgr5bKD5_M=&xsec_source=pc_search&source=web_explore_feed,61d7d05f000000001000d58b,02-06,https://www.xiaohongshu.com/user/profile/61d7d05f000000001000d58b?xsec_token=ABWvzEivLxrTspcF59GAgNUa50ZYKQZJ7bmCcPxyyZZoY=&xsec_source=pc_note,hg扣货
笑一笑,HEM gtr35,36,29,3,图文,https://www.xiaohongshu.com/explore/68728fb6000000000b01fe25?xsec_token=ABGWDNXJHa2VKUu_-_P7_Ak9jXPQn-0AT5fixkRtIFuKI=&xsec_source=pc_search&source=web_explore_feed,5c6e597200000000100101c7,07-13,https://www.xiaohongshu.com/user/profile/5c6e597200000000100101c7?xsec_token=AB1RJTb_ulG0VGaNTTfLXgKojQnKgg7ZPwQN4xjHNIKvo=&xsec_source=pc_note,hg扣货
拖延综合体,万代hg掠夺高达完结,8,3,1,图文,https://www.xiaohongshu.com/explore/64272377000000001301286b?xsec_token=ABiYU36G7AqYmRipOrufaS3BFESFmJ8uu2Ye7SEVmKclA=&xsec_source=pc_search&source=web_explore_feed,62cbebac000000000303d1e5,2023-04-01,https://www.xiaohongshu.com/user/profile/62cbebac000000000303d1e5?xsec_token=ABRsFKmD1k_V-Rq3dOSdgzqLc_T68O0x71KBduL9LOeek=&xsec_source=pc_note,hg扣货
乐扭屋,高达 |8月| HG GFreD,27,0,2,图文,https://www.xiaohongshu.com/explore/68493c99000000002300f7cd?xsec_token=AByaNOk_EDN5Gc75zAKZm4c7AGGkKR2At9eXwNYQnuflw=&xsec_source=pc_search&source=web_explore_feed,627d53c4000000002102a144,06-11,https://www.xiaohongshu.com/user/profile/627d53c4000000002102a144?xsec_token=ABVPhzL7_JAtz_IxoieVlJ3iYS8zhVMWisBcgxDAYK-S0=&xsec_source=pc_note,hg扣货
手星人,超特别装帧方式Spring Back装订｜HG书籍装帧,150,1,95,图文,https://www.xiaohongshu.com/explore/61e4da06000000000102a09f?xsec_token=ABBTmRxQfdn4Ywojl-LoofzKezaXUR_jjbVgUhSwzwPKM=&xsec_source=pc_search&source=web_explore_feed,5e8e633a000000000100bfae,2022-01-17,https://www.xiaohongshu.com/user/profile/5e8e633a000000000100bfae?xsec_token=ABZINV0kAUAjSa4n1nXhqt6lCivgFSjKjyzVyJZ8bGXKc=&xsec_source=pc_note,hg扣货
脾气不好评论三思,hzhg我恨你一辈子…,1,0,0,图文,https://www.xiaohongshu.com/explore/66dd07260000000025033993?xsec_token=ABmqHf9Vo9T_OXFFS5UuW24Gj4k9mnxmD6IqMnxXrf090=&xsec_source=pc_search&source=web_explore_feed,63929981000000001f01afae,2024-09-08,https://www.xiaohongshu.com/user/profile/63929981000000001f01afae?xsec_token=ABQQVFxLoDUIo0eGR3YXzAFx5cRWNGPfp8qozatd6h9_g=&xsec_source=pc_note,hg扣货
小红薯6421054C,一般,0,0,0,图文,https://www.xiaohongshu.com/explore/666fca74000000000e03312a?xsec_token=ABbg6k7z53NafDfkfKoCc7cirFnJ-WUU49AcaY5SZTK6Y=&xsec_source=pc_search&source=web_explore_feed,641fa01400000000120129df,2024-06-17,https://www.xiaohongshu.com/user/profile/641fa01400000000120129df?xsec_token=ABljlNyFqSvvLzj3sK2PKmIIzkU_ku1U9p1LRTDc4Ip1E=&xsec_source=pc_note,hg扣货
轻松速达-小包易,海关扣货原因都有哪些？,11,0,2,图文,https://www.xiaohongshu.com/explore/5f4720ce000000000100adc9?xsec_token=ABFHvzsvfOx0zjpRc9PhkpqUNUGhiOKGLDdg0ygYSKuyg=&xsec_source=pc_search&source=web_explore_feed,587cf4b25e87e772d9a2271e,2020-08-27,https://www.xiaohongshu.com/user/profile/587cf4b25e87e772d9a2271e?xsec_token=ABgXzfuQGqCXwqRJTrOQUTVNLDQXA6JKlYyePS_jeyeRM=&xsec_source=pc_note,hg扣货
厄瓜多尔海派,海关扣货你中招了吗,8,2,2,图文,https://www.xiaohongshu.com/explore/66ff041e000000001a0218c6?xsec_token=ABE-ql1L6r8jDLdoEocKPYIUW7S3ZRDaQ5l9894-m4dRE=&xsec_source=pc_search&source=web_explore_feed,632c9b480000000015016e7a,2024-12-14,https://www.xiaohongshu.com/user/profile/632c9b480000000015016e7a?xsec_token=ABhuYtBcMv6NaTFX-HKO4auQ0k1WIqXHBitSuHkTQtqZA=&xsec_source=pc_note,hg扣货
奥利奥少将,万代 1/144 HG 00q,23,0,1,图文,https://www.xiaohongshu.com/explore/6506ddc3000000001f03f8a7?xsec_token=ABSfAy2OiM2Uw01IDXhQp7yvJ84GwsCibb8vEt5Po6T2g=&xsec_source=pc_search&source=web_explore_feed,5f88fa73000000000100058f,2023-09-17,https://www.xiaohongshu.com/user/profile/5f88fa73000000000100058f?xsec_token=AB4woC5oOBNjEiqGbsRhFzcWQRm1GeV99DicO4Pdz_RwQ=&xsec_source=pc_note,hg扣货
超鱿型先生,玩胶日记—HG 里奥R,40,21,11,图文,https://www.xiaohongshu.com/explore/67d2d0a4000000000903a975?xsec_token=ABrl3_iYOMcj-6XWUEHmsP8LgyB2qWMouUYty7Dh0biNc=&xsec_source=pc_search&source=web_explore_feed,6432a53c000000000e01c05c,06-18,https://www.xiaohongshu.com/user/profile/6432a53c000000000e01c05c?xsec_token=AB3p0lN8xJSE0E9VRjmcmwzyeAZYpQqi-oiFsmyGTVvIU=&xsec_source=pc_note,hg扣货
撸胶的骁师傅,3万多工费的“hg”(1),146,75,51,图文,https://www.xiaohongshu.com/explore/670e3e04000000001b011de3?xsec_token=ABYr8_4c3lNvio59YYkfsH_6wKw_zC-jlOuQNX8RDHOXA=&xsec_source=pc_search&source=web_explore_feed,5ee348db000000000101f2ec,2024-10-15,https://www.xiaohongshu.com/user/profile/5ee348db000000000101f2ec?xsec_token=ABw8SN32B5RmXTGzX7T84EYpxOnbcwKQpKdqTzusrVYM8=&xsec_source=pc_note,hg扣货
无影,补充申报,4,1,0,图文,https://www.xiaohongshu.com/explore/6818e1d80000000023001259?xsec_token=ABa7drLOBmWTOwgH7iLHVCzM1oA7WypaB_JoR4QbApsWA=&xsec_source=pc_search&source=web_explore_feed,6150a723000000000201b019,05-08,https://www.xiaohongshu.com/user/profile/6150a723000000000201b019?xsec_token=ABDIsVtRFYPU3YjNsJHX33pPVM-ksoGRTqhERpOftrItA=&xsec_source=pc_note,hg扣货
田无敌（被禁言中,分享一下自己被hg税的过程,0,3,0,图文,https://www.xiaohongshu.com/explore/5d4b9fda00000000280280fb?xsec_token=ABv5OrbTr_cOJMZO8uf0cwMOxHy2hT2V_PYDFEe7ZAZcM=&xsec_source=pc_search&source=web_explore_feed,59d7880f51783a1455d88838,2019-08-08,https://www.xiaohongshu.com/user/profile/59d7880f51783a1455d88838?xsec_token=ABEfVwj50BlTaz0K2UlZ9KXuYkEqvCjVFbjHgX6SFQGXw=&xsec_source=pc_note,hg扣货
XK,HG 原石新安洲 NT,110,16,43,图文,https://www.xiaohongshu.com/explore/6700a36a000000002a032e66?xsec_token=AB9RCGejC4ejzaU_LT5ZIVxOnF2T-P4crJPaGevM5HR0o=&xsec_source=pc_search&source=web_explore_feed,5de44fee000000000100a9e4,2024-10-05,https://www.xiaohongshu.com/user/profile/5de44fee000000000100a9e4?xsec_token=ABM6_beqqQhop8XHxiyB_jtkUo4xKk3eJUQvYZpC5uIiU=&xsec_source=pc_note,hg扣货
Chuya,包通关的谷子还会被hg 查验？,2,2,0,图文,https://www.xiaohongshu.com/explore/6663190c000000000e0336f9?xsec_token=ABGhT34b01ioxf14DmbWWUcnYwIE7x9YrPRCMnD-j0vUQ=&xsec_source=pc_search&source=web_explore_feed,5d354a10000000001101939f,2024-06-07,https://www.xiaohongshu.com/user/profile/5d354a10000000001101939f?xsec_token=ABPyQUJXHacR6csU-S5advzs_AqTa6PhvHhcEZ6yM7T5g=&xsec_source=pc_note,hg扣货
八月初八,韩国的物流怎么了,4,11,1,图文,https://www.xiaohongshu.com/explore/6274cacc00000000210340b6?xsec_token=ABy9qRuYm6P4_o-fPlpxxlcdTfRFJbcsMOz_I4vTGUzOo=&xsec_source=pc_search&source=web_explore_feed,589e007afb68a27fefd0db7e,2022-05-06,https://www.xiaohongshu.com/user/profile/589e007afb68a27fefd0db7e?xsec_token=ABLgOm50EL1hpiK5nAGUgpTwHYaDG2UNGLenmdFZJKbek=&xsec_source=pc_note,hg扣货
David珠宝视界,H(?)如何看待加热红宝石中的加热残留? (下),27,18,29,图文,https://www.xiaohongshu.com/explore/6649b185000000001500b796?xsec_token=ABDS-gZqjUi70-lLVOzTWcGanvArsIst9fBdA7ivcwsiE=&xsec_source=pc_search&source=web_explore_feed,60b99bfa000000000100951a,2024-05-19,https://www.xiaohongshu.com/user/profile/60b99bfa000000000100951a?xsec_token=ABkLkHW_G96PTAEaUikJSeV8SGfsFWgcYknxhD-0WdxeY=&xsec_source=pc_note,hg扣货
前村的Gunpla进城买胶,GQUUUUUX 刚加浓,11,3,2,图文,https://www.xiaohongshu.com/explore/6873c95c00000000220334d2?xsec_token=ABMROb55Vk8xAAOK_-9u8u4LD70E8D4ilZcPlNGNgGDu0=&xsec_source=pc_search&source=web_explore_feed,5c6d503b000000001201d424,07-13,https://www.xiaohongshu.com/user/profile/5c6d503b000000001201d424?xsec_token=AB1MfaVjqD_rXF1AMOgsC4v1sGCwKO_jqR4FmxNVpGQD4=&xsec_source=pc_note,hg扣货
翼星国际物流乐乐,🚨你的货又被海关扣了？6大隐形雷区1,1,0,0,图文,https://www.xiaohongshu.com/explore/68219629000000001200367e?xsec_token=ABiUi95JGMfiPzabhnLwL94xEJLq_5ddq3fUEq11vS290=&xsec_source=pc_search&source=web_explore_feed,681eadaa000000000d00981a,05-12,https://www.xiaohongshu.com/user/profile/681eadaa000000000d00981a?xsec_token=ABuxr2M9jJbXhAiXjP0Zz-l0KncvuDFpybIzlSStvCEjk=&xsec_source=pc_note,hg扣货
环球供应链Ann,3分钟避坑指南 | 货代绝不说海关通关秘籍,1,0,0,图文,https://www.xiaohongshu.com/explore/68679413000000000b02c382?xsec_token=AB6eUAAOJv83a1QtnyJWFaKTDKrELBrMPHsQL-wnPr1Uc=&xsec_source=pc_search&source=web_explore_feed,6842df33000000001d015904,07-04,https://www.xiaohongshu.com/user/profile/6842df33000000001d015904?xsec_token=ABsRThnms_4GrKRWJsfota1wMl_pnNndIBMm4d9VHmrcg=&xsec_source=pc_note,hg扣货
L,🔮tg：画画对于被扣是觉得爽还是一般,242,51,37,图文,https://www.xiaohongshu.com/explore/689b50a3000000001d03486c?xsec_token=ABmtfIr5Tp0xo3s9FL_deHQS6LLLse58YRjSHjcSX1Nj8=&xsec_source=pc_search&source=web_explore_feed,680481d400000000070017f7,08-13,https://www.xiaohongshu.com/user/profile/680481d400000000070017f7?xsec_token=AB9ReSnirZjxv8erQLQcQfE8z-x9EpIivkbH-jC6Tg6yk=&xsec_source=pc_note,hg扣货
小猫露露,无标题,276,156,11,图文,https://www.xiaohongshu.com/explore/684d1f8a000000002100efc6?xsec_token=AB5X0xWK7HVD8bD-Ah1PkCAakzIyVF22p8H0WW16QhCiU=&xsec_source=pc_search&source=web_explore_feed,5ffc66d4000000000100117d,06-14,https://www.xiaohongshu.com/user/profile/5ffc66d4000000000100117d?xsec_token=ABFvcp7o5buv3GPBjBXSl1lmnc4OoCZTPzKKvLbgM9UBA=&xsec_source=pc_note,hg扣货
乐众物流,货代扣货扣单避坑指南⚠️新手必看防踩雷,5,0,2,图文,https://www.xiaohongshu.com/explore/67caacd7000000002503ff6d?xsec_token=AB2U-q0Rm7nBSYvVgqycCYvraJ__wctp5Vw6Sr0eEyCOg=&xsec_source=pc_search&source=web_explore_feed,647ac6ac000000001001c95f,03-07,https://www.xiaohongshu.com/user/profile/647ac6ac000000001001c95f?xsec_token=ABYtF6QdMyltfdZOhwvAn8-K0Bvo29vP-2ffuOmXft654=&xsec_source=pc_note,hg扣货
汤姆mac,hg gto扎古 完工,156,46,31,图文,https://www.xiaohongshu.com/explore/65b60fb6000000002c02b0a3?xsec_token=ABWWRcUFtDIjf18ZVDYHScZTfkS2zdG-doVj7iLO51y-A=&xsec_source=pc_search&source=web_explore_feed,5b4d7dc96b58b71db0c5bd6c,2024-01-28,https://www.xiaohongshu.com/user/profile/5b4d7dc96b58b71db0c5bd6c?xsec_token=ABk55dm6riaM1hf2qe9jpvsSgkmMse63l_BHJKbSsAVJw=&xsec_source=pc_note,hg扣货
超润国际快递-吖吖,海关扣货长见的七大原因!,1,0,1,图文,https://www.xiaohongshu.com/explore/688359210000000013012a33?xsec_token=ABmzsAmdvgflkFUb-6E7tuda1h797xEo89CWSF8Z0P0Go=&xsec_source=pc_search&source=web_explore_feed,5aa603d011be102e891bea94,07-25,https://www.xiaohongshu.com/user/profile/5aa603d011be102e891bea94?xsec_token=AB2KoxzU73E3fSrytFABQ4h33ZEkVRh7Rcn_ez6Fw-c8Q=&xsec_source=pc_note,hg扣货
没空听你话大饼,中韩集运遇到扣货问题如何解决？,1,0,0,图文,https://www.xiaohongshu.com/explore/6708a8b6000000002a0331c9?xsec_token=ABi-kIXLiE-D6PM4PpmL8Z868-6MqxH5rMgZmXg9NV5tg=&xsec_source=pc_search&source=web_explore_feed,5e74b8f20000000001002318,2024-10-11,https://www.xiaohongshu.com/user/profile/5e74b8f20000000001002318?xsec_token=ABKQY8nHNGZtnICnIDvz_QsL-TxL0_29Munzh6C8XPOeA=&xsec_source=pc_note,hg扣货
薯条🍟,来人 找我进,5,33,1,图文,https://www.xiaohongshu.com/explore/67df69a5000000000900e84d?xsec_token=ABu4kRmBopcgTf2b5dIrPL9oNcwI__UOOW8BWN7_0aiZs=&xsec_source=pc_search&source=web_explore_feed,6439a22b000000000e01f2e0,03-23,https://www.xiaohongshu.com/user/profile/6439a22b000000000e01f2e0?xsec_token=ABPw8QXkfVKNh92F4mimI_csoFn5RDa3yQW3YaOzk3yLg=&xsec_source=pc_note,hg扣货
Deathred,第二弹HG扭蛋,0,0,0,图文,https://www.xiaohongshu.com/explore/6807c164000000000d015498?xsec_token=ABkoc4ymEdI8sA35NfRWCzjXtbRCcD9f1uVC3Txf1oX-w=&xsec_source=pc_search&source=web_explore_feed,6631c6c20000000007005462,04-23,https://www.xiaohongshu.com/user/profile/6631c6c20000000007005462?xsec_token=ABQflXIJbKvNPzEDgUV8iHrrSwWAEC_Zx5SDnUeFQsv4s=&xsec_source=pc_note,hg扣货
小乖（发疯版）,避雷 《有够离谱买小卡都能被海关扣留🫠》,70,26,4,图文,https://www.xiaohongshu.com/explore/65d4092c000000000102a6fc?xsec_token=ABpqoX3E8W94KNeQXHR6nWSPygpFvs74TI0hdffJ-NbfI=&xsec_source=pc_search&source=web_explore_feed,5d72683e0000000001004748,2024-03-14,https://www.xiaohongshu.com/user/profile/5d72683e0000000001004748?xsec_token=ABKhWrapZfbkTepjIvdTIfDwiq8Kp0f3YoWTWDznamzFE=&xsec_source=pc_note,hg扣货
翁几诺,Hg tr1海兹尔改,30,8,5,图文,https://www.xiaohongshu.com/explore/66c893d3000000001d03ba42?xsec_token=AB2s2Zjcp8bFfYq0_hRT8cuGFltdqsL-aZYmDVaw8S43c=&xsec_source=pc_search&source=web_explore_feed,6132c45a00000000020276a0,06-20,https://www.xiaohongshu.com/user/profile/6132c45a00000000020276a0?xsec_token=ABXloEtyH89F6-_V_1Gd0GwxHEyUntL9wiBextVhn6Bgg=&xsec_source=pc_note,hg扣货
Angelia安个利吖,又被税了！,7,64,2,图文,https://www.xiaohongshu.com/explore/5fbfaa9a000000000100562b?xsec_token=ABpeOIhv7RDTi2pcY3PaFRklyU3U5jlzU1EctAijmCXFQ=&xsec_source=pc_search&source=web_explore_feed,54e5bc1eb4c4d65bf347ea60,2020-11-26,https://www.xiaohongshu.com/user/profile/54e5bc1eb4c4d65bf347ea60?xsec_token=ABI7sWRLM5cq8mK5TPFHHpgyu-pC2ZSz4gkKkgcrnwoo4=&xsec_source=pc_note,hg扣货
海绵小宇哥,被狠狠被刺的大冤种,16,0,2,图文,https://www.xiaohongshu.com/explore/6375cdd200000000240262fa?xsec_token=ABbHQjcbHlumek2AUfXCX-l9i3XGJtUqtxKCgDq47RXkY=&xsec_source=pc_search&source=web_explore_feed,5ef9822b000000000101fafb,2022-11-17,https://www.xiaohongshu.com/user/profile/5ef9822b000000000101fafb?xsec_token=ABVBS7DV2hPHJKPwXlPXtFxObLBemfEQUGbJqizwlWsdc=&xsec_source=pc_note,hg扣货
一八供应链郑州子公司,“三截四关” 搞不懂？难怪你的货总被甩柜,1,0,0,图文,https://www.xiaohongshu.com/explore/6877073b0000000013012eae?xsec_token=ABEmJhdelYGcqj4BNZcAqcViZY6kfaTUVzSAVJSF0oGX4=&xsec_source=pc_search&source=web_explore_feed,66a36389000000000d02680e,07-16,https://www.xiaohongshu.com/user/profile/66a36389000000000d02680e?xsec_token=ABxZkMAEBcjWWzIHG7GxknVKLZnLJl_7SFQsJ7U5dSBfg=&xsec_source=pc_note,hg扣货
momo,看到吴小姐可以三倍赔偿...,30,38,7,图文,https://www.xiaohongshu.com/explore/68b17938000000001d014de1?xsec_token=AByEYHkn1LVP8UWcAwgczD0EYRLxrF4oBuS4k8PP_bzOQ=&xsec_source=pc_search&source=web_explore_feed,6853ffb3000000001b01b9a8,3天前,https://www.xiaohongshu.com/user/profile/6853ffb3000000001b01b9a8?xsec_token=ABl_DgA0US0mrP4WwNgokh706FYZPY8IomjQuL225n_cs=&xsec_source=pc_note,hg扣货
艾米-上海易鹤海运空运集运,无标题,0,0,0,图文,https://www.xiaohongshu.com/explore/685656d6000000002201f80f?xsec_token=ABmovs0EhQxICvQ9mJA0NWa7DvaMybRUcENtVB0EQjhRI=&xsec_source=pc_search&source=web_explore_feed,66612e3400000000070062a7,06-21,https://www.xiaohongshu.com/user/profile/66612e3400000000070062a7?xsec_token=ABW7cGPL4k6pO9VZqSqGl6nFn_wV28flattxzJOi1CYkc=&xsec_source=pc_note,hg扣货
口口COCO,【HG魔蟹】小裤衩大改造,39,10,14,图文,https://www.xiaohongshu.com/explore/66098138000000001a015939?xsec_token=ABdjVGyOIvW18N0OrMUBbqWYy0HKG4EvZpor7AjtMV-Mo=&xsec_source=pc_search&source=web_explore_feed,5be4f697a5e4e400014b62d8,2024-04-01,https://www.xiaohongshu.com/user/profile/5be4f697a5e4e400014b62d8?xsec_token=ABz5sIzPxnP3Ao-ET13Ttf5mrRu7PdNajiHlBEgusORhE=&xsec_source=pc_note,hg扣货
Sunny在搬这块砖,外贸术语终极指南,7,0,3,图文,https://www.xiaohongshu.com/explore/67c093a40000000029016903?xsec_token=ABUY_Qf9lj_q7cX3yi1ueIWZlMYhGwnzYu6T8aWomwVCY=&xsec_source=pc_search&source=web_explore_feed,5b5c05db4eacab66d8dd1ef6,02-28,https://www.xiaohongshu.com/user/profile/5b5c05db4eacab66d8dd1ef6?xsec_token=ABLZkrwq7Bpq9hPfWIN-8ZDuGrVF1LvMsg0mGuMnoWkqk=&xsec_source=pc_note,hg扣货
匀之,运费谈不拢是否可以留置货物？,8,0,9,图文,https://www.xiaohongshu.com/explore/672d9f43000000001901b5a0?xsec_token=ABGN3KMOblmvQOqnN527tBosXDuLGPtjvOerr5rq5su8U=&xsec_source=pc_search&source=web_explore_feed,64b3a9f6000000001c0286d3,2024-11-08,https://www.xiaohongshu.com/user/profile/64b3a9f6000000001c0286d3?xsec_token=ABp559Zfryvb-Cb9Of5vc8XAq-BpsuNAIeg2Mueurlo9I=&xsec_source=pc_note,hg扣货
晴空（绿洲）,hg老虎hg gto扎古发货图(•̀ᴗ•́)و̑,2,0,0,图文,https://www.xiaohongshu.com/explore/68a16554000000001d00f438?xsec_token=ABexjco-AhySHOk6dZB-5KcBjKVvy0zaJ392be9nvv5Ok=&xsec_source=pc_search&source=web_explore_feed,55d88f9367bc65326170dcad,08-17,https://www.xiaohongshu.com/user/profile/55d88f9367bc65326170dcad?xsec_token=ABuXJP29DqrV9GOLrPFV2NLr1LD85JEcl3-48OkqzS3B8=&xsec_source=pc_note,hg扣货
拖延正不正,sandro被税开箱,15,53,1,图文,https://www.xiaohongshu.com/explore/60311b2b000000002103dc9b?xsec_token=ABFqOa_R0H8jIre2QZD18gb6Kh5PPz2cQSU8AAkraN3H8=&xsec_source=pc_search&source=web_explore_feed,5823fb2750c4b432d0bfc811,2021-02-20,https://www.xiaohongshu.com/user/profile/5823fb2750c4b432d0bfc811?xsec_token=ABKiVBvMTBe2QpsAHqgA9BX328LRCIOFxRxb5Ih4_j36E=&xsec_source=pc_note,hg扣货
特货敏感小包专业户-小陈,🔥【换货代？跨境卖家不敢轻易试的真相】,0,0,0,图文,https://www.xiaohongshu.com/explore/67b587ee000000001203edee?xsec_token=ABK-gyUO6dd415aqphtEgr1iWjct0-9qFMyf1ojBJdk5s=&xsec_source=pc_search&source=web_explore_feed,62022b6a0000000010008936,02-19,https://www.xiaohongshu.com/user/profile/62022b6a0000000010008936?xsec_token=ABCDa7BYzcLfSlseyu0ID04oEe3mB4tcPT1zi1LNqJ7kg=&xsec_source=pc_note,hg扣货
伊莉莎Irisha,啊？？不是你？我,31,61,8,图文,https://www.xiaohongshu.com/explore/66610602000000000d00f680?xsec_token=ABW7cGPL4k6pO9VZqSqGl6nPT8UNOvbeE3EtJrTjUkb9w=&xsec_source=pc_search&source=web_explore_feed,65fbcb31000000000b033781,2024-06-06,https://www.xiaohongshu.com/user/profile/65fbcb31000000000b033781?xsec_token=ABst7d1xk9E1xQPnU8EjXcqTLEfgBOLckhIac1ypVZp7s=&xsec_source=pc_note,hg扣货
張小天(游戏模型),[咨询]6月PB网限 HGAC重炮改,10,0,1,图文,https://www.xiaohongshu.com/explore/62142c750000000021039e6e?xsec_token=ABJhkSGxwHq4AJpYCLgBWjM-AZLWu63nivPES195ACpUw=&xsec_source=pc_search&source=web_explore_feed,59dc848e51783a473bb4b03f,2022-02-22,https://www.xiaohongshu.com/user/profile/59dc848e51783a473bb4b03f?xsec_token=ABaFZfrVqEPfrBi_StpGa8sVxqmmX5LDTr9R9-sGorPMA=&xsec_source=pc_note,hg扣货
追光视觉,避雷一位核商 百宝核,2,10,0,图文,https://www.xiaohongshu.com/explore/6886f133000000002400d4bc?xsec_token=ABOtlvbz9n5wre95bqSrZW568nLAWPGNyGMxMlgHcRR1M=&xsec_source=pc_search&source=web_explore_feed,602d015e000000000100b184,07-28,https://www.xiaohongshu.com/user/profile/602d015e000000000100b184?xsec_token=AB7Oj5_VsxHEbxNcuyTOqtYsgQVqvynZj1YPvaSca2FP0=&xsec_source=pc_note,hg扣货
韩国物流专线-自营海外仓,DG货品出口韩国全流程指南！外贸人必看！,2,0,1,图文,https://www.xiaohongshu.com/explore/6853bbf20000000017031e8a?xsec_token=ABl_DgA0US0mrP4WwNgokh7ziNTFJjihvExIDeA-dtyxM=&xsec_source=pc_search&source=web_explore_feed,66e15278000000001d0202ea,06-19,https://www.xiaohongshu.com/user/profile/66e15278000000001d0202ea?xsec_token=ABvDnmP_-ZTNwvlYt74EBv2kuS5_jb0hks_RnfO3I94qo=&xsec_source=pc_note,hg扣货
小红薯6864E6D6,HG 刹帝利 出击！,3,7,0,图文,https://www.xiaohongshu.com/explore/65aa9599000000002c031092?xsec_token=AB4xldphU3TAV13cc0fAGNCjJmo3fFiODt5dN-6Y19BH4=&xsec_source=pc_search&source=web_explore_feed,5b6710bcf7e8b96c380b56b9,2024-01-19,https://www.xiaohongshu.com/user/profile/5b6710bcf7e8b96c380b56b9?xsec_token=ABhcBMGy3u8qNVACt335nTN52RHg1YwyCaQBTyxQAVM2U=&xsec_source=pc_note,hg扣货
小红薯684EFDBD,无标题,0,0,0,图文,https://www.xiaohongshu.com/explore/68565a6d000000002201d096?xsec_token=ABmovs0EhQxICvQ9mJA0NWaxIV0VFMUJyI7ZBESE2Edxg=&xsec_source=pc_search&source=web_explore_feed,66067c79000000000600e4e0,06-21,https://www.xiaohongshu.com/user/profile/66067c79000000000600e4e0?xsec_token=ABhi3PPi0ZuDqEkJni7UXOGxNEmV6iCTcZk6M3rvugfsM=&xsec_source=pc_note,hg扣货
咕肾,万代HG佐寇克 素组分享,10,3,1,图文,https://www.xiaohongshu.com/explore/6875049f0000000017036b66?xsec_token=ABXFegnGK_iWOIXiLoClHbfOMh-SNo8T2zXslGBN0Cyw8=&xsec_source=pc_search&source=web_explore_feed,5afd2bc911be10591dc262fe,07-14,https://www.xiaohongshu.com/user/profile/5afd2bc911be10591dc262fe?xsec_token=ABca7X9GuplXr8DySM4sFXc7bluR8jIeO349a7zxBsGoA=&xsec_source=pc_note,hg扣货
XL小李rain,不是，你说夺少？？？？？,40,11,0,图文,https://www.xiaohongshu.com/explore/66011a9d0000000013025590?xsec_token=ABV88p5WmH1ugN7yOODqS4PnaIfgeJBgS5vxtskHHcE00=&xsec_source=pc_search&source=web_explore_feed,5fa376330000000001006066,2024-03-25,https://www.xiaohongshu.com/user/profile/5fa376330000000001006066?xsec_token=ABBBS_wm8iDlxN6iHLiVao7C6EA9rxz02vKTGNoG99d-o=&xsec_source=pc_note,hg扣货
莱昂,想问一下各位胶佬多余的板件怎么处理的,9,33,1,图文,https://www.xiaohongshu.com/explore/68a7c652000000001c009336?xsec_token=ABfIvkfRmLG2PyJsK75UGSgIrWpomaIIFmjF29cXpGUKE=&xsec_source=pc_search&source=web_explore_feed,65c9cf7d0000000009015b63,08-22,https://www.xiaohongshu.com/user/profile/65c9cf7d0000000009015b63?xsec_token=ABDnyLdZkQtOeOfcnluAS9qxZOBtRX8SmRJ55v-ddzkgU=&xsec_source=pc_note,hg扣货
