﻿昵称,标题,点赞数,评论数,收藏数,类型,笔记链接,UID,发布日期,主页链接,搜索词语
小^墨^阳XMY,挂人帖,6,7,1,图文,https://www.xiaohongshu.com/explore/68aea271000000001d014b87?xsec_token=ABsjG8ygiCNztBy6pgCKXtExGZxBJ4NHshLe4lAdXm92Q=&xsec_source=pc_search&source=web_explore_feed,66f2add3000000000d0264cb,6天前,https://www.xiaohongshu.com/user/profile/66f2add3000000000d0264cb?xsec_token=ABVDmR-WQlZgd-QKcG7dyXkgRezg202r5RJN39B3aMhY0=&xsec_source=pc_note,hg扣货
笨巧果,暂时封坑了！！,22,11,1,图文,https://www.xiaohongshu.com/explore/68ae6f00000000001d024ec5?xsec_token=ABsjG8ygiCNztBy6pgCKXtE7cvpYjBE_srocILL3mfocY=&xsec_source=pc_search&source=web_explore_feed,5c03cba0f7e8b955fe503077,6天前,https://www.xiaohongshu.com/user/profile/5c03cba0f7e8b955fe503077?xsec_token=AB05JDSGbTHfgtEN9fOXbg84lcgLNLNvPKRdaPGA93JJQ=&xsec_source=pc_note,hg扣货
CTG检测 张Sir,怎么办理欧洲市场要求的ROHS测试报告？,1,1,0,图文,https://www.xiaohongshu.com/explore/68ad3ab0000000001d02cc3a?xsec_token=ABQERF5ICN6pUvUS_w_qimZwKiVHwlJaEMmdzgNkj0Yy0=&xsec_source=pc_search&source=web_explore_feed,647eba48000000002a036930,08-26,https://www.xiaohongshu.com/user/profile/647eba48000000002a036930?xsec_token=AB-TLlfi3cYRwZxITHdEJm0o7hSaM5_4N8fRgyHdZZUTg=&xsec_source=pc_note,hg扣货
小红薯68A5E1C0,DHL扣关处理超全攻略 ！不然真的会很亏！,2,0,0,图文,https://www.xiaohongshu.com/explore/68ad1547000000001d025146?xsec_token=ABQERF5ICN6pUvUS_w_qimZy0b9vMNdekfA2S5bBsiksU=&xsec_source=pc_search&source=web_explore_feed,68a4110b0000000019013ddb,08-26,https://www.xiaohongshu.com/user/profile/68a4110b0000000019013ddb?xsec_token=ABbD57Mlj9KK3Id-OwDjLtWXDi4hccdWJV-equQN4A2Pc=&xsec_source=pc_note,hg扣货
一只宅yo,雷催收快递,143,310,8,图文,https://www.xiaohongshu.com/explore/66ba6083000000001e01d698?xsec_token=AB2pj-Jw1noWHhQlnsnMos7zgzSSm3IvEDnU2RUAZ13DY=&xsec_source=pc_search&source=web_explore_feed,6119db19000000002002bd08,08-26,https://www.xiaohongshu.com/user/profile/6119db19000000002002bd08?xsec_token=ABYF4zdVmwsad0bfua-jiJVKENxaQcrijtRBNjAHakHIs=&xsec_source=pc_note,hg扣货
三木的车库,HJ斯巴鲁BRZ太有感啦！,0,0,0,图文,https://www.xiaohongshu.com/explore/68ac44e1000000001c032869?xsec_token=ABvo4dpGMuZNihLyu4yURyvzhbx2pZ1rWzhMQmCbzPI0Y=&xsec_source=pc_search&source=web_explore_feed,6493a334000000002a034017,08-25,https://www.xiaohongshu.com/user/profile/6493a334000000002a034017?xsec_token=ABpUkMjDzMaDObzovVHlMU-ioNgd1f0noPsI4_revT0RU=&xsec_source=pc_note,hg扣货
YIan,无标题,2,6,0,图文,https://www.xiaohongshu.com/explore/68abfd82000000001d03656b?xsec_token=ABuzvnD0pjveoKFqteUuauGfMxFwZb5iX_yuMemwG5SEw=&xsec_source=pc_search&source=web_explore_feed,5b48a7e54eacab2d31dd61c3,08-25,https://www.xiaohongshu.com/user/profile/5b48a7e54eacab2d31dd61c3?xsec_token=ABGzkzTwJOTtm_OVvfu12Zyya14M7uIRVHo9dlSQQ2PAA=&xsec_source=pc_note,hg扣货
泉藏水豚,退坑说说心里话,53,43,10,图文,https://www.xiaohongshu.com/explore/68abeca0000000001b01f2ef?xsec_token=ABuzvnD0pjveoKFqteUuauGdKCmi_vgWd6P6WZS1vUZ2o=&xsec_source=pc_search&source=web_explore_feed,5e8df14200000000010022bc,08-25,https://www.xiaohongshu.com/user/profile/5e8df14200000000010022bc?xsec_token=ABiFsZV8UlQSLDZgJS37RROpu_FeRaJfCBbSFjKZ3KCxo=&xsec_source=pc_note,hg扣货
Ambition.,玩物第四季：chapter1,5,0,1,图文,https://www.xiaohongshu.com/explore/68abd5c4000000001c00eec8?xsec_token=ABuzvnD0pjveoKFqteUuauGfX7ZvHo5yyHSWbYWxy-fg0=&xsec_source=pc_search&source=web_explore_feed,63be35380000000027029f6f,08-25,https://www.xiaohongshu.com/user/profile/63be35380000000027029f6f?xsec_token=ABkR3rw1pRkIgwki_IJoUxzNieWb3bY2S8PEIRqU5u4Xg=&xsec_source=pc_note,hg扣货
李律师（付费咨询）,海关的扣押与处罚丨海关合规,1,0,0,图文,https://www.xiaohongshu.com/explore/68aafb8b000000001d037fd8?xsec_token=ABbhmG-R8n48hLnhOmMKtKNidzyuC58kt8QMPom1aXLNU=&xsec_source=pc_search&source=web_explore_feed,6080fe630000000001003b37,08-24,https://www.xiaohongshu.com/user/profile/6080fe630000000001003b37?xsec_token=ABwzB5f691cGFEIdG3iJETjKEf6aSPkt3LFwpsuEq3t0o=&xsec_source=pc_note,hg扣货
喋喋檬（评论禁言请私信）,谁能管管,10,2,0,图文,https://www.xiaohongshu.com/explore/68aad39e000000001d02dcdc?xsec_token=ABbhmG-R8n48hLnhOmMKtKNgRzsUX4ZhdJWbFaEThQLfQ=&xsec_source=pc_search&source=web_explore_feed,5d73851b00000000010052b6,08-24,https://www.xiaohongshu.com/user/profile/5d73851b00000000010052b6?xsec_token=AB_outCHdfBq_NDMwHB1qmUeBNO3wkORyyZ8uLGKt4vF8=&xsec_source=pc_note,hg扣货
请问果福绒小姐在吗,➗️余量组fx.均价十几,5,9,0,图文,https://www.xiaohongshu.com/explore/68a85d7b000000001c0110d4?xsec_token=AB4ahDUW306NnfVPvDHH4MrLxda1VoVHVFFaxlcDpAE00=&xsec_source=pc_search&source=web_explore_feed,5c593543000000001a018c0f,08-23,https://www.xiaohongshu.com/user/profile/5c593543000000001a018c0f?xsec_token=ABtpfst6ATdZA0VBFORmsIgqX09_Qe52RieeWs1XSWldE=&xsec_source=pc_note,hg扣货
不会游泳的Doss,黄金大涨790了  发生什么？,2,4,0,图文,https://www.xiaohongshu.com/explore/687fa31d00000000120233c8?xsec_token=ABDLlWyvyGVPMgQfezfVybkpWP6KV34xIvp9EGAIoQXnA=&xsec_source=pc_search&source=web_explore_feed,590e257a50c4b44a28f8c534,08-23,https://www.xiaohongshu.com/user/profile/590e257a50c4b44a28f8c534?xsec_token=ABTWFLwM2t5elMfqpljpoTW_y5R1gPY8ya_aCHL3raxnA=&xsec_source=pc_note,hg扣货
。。。,逆天美工后续,22,27,0,图文,https://www.xiaohongshu.com/explore/68a8778d000000001d005d66?xsec_token=AB4ahDUW306NnfVPvDHH4MrPyLV_wlZUqf7aeQv6-_Pkk=&xsec_source=pc_search&source=web_explore_feed,615f9ad00000000002024a41,08-22,https://www.xiaohongshu.com/user/profile/615f9ad00000000002024a41?xsec_token=ABcvKaL7do1fxxOgCUYcPapgfVVT8ctbaOdVoBRUaJz6Q=&xsec_source=pc_note,hg扣货
璃烁与虹🌈,容器不密封，再多的钱都会漏光,3,0,1,图文,https://www.xiaohongshu.com/explore/68a7bb38000000001d01dcc7?xsec_token=ABfIvkfRmLG2PyJsK75UGSgENbDTbv3Y2vSX8opro3keI=&xsec_source=pc_search&source=web_explore_feed,5b49702611be107de4ccef57,08-22,https://www.xiaohongshu.com/user/profile/5b49702611be107de4ccef57?xsec_token=ABYybxmBLRyUHdg1EiiGNq5cDI4gINq4IwwgakA_P77xE=&xsec_source=pc_note,hg扣货
中运国际海外仓（澳大利亚，墨尔本，布里斯班）,货代不会告诉你的海运干货！💡,0,0,0,图文,https://www.xiaohongshu.com/explore/68a58510000000001d01e2c5?xsec_token=ABIhsxh7a0oIvfy2ZHuKnSAnRcePMad6y0QY3CO_6Hb48=&xsec_source=pc_search&source=web_explore_feed,5d41a001000000001200b0db,08-20,https://www.xiaohongshu.com/user/profile/5d41a001000000001200b0db?xsec_token=ABXB0yjL29kq1g7u236o_SwrMrslZA1QlYXk3cP2xuNIQ=&xsec_source=pc_note,hg扣货
超不爱开车的小马,这些海关Held你都了解嘛,5,4,4,图文,https://www.xiaohongshu.com/explore/68a579b5000000001c0071be?xsec_token=ABIhsxh7a0oIvfy2ZHuKnSAmZOr2y1gwJtaZXQORw29y0=&xsec_source=pc_search&source=web_explore_feed,657ab9c8000000001c019049,08-20,https://www.xiaohongshu.com/user/profile/657ab9c8000000001c019049?xsec_token=ABlBPrzRzRHW-4thp2rnvk0XUx1Z1ssCo5rMM6MVsuv-I=&xsec_source=pc_note,hg扣货
华策和颂锋芒倒闭了,无标题,436,101,29,图文,https://www.xiaohongshu.com/explore/68a526fd000000001b032e32?xsec_token=ABIhsxh7a0oIvfy2ZHuKnSAjGpTXKfEMQ3-KVrthlA0nc=&xsec_source=pc_search&source=web_explore_feed,6198c5ff000000001000565a,08-20,https://www.xiaohongshu.com/user/profile/6198c5ff000000001000565a?xsec_token=AB7lh5-ylNkDv9SLdhwmhwVTi5-c-UoGJNk46UR36nuuA=&xsec_source=pc_note,hg扣货
反派呆饺兽或者odd,无标题,3,137,0,图文,https://www.xiaohongshu.com/explore/68a36459000000001d034620?xsec_token=AB0ti50i0a7htcL3R7HybNNJW53Fud0vvtTGJD0-yRl7w=&xsec_source=pc_search&source=web_explore_feed,6624fabe000000000700664d,08-19,https://www.xiaohongshu.com/user/profile/6624fabe000000000700664d?xsec_token=ABp1YV9FvDQiyO8dyfzx1Ahf9HvEGS5hOsCEs-TvBeId8=&xsec_source=pc_note,hg扣货
考古宅家,捡漏的乐趣：96-中古9Ｋ包金银手镯,18,3,7,图文,https://www.xiaohongshu.com/explore/68a32d88000000001d0089a9?xsec_token=AB0ti50i0a7htcL3R7HybNNFJscALoKis3zarpVZWJcco=&xsec_source=pc_search&source=web_explore_feed,5bc18d09b891c300016c3c41,08-18,https://www.xiaohongshu.com/user/profile/5bc18d09b891c300016c3c41?xsec_token=ABb-XfdPPXhXdrdbQrwlERr_zA1c6alRuhgfQmDrypqTU=&xsec_source=pc_note,hg扣货
文瞻.,买了点猎奇的小东东,3,2,0,图文,https://www.xiaohongshu.com/explore/68a1d12a000000001c008b65?xsec_token=ABexjco-AhySHOk6dZB-5KcDmhXbYWCnVbKGoC1RgpXwc=&xsec_source=pc_search&source=web_explore_feed,64b39183000000002a0356d3,08-17,https://www.xiaohongshu.com/user/profile/64b39183000000002a0356d3?xsec_token=ABp559Zfryvb-Cb9Of5vc8XKZuNu8L5Qt2CrNS_Gi561A=&xsec_source=pc_note,hg扣货
366演豆不演,740嘿嘿,5,6,1,图文,https://www.xiaohongshu.com/explore/68a1c240000000001d019020?xsec_token=ABexjco-AhySHOk6dZB-5KcLOkCAO90t59W-OGGKm05-E=&xsec_source=pc_search&source=web_explore_feed,5ff5c0be000000000100265a,08-17,https://www.xiaohongshu.com/user/profile/5ff5c0be000000000100265a?xsec_token=ABUGIPuUxQNuUFGA1U7EfVKYlpsW0WkWc2EKMyJyxdOIY=&xsec_source=pc_note,hg扣货
晴空（绿洲）,hg老虎hg gto扎古发货图(•̀ᴗ•́)و̑,2,0,0,图文,https://www.xiaohongshu.com/explore/68a16554000000001d00f438?xsec_token=ABexjco-AhySHOk6dZB-5KcBjKVvy0zaJ392be9nvv5Ok=&xsec_source=pc_search&source=web_explore_feed,55d88f9367bc65326170dcad,08-17,https://www.xiaohongshu.com/user/profile/55d88f9367bc65326170dcad?xsec_token=ABuXJP29DqrV9GOLrPFV2NLr1LD85JEcl3-48OkqzS3B8=&xsec_source=pc_note,hg扣货
蓝色链带螺丝,Castle Supplier官方 蓝色链带螺丝防伪声明,3,0,1,图文,https://www.xiaohongshu.com/explore/689dd9dc000000001d00fa16?xsec_token=ABND2qqfL7yOS3h0BiJCZVvtpA9P-87zhO-6EnFuDG4VI=&xsec_source=pc_search&source=web_explore_feed,5d898c480000000001001407,08-16,https://www.xiaohongshu.com/user/profile/5d898c480000000001001407?xsec_token=ABQrDkxKAN4FkWTBc0weDtK2CB05-m8ghJSDUnDZxiQ10=&xsec_source=pc_note,hg扣货
梦特别娇,很多人好奇扣女人是什么感受,42,25,3,图文,https://www.xiaohongshu.com/explore/689d8f6e000000001d01d1ca?xsec_token=ABND2qqfL7yOS3h0BiJCZVvqC6yZX3JUsiCwSNMj83i10=&xsec_source=pc_search&source=web_explore_feed,654757d400000000060042ac,08-14,https://www.xiaohongshu.com/user/profile/654757d400000000060042ac?xsec_token=AB7xNQIeCnvViurzetU4sramSYd-ghh4a4ajoF920hhaU=&xsec_source=pc_note,hg扣货
L,🔮tg：画画对于被扣是觉得爽还是一般,242,51,37,图文,https://www.xiaohongshu.com/explore/689b50a3000000001d03486c?xsec_token=ABmtfIr5Tp0xo3s9FL_deHQS6LLLse58YRjSHjcSX1Nj8=&xsec_source=pc_search&source=web_explore_feed,680481d400000000070017f7,08-13,https://www.xiaohongshu.com/user/profile/680481d400000000070017f7?xsec_token=AB9ReSnirZjxv8erQLQcQfE8z-x9EpIivkbH-jC6Tg6yk=&xsec_source=pc_note,hg扣货
葡糖萄,经济学角度看捏捏👀保质期越来越短？（上）,112,55,13,图文,https://www.xiaohongshu.com/explore/689b598a000000001c013574?xsec_token=ABmtfIr5Tp0xo3s9FL_deHQVdveUYRXjYCFXRFtJCVoZA=&xsec_source=pc_search&source=web_explore_feed,615521e70000000002018f18,08-12,https://www.xiaohongshu.com/user/profile/615521e70000000002018f18?xsec_token=ABMnD_WA5vFnLnyoKn3MPQimW-7VLznWCFvECkxITpxq8=&xsec_source=pc_note,hg扣货
香酥小黄鱼XSXHY（经常误触收藏版😭💦）,你敢信这些都是我5r👝收到的？！,10,0,0,图文,https://www.xiaohongshu.com/explore/6899a5760000000003024349?xsec_token=ABGzD5HhShDubzkY_C_PPXSzGbtTnfgmGCS2QsIiIgxAk=&xsec_source=pc_search&source=web_explore_feed,678e0a1a000000000a03eecb,08-11,https://www.xiaohongshu.com/user/profile/678e0a1a000000000a03eecb?xsec_token=ABLc_VyYBzwxdB8sQFraiUmwMv6ya0hxQnrAAVwuwiENo=&xsec_source=pc_note,hg扣货
Luna~~,海关扣货了？先别急！资深物流人教你化解,0,0,0,图文,https://www.xiaohongshu.com/explore/689987a90000000023021343?xsec_token=ABGzD5HhShDubzkY_C_PPXS11S5S7rifTeUJIUHpor7x4=&xsec_source=pc_search&source=web_explore_feed,5486ba48e77989496ee7b0f9,08-11,https://www.xiaohongshu.com/user/profile/5486ba48e77989496ee7b0f9?xsec_token=ABMOO10xAl_1JkmFN-FAANQP9ixV_1dskRDo1Fmac981o=&xsec_source=pc_note,hg扣货
潘顺,hg暴恶，价格不错，可动也行,1,0,0,图文,https://www.xiaohongshu.com/explore/68996cee000000002502afc6?xsec_token=ABGzD5HhShDubzkY_C_PPXSwXl-ae42nwBUaqUzUXrdaE=&xsec_source=pc_search&source=web_explore_feed,60bcc7ee0000000001004549,08-11,https://www.xiaohongshu.com/user/profile/60bcc7ee0000000001004549?xsec_token=AB9YYeBEzqYzScPqrpXum6JtnlKcmL_oM9HlMJKyNM9Rw=&xsec_source=pc_note,hg扣货
Seeun（互赞）,搞特摄的请避雷此人,92,16,3,图文,https://www.xiaohongshu.com/explore/6894bdda0000000023037ee0?xsec_token=AByCRsaA-zWchN-u34sc7YWKjowlqJ1AoB80XFJjeih8s=&xsec_source=pc_search&source=web_explore_feed,5ae1009ee8ac2b0a024d2963,08-08,https://www.xiaohongshu.com/user/profile/5ae1009ee8ac2b0a024d2963?xsec_token=ABzlS5bjWi3Npvmj_agi7OSx9nT6RYSeC_CIEWbkrDnYE=&xsec_source=pc_note,hg扣货
再也不碰乙游,咋又h了,203,117,7,图文,https://www.xiaohongshu.com/explore/6894bb130000000023020fe1?xsec_token=AByCRsaA-zWchN-u34sc7YWFG9w-hatQMVROcjYSD0ikU=&xsec_source=pc_search&source=web_explore_feed,651ffa9c0000000024016dcf,08-07,https://www.xiaohongshu.com/user/profile/651ffa9c0000000024016dcf?xsec_token=ABuWwZ9KLPiMjYBo1OxBdCtoXGe1r1gxFR4AlXMWh0mg0=&xsec_source=pc_note,hg扣货
Calvin,原来点差这么好用,2,7,0,图文,https://www.xiaohongshu.com/explore/68907f5a000000002500cdce?xsec_token=AB9ewzjWLENcCtonADIy4q5uiw5gkEHKDD1gf8uYdOHCc=&xsec_source=pc_search&source=web_explore_feed,64abf0af000000000a022998,08-04,https://www.xiaohongshu.com/user/profile/64abf0af000000000a022998?xsec_token=ABrh_Vtgg0Z3_yVlrbcExdbQPHFfxAXelawrCmXwEAxoA=&xsec_source=pc_note,hg扣货
不知道叫啥了,消失的捏捏,4,0,0,图文,https://www.xiaohongshu.com/explore/689006620000000023037e78?xsec_token=AB9ewzjWLENcCtonADIy4q5pYnsbVXcknVaQcPWF4Pb6g=&xsec_source=pc_search&source=web_explore_feed,5b390e5e11be103338f1ae99,08-04,https://www.xiaohongshu.com/user/profile/5b390e5e11be103338f1ae99?xsec_token=ABxWJ5pT8uoubYLo3Uoq0glfrtKuisEBINRMMpWbmu_ds=&xsec_source=pc_note,hg扣货
Ash,纯壁垒哈 被追缴后拉黑删好友,2,1,0,图文,https://www.xiaohongshu.com/explore/688e1fb2000000002500e17a?xsec_token=ABmR_8LbP2HfzN88xYJVAjC2E0CkvTxHczlFopGziWaJU=&xsec_source=pc_search&source=web_explore_feed,5ad445e74eacab30748b7139,08-02,https://www.xiaohongshu.com/user/profile/5ad445e74eacab30748b7139?xsec_token=ABQKCf17OfzVStvgBJ394jkptqj-DEvQ2GLMEg97zXXGo=&xsec_source=pc_note,hg扣货
深圳空运头程,无标题,1,1,0,图文,https://www.xiaohongshu.com/explore/688b33640000000025024310?xsec_token=ABUVbi8nGfVMKFxt86jVDSyyXcbwm2w3FYNK-PhL-eFdg=&xsec_source=pc_search&source=web_explore_feed,6035c0180000000001005e2c,07-31,https://www.xiaohongshu.com/user/profile/6035c0180000000001005e2c?xsec_token=ABsFtH-f_cq3ZMI4L6oImmDCMDV09p0jXdv-thzUjRbIk=&xsec_source=pc_note,hg扣货
张小凡,分享一套HG40的配件,3,0,1,图文,https://www.xiaohongshu.com/explore/688a111b0000000022038159?xsec_token=ABFKEl5Be2Un4AjV0Y-0AZLIpwzvVRJWtifiD7ExhjQYk=&xsec_source=pc_search&source=web_explore_feed,63304bd5000000002303d687,07-30,https://www.xiaohongshu.com/user/profile/63304bd5000000002303d687?xsec_token=ABbS4DnReHVDlhEhoqACxJi5LDcfaYPaP1hFDL8ZsZBNs=&xsec_source=pc_note,hg扣货
培根卷真的好吃（犯基根瘾难以自拔遂炫压抑版）,无标题,84,5,12,图文,https://www.xiaohongshu.com/explore/688742890000000023007329?xsec_token=ABPPJpTSksFSYDYMXc5LxwMZg6p5VHbNZfJSMnYUy_PSQ=&xsec_source=pc_search&source=web_explore_feed,6732fbcc000000001c01a3dc,07-28,https://www.xiaohongshu.com/user/profile/6732fbcc000000001c01a3dc?xsec_token=ABpVGYoH7hQMQslDs_BzuMuIf3ecnohHk-fd_g4Ne7DKE=&xsec_source=pc_note,hg扣货
Mediavelop,货代 上,0,0,0,图文,https://www.xiaohongshu.com/explore/6886f7b600000000200192b1?xsec_token=ABOtlvbz9n5wre95bqSrZW5_0y_n23_dX53IzNbTtdGWU=&xsec_source=pc_search&source=web_explore_feed,5b60668a6b58b751bf6c87ca,07-28,https://www.xiaohongshu.com/user/profile/5b60668a6b58b751bf6c87ca?xsec_token=ABjRoQaP0EYKTl798knI0xcqnk5VqtBUK-H1_6aGGR7cU=&xsec_source=pc_note,hg扣货
追光视觉,避雷一位核商 百宝核,2,10,0,图文,https://www.xiaohongshu.com/explore/6886f133000000002400d4bc?xsec_token=ABOtlvbz9n5wre95bqSrZW568nLAWPGNyGMxMlgHcRR1M=&xsec_source=pc_search&source=web_explore_feed,602d015e000000000100b184,07-28,https://www.xiaohongshu.com/user/profile/602d015e000000000100b184?xsec_token=AB7Oj5_VsxHEbxNcuyTOqtYsgQVqvynZj1YPvaSca2FP0=&xsec_source=pc_note,hg扣货
🧸慕若.,570收了一盒五批机械师已接单是什么意思,27,56,0,图文,https://www.xiaohongshu.com/explore/688052e80000000011003b93?xsec_token=ABeAudC89f7UtgPeB0J3RXa4MAoeCA_dVGSV0UTwO43LA=&xsec_source=pc_search&source=web_explore_feed,65b1bba50000000014005136,07-25,https://www.xiaohongshu.com/user/profile/65b1bba50000000014005136?xsec_token=ABxfEKBcUKHkoFz3etZ1bP1MKrkSaNiGkCe9PkCRZbQMc=&xsec_source=pc_note,hg扣货
深海萨摩耶,深夜更新！一些虫族小脑洞,635,42,157,图文,https://www.xiaohongshu.com/explore/687facac000000000d026d65?xsec_token=ABDLlWyvyGVPMgQfezfVybkogqOiJLUKB7sX6FGQQDYlk=&xsec_source=pc_search&source=web_explore_feed,629b55f4000000001b028266,07-23,https://www.xiaohongshu.com/user/profile/629b55f4000000001b028266?xsec_token=ABVhODJkjgTvRCAUr50A5839mMRrvHopJK1W1eu2_LzLg=&xsec_source=pc_note,hg扣货
今晚呃虾条,哈哈哈tlv你让我担心起来了,31,32,2,图文,https://www.xiaohongshu.com/explore/687fdc870000000010027e46?xsec_token=ABDLlWyvyGVPMgQfezfVybki7x0Bo1BkzIgONB5WSxHy4=&xsec_source=pc_search&source=web_explore_feed,5fd4ae91000000000101c4b5,07-23,https://www.xiaohongshu.com/user/profile/5fd4ae91000000000101c4b5?xsec_token=ABEFOgCrYnPJWkBSYktsXQ_ydqH75wJEb3Rx1TvwaT2DM=&xsec_source=pc_note,hg扣货
芙琳娜,无标题,4,9,0,图文,https://www.xiaohongshu.com/explore/687e9c9d000000000d027a6a?xsec_token=ABVw-SlzY7EUITR8hkFt_mJ8ycm6zQxcav4QwxXxnIt98=&xsec_source=pc_search&source=web_explore_feed,650fb6ba0000000002012bfb,07-22,https://www.xiaohongshu.com/user/profile/650fb6ba0000000002012bfb?xsec_token=ABdfQYKUubUoAHb9Y6hNnCJ94sd4Hv8KK1TF2rgAVc3yM=&xsec_source=pc_note,hg扣货
Jakiepooh,周末晚上的加班,3,0,1,图文,https://www.xiaohongshu.com/explore/687dce5400000000230068ec?xsec_token=ABVbrTI6XEnhLJTM6b76j5B-KE5T-75Xo3gy7SPaNJGQE=&xsec_source=pc_search&source=web_explore_feed,5efbbb5d00000000010011a5,07-21,https://www.xiaohongshu.com/user/profile/5efbbb5d00000000010011a5?xsec_token=ABucQlm6ECfN9BkqXvafcAUyk7eQnEzlUqblSAbL-0ujM=&xsec_source=pc_note,hg扣货
交易员willsen,4H破坏块（BB），OB黑化后真的很厉害,32,1,28,图文,https://www.xiaohongshu.com/explore/687cfa840000000012031f2d?xsec_token=ABWbt1DKRR6XyR-GOTrc4dbxHy8N8vpJttTMM0Vw4W9LU=&xsec_source=pc_search&source=web_explore_feed,5dae66970000000001005fc8,07-20,https://www.xiaohongshu.com/user/profile/5dae66970000000001005fc8?xsec_token=ABdrqA-7zmaZFVD5IbdwtPVfTC8f5L0BiDWquERYD2iB8=&xsec_source=pc_note,hg扣货
为游戏献上肝脏（瑞萍版）,这是恶意售后吗？,6,13,0,图文,https://www.xiaohongshu.com/explore/687babb60000000010025415?xsec_token=ABmNvn-lrouywkqrQLlhbDkwd-FD-I69t6gocucgYc93U=&xsec_source=pc_search&source=web_explore_feed,670f6014000000000d025904,07-19,https://www.xiaohongshu.com/user/profile/670f6014000000000d025904?xsec_token=AB2n7GLtGGFGYGZfzs6fK2wvRvHCJ0r5T3YhThdrnM6zk=&xsec_source=pc_note,hg扣货
Changer+老王,8.5代避震漏油成通病了吗,6,7,0,图文,https://www.xiaohongshu.com/explore/6879f9cf00000000170316e9?xsec_token=ABPZmpghzwfJWYLc2uHhth3ujzbNd3dNIM_8McVF6vb-o=&xsec_source=pc_search&source=web_explore_feed,59e04bc86eea884763a35ca9,07-18,https://www.xiaohongshu.com/user/profile/59e04bc86eea884763a35ca9?xsec_token=ABWoDlTK_B5dJk_3m3Arqp-HfKviXO9ng0DFyl1W2kGFo=&xsec_source=pc_note,hg扣货
诗晴,女大學生勇闖黃金外匯圈，要哭了,37,117,14,图文,https://www.xiaohongshu.com/explore/6879eccf0000000023004111?xsec_token=ABPZmpghzwfJWYLc2uHhth3vDSmvb4KTUMpmPTfxGh4xw=&xsec_source=pc_search&source=web_explore_feed,66554a41000000000303206d,07-18,https://www.xiaohongshu.com/user/profile/66554a41000000000303206d?xsec_token=ABH9tNGqKfhhXB_-FQB5wGgcY7jeqCxIFjPsknrXNyMEA=&xsec_source=pc_note,hg扣货
Htygu,狠狠抄底 保持质疑,8,68,1,图文,https://www.xiaohongshu.com/explore/687879ab000000000d024f14?xsec_token=ABTsDgftkQejH5xMWh4c5q3vrGiSm2PPjRYWSDS4twyGA=&xsec_source=pc_search&source=web_explore_feed,66d1688e000000001d0311cd,07-17,https://www.xiaohongshu.com/user/profile/66d1688e000000001d0311cd?xsec_token=ABLmYc8FIURQNDIbkTIuWsvMH2U0DD4UUQcA0u_5bsJ8w=&xsec_source=pc_note,hg扣货
开饭了,Hong Kong废五金进口清关,66,45,13,图文,https://www.xiaohongshu.com/explore/68788ec7000000001d00f616?xsec_token=ABTsDgftkQejH5xMWh4c5q3mchv-EQBBw_pN_0B8Opoeg=&xsec_source=pc_search&source=web_explore_feed,64eedde80000000005002fe9,07-17,https://www.xiaohongshu.com/user/profile/64eedde80000000005002fe9?xsec_token=ABJcvacHQDsaX3Vn9wB0Jr6uFfe5wPt5ta7324j3e8Xt4=&xsec_source=pc_note,hg扣货
农民企业家,PC真坏，假币入盒不给赔偿说是假盒,27,21,12,图文,https://www.xiaohongshu.com/explore/68773615000000001d00d3da?xsec_token=ABEmJhdelYGcqj4BNZcAqcVtVOuV5XjrptWjt8JdfITgc=&xsec_source=pc_search&source=web_explore_feed,5af7e154e8ac2b093096bdb8,07-16,https://www.xiaohongshu.com/user/profile/5af7e154e8ac2b093096bdb8?xsec_token=ABVhsl-cprI8kIwdtZu4e2DP9UYEYdLYh4BSRVjWiAhrI=&xsec_source=pc_note,hg扣货
一八供应链郑州子公司,“三截四关” 搞不懂？难怪你的货总被甩柜,1,0,0,图文,https://www.xiaohongshu.com/explore/6877073b0000000013012eae?xsec_token=ABEmJhdelYGcqj4BNZcAqcViZY6kfaTUVzSAVJSF0oGX4=&xsec_source=pc_search&source=web_explore_feed,66a36389000000000d02680e,07-16,https://www.xiaohongshu.com/user/profile/66a36389000000000d02680e?xsec_token=ABxZkMAEBcjWWzIHG7GxknVKLZnLJl_7SFQsJ7U5dSBfg=&xsec_source=pc_note,hg扣货
盐城黄金回收(手表，钻石，包包),收个黄金被派出所叫过去了,1704,450,198,图文,https://www.xiaohongshu.com/explore/687688db00000000150224df?xsec_token=ABb24dhC1YdCV9o19MBUORB3c9S77qk5TCDxuwrh_DM18=&xsec_source=pc_search&source=web_explore_feed,5fd0ac82000000000101e56b,07-16,https://www.xiaohongshu.com/user/profile/5fd0ac82000000000101e56b?xsec_token=ABa0OlHvyQqDwznTFjbSTLedtV2cMArIk8QMTGHQ6KRrM=&xsec_source=pc_note,hg扣货
虎鹿,扎克事件团全跑了,90,182,11,图文,https://www.xiaohongshu.com/explore/68761575000000002201d04b?xsec_token=ABb24dhC1YdCV9o19MBUORB0tZj_X5SDrfyYKWpqdw4as=&xsec_source=pc_search&source=web_explore_feed,66943103000000000f0365bb,07-15,https://www.xiaohongshu.com/user/profile/66943103000000000f0365bb?xsec_token=ABobyxceda-HGNetWy-4ZOfUVNhfbmg1s7NRacHI8MnRE=&xsec_source=pc_note,hg扣货
Kiki学姐,毒流量到底由谁来界定,7,9,0,图文,https://www.xiaohongshu.com/explore/687624ba00000000230051cf?xsec_token=ABb24dhC1YdCV9o19MBUORB0uHJK8mutchXI7ES-RftMA=&xsec_source=pc_search&source=web_explore_feed,682d424a000000000e02c991,07-15,https://www.xiaohongshu.com/user/profile/682d424a000000000e02c991?xsec_token=ABbvSfJFHxxhvCwSliVmQMHlVyuEDSG-IQN9cYoqWe5u0=&xsec_source=pc_note,hg扣货
咕肾,万代HG佐寇克 素组分享,10,3,1,图文,https://www.xiaohongshu.com/explore/6875049f0000000017036b66?xsec_token=ABXFegnGK_iWOIXiLoClHbfOMh-SNo8T2zXslGBN0Cyw8=&xsec_source=pc_search&source=web_explore_feed,5afd2bc911be10591dc262fe,07-14,https://www.xiaohongshu.com/user/profile/5afd2bc911be10591dc262fe?xsec_token=ABca7X9GuplXr8DySM4sFXc7bluR8jIeO349a7zxBsGoA=&xsec_source=pc_note,hg扣货
前村的Gunpla进城买胶,GQUUUUUX 刚加浓,11,3,2,图文,https://www.xiaohongshu.com/explore/6873c95c00000000220334d2?xsec_token=ABMROb55Vk8xAAOK_-9u8u4LD70E8D4ilZcPlNGNgGDu0=&xsec_source=pc_search&source=web_explore_feed,5c6d503b000000001201d424,07-13,https://www.xiaohongshu.com/user/profile/5c6d503b000000001201d424?xsec_token=AB1MfaVjqD_rXF1AMOgsC4v1sGCwKO_jqR4FmxNVpGQD4=&xsec_source=pc_note,hg扣货
愛模聊（澳門）,HG渣古合集（現貨）,4,6,0,图文,https://www.xiaohongshu.com/explore/68736830000000002201d64e?xsec_token=ABMROb55Vk8xAAOK_-9u8u4PjRIk2q2kANufoBkqSvasc=&xsec_source=pc_search&source=web_explore_feed,63a13a580000000026004d56,07-13,https://www.xiaohongshu.com/user/profile/63a13a580000000026004d56?xsec_token=ABP7Q0WHiDKPBkD56e4p9d0GANNJhL1-IXh__TpjJdNvk=&xsec_source=pc_note,hg扣货
七月,盘点一下hem新出的gtr r35,23,21,2,图文,https://www.xiaohongshu.com/explore/687358e4000000001301377f?xsec_token=ABMROb55Vk8xAAOK_-9u8u4ISI76F5vAX6fzi6To9QiNg=&xsec_source=pc_search&source=web_explore_feed,5c601fad000000001802eca6,07-13,https://www.xiaohongshu.com/user/profile/5c601fad000000001802eca6?xsec_token=ABcHI03Le-Lkl2J4esVu6B4HoHakZjHkPIe11yhvheYT0=&xsec_source=pc_note,hg扣货
