﻿昵称,标题,点赞数,评论数,收藏数,类型,笔记链接,UID,发布日期,主页链接,搜索词语
迦百农阀门,不锈钢放料阀的技术标准及应用,0,0,0,图文,https://www.xiaohongshu.com/explore/68b6a2f0000000001d016805?xsec_token=AB9NsV8iGMjByRdHPuthQ0IeZHsnNwCEy9g_emEYZ2tK4=&xsec_source=pc_search&source=web_explore_feed,65a2a719000000002001c4de,8分钟前,https://www.xiaohongshu.com/user/profile/65a2a719000000002001c4de?xsec_token=AB1DcLo7woh1CpkJugSh7Bt8FP9KZg3y6IykHvfUgeTgk=&xsec_source=pc_note,hg
Kizunai絆無い,hg巴巴托斯第四形态,2,0,0,图文,https://www.xiaohongshu.com/explore/68b69f6b000000001d024590?xsec_token=AB9NsV8iGMjByRdHPuthQ0IfqcSigTWtRPrKNYYoQKC88=&xsec_source=pc_search&source=web_explore_feed,60b0fcaa000000000101c3a7,23分钟前,https://www.xiaohongshu.com/user/profile/60b0fcaa000000000101c3a7?xsec_token=ABYpfS_KRd4cVO0BUpVf3nLMgutYxoPlwxZxYsXbY-Y6w=&xsec_source=pc_note,hg
迦百农阀门,不锈钢放料阀的主要技术与标准,0,0,0,图文,https://www.xiaohongshu.com/explore/68b69e2e000000001d020a86?xsec_token=AB9NsV8iGMjByRdHPuthQ0IfDBWO1pVafkqCpqFNGdoqo=&xsec_source=pc_search&source=web_explore_feed,65a2a719000000002001c4de,28分钟前,https://www.xiaohongshu.com/user/profile/65a2a719000000002001c4de?xsec_token=AB1DcLo7woh1CpkJugSh7Bt8FP9KZg3y6IykHvfUgeTgk=&xsec_source=pc_note,hg
RYAN工坊,月高达 “月光能板”➕整体完工组装,7,0,0,图文,https://www.xiaohongshu.com/explore/68b69c7f000000001b03e07b?xsec_token=AB9NsV8iGMjByRdHPuthQ0IfQBf7QHU15aeMbkHCCbrws=&xsec_source=pc_search&source=web_explore_feed,64b2c354000000001c02a486,35分钟前,https://www.xiaohongshu.com/user/profile/64b2c354000000001c02a486?xsec_token=ABNpEQiPLwZci8seSVZvVkoqS3w7nSjgDrluYAE7heTqE=&xsec_source=pc_note,hg
發馒头🇨🇳,无标题,0,0,0,图文,https://www.xiaohongshu.com/explore/68b69bf2000000001d01a1ba?xsec_token=AB9NsV8iGMjByRdHPuthQ0ISzAGsTyDww7h1LOsi5nK2s=&xsec_source=pc_search&source=web_explore_feed,620bbc6a000000001000fdd3,38分钟前,https://www.xiaohongshu.com/user/profile/620bbc6a000000001000fdd3?xsec_token=ABs3Qjd0LXT9wQM4ic30nZzKe_dVtu5zHs3QcKqrXST9I=&xsec_source=pc_note,hg
是雨弓阿,hg和msp同时拥有！,0,0,0,图文,https://www.xiaohongshu.com/explore/68b69ba3000000001d00191a?xsec_token=AB9NsV8iGMjByRdHPuthQ0IfIHTMCtxMbvK6HQH94T1gg=&xsec_source=pc_search&source=web_explore_feed,602344790000000001007180,39分钟前,https://www.xiaohongshu.com/user/profile/602344790000000001007180?xsec_token=AB4ACmdg6eGL2NqDazZO6YW52wBSsTBpQxEv4KUVqFlLQ=&xsec_source=pc_note,hg
HG,新学期教研计划,1,0,0,图文,https://www.xiaohongshu.com/explore/68b69ac2000000001d019ad1?xsec_token=AB9NsV8iGMjByRdHPuthQ0IRumWW06LQnvRzciXx5CnOQ=&xsec_source=pc_search&source=web_explore_feed,60685db000000000010070a3,43分钟前,https://www.xiaohongshu.com/user/profile/60685db000000000010070a3?xsec_token=ABg5iA_zQGsYw8dgKxf_cgQFym-V6ZFFizbi-z70d5p34=&xsec_source=pc_note,hg
医道社,脑癌治疗30年魔咒被打破！澳洲科学家引爆双,1,0,2,图文,https://www.xiaohongshu.com/explore/68b6961a000000001c00bd17?xsec_token=AB9NsV8iGMjByRdHPuthQ0ISVTtKys3z6Ybu9N_7unPlc=&xsec_source=pc_search&source=web_explore_feed,6544c2ff000000000200d742,1小时前,https://www.xiaohongshu.com/user/profile/6544c2ff000000000200d742?xsec_token=ABqQIp2pGxvwnbZRNLRvJ_ZiWEMMOO2YMFWti6QQTMaiA=&xsec_source=pc_note,hg
HG,无标题,4,1,1,图文,https://www.xiaohongshu.com/explore/68b695d6000000001b0317c2?xsec_token=AB9NsV8iGMjByRdHPuthQ0IV9LFhy76JD0hXw9BeHHu84=&xsec_source=pc_search&source=web_explore_feed,5c416e450000000005031ad8,1小时前,https://www.xiaohongshu.com/user/profile/5c416e450000000005031ad8?xsec_token=ABngaJU7rs-Mq87FOqCJS3CZBXZJkMilmjNRK83x1Elp4=&xsec_source=pc_note,hg
Zoe1011(装修中),家电被迫进场,0,3,0,图文,https://www.xiaohongshu.com/explore/68b692d7000000001d004728?xsec_token=AB9NsV8iGMjByRdHPuthQ0IWjaKHBMwmeKbof6_aoAY9k=&xsec_source=pc_search&source=web_explore_feed,674db752000000001c01a15f,1小时前,https://www.xiaohongshu.com/user/profile/674db752000000001c01a15f?xsec_token=AB3N3bdl-pBtpp-Fo_10Iop674_CuHu6T6BQrOust6GxU=&xsec_source=pc_note,hg
Wei Heng Lee-达,二手shimano ocea jigger 割爱,1,0,0,图文,https://www.xiaohongshu.com/explore/68b67b9f000000001c007a96?xsec_token=AB9NsV8iGMjByRdHPuthQ0IQdCDXfDsKmHnNEEMgSmYHE=&xsec_source=pc_search&source=web_explore_feed,6424e8960000000012013d67,1小时前,https://www.xiaohongshu.com/user/profile/6424e8960000000012013d67?xsec_token=ABo-rSVfSPU_pjCf1SDJ4FOu1SzLAYPeoMJP8PbuiRzVs=&xsec_source=pc_note,hg
Fia,hg狙击吉姆gk,1,0,0,图文,https://www.xiaohongshu.com/explore/68b68c6c000000001c0055b0?xsec_token=AB9NsV8iGMjByRdHPuthQ0IcdnSObKpZzkLyE7-01lcx8=&xsec_source=pc_search&source=web_explore_feed,5c9f27650000000010014875,1小时前,https://www.xiaohongshu.com/user/profile/5c9f27650000000010014875?xsec_token=ABJk7ll6WIQXGm_uZOiEFslX8oKZf1W5aALCPDVVlShLY=&xsec_source=pc_note,hg
塔库米Hg,关于阿尤索解约事件的几点个人想法,6,6,0,图文,https://www.xiaohongshu.com/explore/68b68af9000000001b01deb7?xsec_token=AB9NsV8iGMjByRdHPuthQ0Ic7IZH5bCPMBurhm2i9ARXA=&xsec_source=pc_search&source=web_explore_feed,5b601faef7e8b901d9b98a25,1小时前,https://www.xiaohongshu.com/user/profile/5b601faef7e8b901d9b98a25?xsec_token=ABQ-EKPtw9_mig66uoAn5VW25WY6L4nMfQb6Sp5DX0i44=&xsec_source=pc_note,hg
HENRY HOBBY STUDIO,战模HG 吉莱涂装案例,2,0,1,图文,https://www.xiaohongshu.com/explore/68b68a17000000001c036767?xsec_token=AB9NsV8iGMjByRdHPuthQ0IRsW91bUvjDc_o0EiNKht3k=&xsec_source=pc_search&source=web_explore_feed,59c60d3144363b1cd50036a6,1小时前,https://www.xiaohongshu.com/user/profile/59c60d3144363b1cd50036a6?xsec_token=ABENPOKv6LnQhRCdZrk3hWgVpENXoFiVlyKyXcWtbIVDI=&xsec_source=pc_note,hg
迦百农阀门,不锈钢放料阀的广泛应用与作用,0,0,0,图文,https://www.xiaohongshu.com/explore/68b687eb000000001c010a54?xsec_token=AB9NsV8iGMjByRdHPuthQ0ITMXYMrrNW5Ydo88oMz-lkA=&xsec_source=pc_search&source=web_explore_feed,65a2a719000000002001c4de,2小时前,https://www.xiaohongshu.com/user/profile/65a2a719000000002001c4de?xsec_token=AB1DcLo7woh1CpkJugSh7Bt8FP9KZg3y6IykHvfUgeTgk=&xsec_source=pc_note,hg
MOSTSPORT麦胜碳纤维轮组,MOSTSPORT麦胜 45mm波浪公路碟刹碳纤维轮组,0,0,0,图文,https://www.xiaohongshu.com/explore/68b68785000000001d01eb02?xsec_token=AB9NsV8iGMjByRdHPuthQ0IeRUhKrclvT-bn_cBd9eURQ=&xsec_source=pc_search&source=web_explore_feed,621ce6410000000010007569,2小时前,https://www.xiaohongshu.com/user/profile/621ce6410000000010007569?xsec_token=ABBy4KGOjnPFhFlSRVXW4ysmIHcdk4Zv1quPSmvYql2S4=&xsec_source=pc_note,hg
迦百农阀门,不锈钢放料阀的工业管道关键设备,0,0,0,图文,https://www.xiaohongshu.com/explore/68b68563000000001d01a520?xsec_token=AB9NsV8iGMjByRdHPuthQ0Ie2y4NoHuDSG7VtjU_Vyx84=&xsec_source=pc_search&source=web_explore_feed,65a2a719000000002001c4de,2小时前,https://www.xiaohongshu.com/user/profile/65a2a719000000002001c4de?xsec_token=AB1DcLo7woh1CpkJugSh7Bt8FP9KZg3y6IykHvfUgeTgk=&xsec_source=pc_note,hg
王大仁😄,HG白瓷强人 G夸斯颜值TOP机体的分量,6,1,1,图文,https://www.xiaohongshu.com/explore/68b683d6000000001b035047?xsec_token=AB9NsV8iGMjByRdHPuthQ0IZ7W9AltHvWsGEDcr3oX5RA=&xsec_source=pc_search&source=web_explore_feed,5d689e92000000000101b3c1,2小时前,https://www.xiaohongshu.com/user/profile/5d689e92000000000101b3c1?xsec_token=ABSsAvAI4zrccL5IBOR4mmhabwJolbCJgKiH9y7et9BgI=&xsec_source=pc_note,hg
迦百农阀门,不锈钢放料阀的工业管道的关键设备,0,0,0,图文,https://www.xiaohongshu.com/explore/68b68366000000001c009104?xsec_token=AB9NsV8iGMjByRdHPuthQ0IZ0Mo7vvCUwDkmuCTkqb_1c=&xsec_source=pc_search&source=web_explore_feed,65a2a719000000002001c4de,2小时前,https://www.xiaohongshu.com/user/profile/65a2a719000000002001c4de?xsec_token=AB1DcLo7woh1CpkJugSh7Bt8FP9KZg3y6IykHvfUgeTgk=&xsec_source=pc_note,hg
栗子君🌰,HG夏亚高机动扎古,10,5,3,图文,https://www.xiaohongshu.com/explore/68b68260000000001b01ef4e?xsec_token=AB9NsV8iGMjByRdHPuthQ0IRM6nBBdrf3ZtLHo1Nfg2RY=&xsec_source=pc_search&source=web_explore_feed,5ba4a8c4f7e8b953f212f80a,2小时前,https://www.xiaohongshu.com/user/profile/5ba4a8c4f7e8b953f212f80a?xsec_token=ABqlJAX-ZVddSJtLvw3s3XJ4BdpjK5LSnVNou7kyjgnrs=&xsec_source=pc_note,hg
博唐活动,🏥大型趣味运动会🏃‍♂️💨,0,0,0,图文,https://www.xiaohongshu.com/explore/68b681cd000000001d012c29?xsec_token=AB9NsV8iGMjByRdHPuthQ0IQ22qH2el9D7NEBAshkPC0Q=&xsec_source=pc_search&source=web_explore_feed,6202099d0000000021020d97,2小时前,https://www.xiaohongshu.com/user/profile/6202099d0000000021020d97?xsec_token=ABzO1ggAWpwWa855i9qMjo5pEzcEZraKfwuZp0D5uI5JU=&xsec_source=pc_note,hg
迦百农阀门,不锈钢放料阀的设计与制造,0,0,0,图文,https://www.xiaohongshu.com/explore/68b67cf8000000001d0036b3?xsec_token=AB9NsV8iGMjByRdHPuthQ0IY-l9GwwJNhOKCt3iI374Oc=&xsec_source=pc_search&source=web_explore_feed,65a2a719000000002001c4de,2小时前,https://www.xiaohongshu.com/user/profile/65a2a719000000002001c4de?xsec_token=AB1DcLo7woh1CpkJugSh7Bt8FP9KZg3y6IykHvfUgeTgk=&xsec_source=pc_note,hg
折纸为鹤,无标题,1,0,1,图文,https://www.xiaohongshu.com/explore/68b67968000000001d01e5e9?xsec_token=AB9NsV8iGMjByRdHPuthQ0Ibr9aGk3HZao1QBtZ1Yi7aY=&xsec_source=pc_search&source=web_explore_feed,6693b98d0000000003030194,3小时前,https://www.xiaohongshu.com/user/profile/6693b98d0000000003030194?xsec_token=ABwa7RbefOq_t1R459QAyUaZYDIUtAymjDOl2j7GFRYwY=&xsec_source=pc_note,hg
Maki,奥特赛文 hg扭蛋 艾雷王,2,0,0,图文,https://www.xiaohongshu.com/explore/68b677b5000000001c00959d?xsec_token=AB9NsV8iGMjByRdHPuthQ0IQFH1zzWhB1SrzgEmsdkRog=&xsec_source=pc_search&source=web_explore_feed,67429aee000000001c01b89a,3小时前,https://www.xiaohongshu.com/user/profile/67429aee000000001c01b89a?xsec_token=ABLz52T5U5eEzec5AQUQlJs77RcufFqmbnQ6oZwH6JyPQ=&xsec_source=pc_note,hg
迦百农阀门,不锈钢放料阀的关键与参数,0,0,0,图文,https://www.xiaohongshu.com/explore/68b6772b000000001d02fb6f?xsec_token=AB9NsV8iGMjByRdHPuthQ0IVweNRuqZJ5TYl8N5QINFVE=&xsec_source=pc_search&source=web_explore_feed,65a2a719000000002001c4de,3小时前,https://www.xiaohongshu.com/user/profile/65a2a719000000002001c4de?xsec_token=AB1DcLo7woh1CpkJugSh7Bt8FP9KZg3y6IykHvfUgeTgk=&xsec_source=pc_note,hg
Minimi,纯爷们专用机！HG斧王改伊芙利特施耐德,18,6,4,图文,https://www.xiaohongshu.com/explore/68b43fa6000000001d006c43?xsec_token=ABZUHv2vsbOlWtD0GOL1pk8nr8oY06PgTDmhjUXbjdYF4=&xsec_source=pc_search&source=web_explore_feed,5ea581f70000000001009b63,3小时前,https://www.xiaohongshu.com/user/profile/5ea581f70000000001009b63?xsec_token=ABDhQk4tnSAk8lDayyEHqfQybwJAdb0082XZXyHQVbeI0=&xsec_source=pc_note,hg
金有德,牛高达 设定杂志,23,5,8,图文,https://www.xiaohongshu.com/explore/68b67149000000001d018527?xsec_token=AB9NsV8iGMjByRdHPuthQ0IXepkZ_2Z2XQpzLFHvW_jF8=&xsec_source=pc_search&source=web_explore_feed,6365477c000000001f01be98,3小时前,https://www.xiaohongshu.com/user/profile/6365477c000000001f01be98?xsec_token=AB6EPOHa8ijZDTnc8KAML2G72XzrwSNDkRN9IW-IZS3GQ=&xsec_source=pc_note,hg
.斯教：嘶嘶~,德拉科，hg换斯内普或好价出,1,0,0,图文,https://www.xiaohongshu.com/explore/68b6738d000000001d016d2b?xsec_token=AB9NsV8iGMjByRdHPuthQ0IfeNKPQDKBXjZyxIFFB-AMA=&xsec_source=pc_search&source=web_explore_feed,673093ce000000001c01b6a8,3小时前,https://www.xiaohongshu.com/user/profile/673093ce000000001c01b6a8?xsec_token=ABLB2qId5Dv1X8Hh5RiqySFgcytwqO6aZZARotN-KgID8=&xsec_source=pc_note,hg
小云goods,今日上💕,7,1,0,图文,https://www.xiaohongshu.com/explore/68b66fd3000000001d005896?xsec_token=AB9NsV8iGMjByRdHPuthQ0IaxeBiV_YFp-k2qiYqpXEu4=&xsec_source=pc_search&source=web_explore_feed,629f56d7000000001b02a99d,3小时前,https://www.xiaohongshu.com/user/profile/629f56d7000000001b02a99d?xsec_token=ABEyqHzSHdkB4WEma2AfURwpG_nmfOu8_9xvdvNlHza70=&xsec_source=pc_note,hg
VerFA,HG高达但他林B风帽进度,2,4,0,图文,https://www.xiaohongshu.com/explore/68b66f7a000000001d0036b7?xsec_token=AB9NsV8iGMjByRdHPuthQ0IaoSFqv5m7ItWwkj8_BRuFk=&xsec_source=pc_search&source=web_explore_feed,5ddbc25500000000010037a8,3小时前,https://www.xiaohongshu.com/user/profile/5ddbc25500000000010037a8?xsec_token=ABgcbgKm_DJlrgpjSg0Als5_neVwc9l8-tT6hol7nbNlg=&xsec_source=pc_note,hg
执拗的终结骑士,魔幻球档案（2）——战锤斗士/战锤克兰茨,10,0,2,图文,https://www.xiaohongshu.com/explore/68b66f70000000001d011542?xsec_token=AB9NsV8iGMjByRdHPuthQ0Ie5tQOknz7j4SFbGua80Qoc=&xsec_source=pc_search&source=web_explore_feed,66c45d79000000001d0309a2,3小时前,https://www.xiaohongshu.com/user/profile/66c45d79000000001d0309a2?xsec_token=ABkD-GZI0X2y7o4bm_pS-wcFACqy6A_17eShKBIVaT2R4=&xsec_source=pc_note,hg
浮梦,万代 hg 风灵改修型,3,0,0,图文,https://www.xiaohongshu.com/explore/68b66d28000000001d020c62?xsec_token=AB9NsV8iGMjByRdHPuthQ0IYawzdD_gs-mg7K-edD-gb0=&xsec_source=pc_search&source=web_explore_feed,61daebd4000000001000ddf6,3小时前,https://www.xiaohongshu.com/user/profile/61daebd4000000001000ddf6?xsec_token=ABKYBnaMQicSUgIf9UaLFQFhuMCGk_xShDil1Q_CDsjeg=&xsec_source=pc_note,hg
浮梦,万代 hg 海因德里,2,0,0,图文,https://www.xiaohongshu.com/explore/68b66bcd000000001d02789a?xsec_token=AB9NsV8iGMjByRdHPuthQ0IQAnixo-WQ0rxmRHv6adp4c=&xsec_source=pc_search&source=web_explore_feed,61daebd4000000001000ddf6,4小时前,https://www.xiaohongshu.com/user/profile/61daebd4000000001000ddf6?xsec_token=ABKYBnaMQicSUgIf9UaLFQFhuMCGk_xShDil1Q_CDsjeg=&xsec_source=pc_note,hg
浮梦,万代 hg 柯西,4,0,0,图文,https://www.xiaohongshu.com/explore/68b66b6c000000001d0276ab?xsec_token=AB9NsV8iGMjByRdHPuthQ0IV4-opE4QUJspyHEbGhdp4I=&xsec_source=pc_search&source=web_explore_feed,61daebd4000000001000ddf6,4小时前,https://www.xiaohongshu.com/user/profile/61daebd4000000001000ddf6?xsec_token=ABKYBnaMQicSUgIf9UaLFQFhuMCGk_xShDil1Q_CDsjeg=&xsec_source=pc_note,hg
HG,无标题,4,5,0,图文,https://www.xiaohongshu.com/explore/68b6668c000000001d01c7bb?xsec_token=AB9NsV8iGMjByRdHPuthQ0IamIR04uqL1orimkLOELvCA=&xsec_source=pc_search&source=web_explore_feed,60322b63000000000101dc93,4小时前,https://www.xiaohongshu.com/user/profile/60322b63000000000101dc93?xsec_token=ABtsDsTpA6K5XUqnKq6sIqj-yrTk1WrpvG3gIVkP4qtEw=&xsec_source=pc_note,hg
豆豆问界日记,全新问界M7最全配置！码住⚡️辽宁可约试驾,0,0,0,图文,https://www.xiaohongshu.com/explore/68b6641c000000001d0119be?xsec_token=AB9NsV8iGMjByRdHPuthQ0IcAWqWLgrax8j3XCUUlVURg=&xsec_source=pc_search&source=web_explore_feed,6737f7e8000000001d02f6b3,4小时前,https://www.xiaohongshu.com/user/profile/6737f7e8000000001d02f6b3?xsec_token=ABt5t5vwPJtD51fIHP66raHtLssQ-Awjs6sZwU73V7lRg=&xsec_source=pc_note,hg
迦百农阀门,不锈钢放料阀的技术与规范,0,0,0,图文,https://www.xiaohongshu.com/explore/68b662dc000000001b021332?xsec_token=AB9NsV8iGMjByRdHPuthQ0IWCKXTCeofVBaY4LR5jcyG0=&xsec_source=pc_search&source=web_explore_feed,65a2a719000000002001c4de,4小时前,https://www.xiaohongshu.com/user/profile/65a2a719000000002001c4de?xsec_token=AB1DcLo7woh1CpkJugSh7Bt8FP9KZg3y6IykHvfUgeTgk=&xsec_source=pc_note,hg
HUAK～华科检测认证pipi～,惊！美国欧盟销售冰箱贴和磁铁不知这些认证,0,0,0,图文,https://www.xiaohongshu.com/explore/68b661dd000000001c006c7c?xsec_token=AB9NsV8iGMjByRdHPuthQ0IZxQThqApUJxn_SLgq3iUS4=&xsec_source=pc_search&source=web_explore_feed,606c6de90000000001009c38,1小时前,https://www.xiaohongshu.com/user/profile/606c6de90000000001009c38?xsec_token=ABQ4jcACAzNsPGwxieKtYWaKL82OuKunXKl8mYvbZaRwg=&xsec_source=pc_note,hg
HOPE,拯救可动，Hg吉姆套snaa瓦尔基里骨架,0,1,0,图文,https://www.xiaohongshu.com/explore/68b661a5000000001d02ca69?xsec_token=AB9NsV8iGMjByRdHPuthQ0Iev4KRaHQ9CWtMyINYTOlEA=&xsec_source=pc_search&source=web_explore_feed,642039020000000012010eea,4小时前,https://www.xiaohongshu.com/user/profile/642039020000000012010eea?xsec_token=ABjfCGB6NiQ7OPFrzn7GBVjiGfUYbrAferfFoajjYeGog=&xsec_source=pc_note,hg
美月妈妈在日本,日本制的鱼竿真的好吗？,0,0,0,图文,https://www.xiaohongshu.com/explore/68b6611b000000001d004ad4?xsec_token=AB9NsV8iGMjByRdHPuthQ0IXOG4oHzQ_4ezZ-hBOR84K8=&xsec_source=pc_search&source=web_explore_feed,591a57fb5e87e77d90829b69,4小时前,https://www.xiaohongshu.com/user/profile/591a57fb5e87e77d90829b69?xsec_token=ABUiXIuPzemJYKdMpI_wNtjfPlYdKxn28sTCV7fG2DIiE=&xsec_source=pc_note,hg
