﻿昵称,标题,点赞数,评论数,收藏数,类型,笔记链接,UID,发布日期,主页链接,搜索词语
关务知识库,一文讲清～,12,0,11,图文,https://www.xiaohongshu.com/explore/67bda64a000000000602b2db?xsec_token=ABRT7YvyyiGGVYj_A_PpZtodwFeid45ibRQN-eYRjANhU=&xsec_source=pc_search&source=web_explore_feed,5dbbed8d00000000010085b1,02-26,https://www.xiaohongshu.com/user/profile/5dbbed8d00000000010085b1?xsec_token=ABzhPxWfjmgGMdpviHFondU7P-U51HhTUbEkKLO-Rbbrw=&xsec_source=pc_note,hg扣货
咖喱路亚,第一次上鼓轮,16,11,3,图文,https://www.xiaohongshu.com/explore/6700bea5000000001a023b4d?xsec_token=ABcdYq0jSg_raJRHvfFMO2k_pU0cfqFUSCTR-cUHcGzYk=&xsec_source=pc_search&source=web_explore_feed,5acacd5a11be103eda62624c,2024-10-05,https://www.xiaohongshu.com/user/profile/5acacd5a11be103eda62624c?xsec_token=ABMLelLVAjpilIkyINzBDw6pn_483xmUxlrsJMsLk2ZBg=&xsec_source=pc_note,hg扣货
荼蘼,🈺,1,0,0,图文,https://www.xiaohongshu.com/explore/686c7a1800000000100125f9?xsec_token=ABLBcJhZI9fGcYSBiCcy1Jgj4zcRk4mt-h05wTgB2JB3g=&xsec_source=pc_search&source=web_explore_feed,58c6ad2e50c4b435bc9dc99c,07-08,https://www.xiaohongshu.com/user/profile/58c6ad2e50c4b435bc9dc99c?xsec_token=ABrroq9v0Y6qg51vpmw9Ksy5InMWZCdyJEX5C8jhpA4kk=&xsec_source=pc_note,hg扣货
超级玩物,嗯 还有？ 日服杰刚大队再版新增批次,45,17,13,图文,https://www.xiaohongshu.com/explore/68929240000000002303807e?xsec_token=AB7W3H-U1SPHWyw6eWplUj5NuGs5cgiT0cuQ5eHUniRo8=&xsec_source=pc_search&source=web_explore_feed,62fd97c2000000000f004e0e,08-06,https://www.xiaohongshu.com/user/profile/62fd97c2000000000f004e0e?xsec_token=ABTGS1eif5gwHA6wxOT39HaqV4-6nH3XbBdZ9ph7wje-Y=&xsec_source=pc_note,hg扣货
喋喋檬（评论禁言请私信）,谁能管管,10,2,0,图文,https://www.xiaohongshu.com/explore/68aad39e000000001d02dcdc?xsec_token=ABk2ms65nHesivpcMELOhXsP6R-B5GGAA-6k-UPCZwxD4=&xsec_source=pc_search&source=web_explore_feed,5d73851b00000000010052b6,08-24,https://www.xiaohongshu.com/user/profile/5d73851b00000000010052b6?xsec_token=ABt7EbojfdTBorLUllPvLFvkuX29IBURlpgdHI0VAfFb4=&xsec_source=pc_note,hg扣货
UltraSports,时代的眼泪 刺客14高端HG,12,18,2,图文,https://www.xiaohongshu.com/explore/65f66f11000000000d00d77a?xsec_token=ABK8YzE4D8g7tfu0OTScDmb_mqD3WM_ybLEru_zT8IdDU=&xsec_source=pc_search&source=web_explore_feed,65ef9be3000000000500b00a,2024-03-17,https://www.xiaohongshu.com/user/profile/65ef9be3000000000500b00a?xsec_token=ABcOup7HNNwaOg0p01SjPgN7W6k9jsKp1k8sHT_fpra18=&xsec_source=pc_note,hg扣货
大胡子MAX,人有多大胆，HS随便选？,1,0,0,图文,https://www.xiaohongshu.com/explore/689c0866000000001c0106a8?xsec_token=ABTg6ARQ8QXqSCD1XaRx8pK7FnqJzWWvNkFACejfpKosQ=&xsec_source=pc_search&source=web_explore_feed,56381d99e58d13471cf5f573,08-13,https://www.xiaohongshu.com/user/profile/56381d99e58d13471cf5f573?xsec_token=ABGpdScTX7h9O4CcrjwciCSVVESnTQ1XGIegXt_ok7wMU=&xsec_source=pc_note,hg扣货
momo,六毛钱解决了S钩勾手的问题,11,1,11,图文,https://www.xiaohongshu.com/explore/675ba83a0000000002034fc9?xsec_token=AB_ZTwxtbzArk75YRdLeLOkVJQuDFMhvti3rVgJBr5x0g=&xsec_source=pc_search&source=web_explore_feed,66af3d26000000000d0250e2,2024-12-13,https://www.xiaohongshu.com/user/profile/66af3d26000000000d0250e2?xsec_token=ABJjSz8T6OEvcoEmntkGFAqYQkHKcWzwC8rSNhpAMgbx0=&xsec_source=pc_note,hg扣货
Ginko,hg mk2+改件,18,5,0,图文,https://www.xiaohongshu.com/explore/689208370000000023032720?xsec_token=AB7W3H-U1SPHWyw6eWplUj5PIxn7jQI59Eq_A7itIZ1-E=&xsec_source=pc_search&source=web_explore_feed,5f3eb0d4000000000101e9ba,08-05,https://www.xiaohongshu.com/user/profile/5f3eb0d4000000000101e9ba?xsec_token=AB2x0HcJ3wje0ZOpT14ldrGuXHSyB687m9eMbmh09gbN0=&xsec_source=pc_note,hg扣货
每天学🐷叫,HG强夺 嘴怎么尖尖的？,12,4,4,图文,https://www.xiaohongshu.com/explore/680061d00000000007036145?xsec_token=AB2dbdVB_E7gbH7J3xsfI7P_yka6UtlaRuZMTJuYYgGC0=&xsec_source=pc_search&source=web_explore_feed,593d712f4f8fd6453dd12e9a,04-17,https://www.xiaohongshu.com/user/profile/593d712f4f8fd6453dd12e9a?xsec_token=AB5AaArXOgFXReCK11VVpsfiFsBnhCVe8Ce7Qd6Ntnjhs=&xsec_source=pc_note,hg扣货
专玩仓,大声告诉你📢15款好价模型速来！,42,30,21,图文,https://www.xiaohongshu.com/explore/6773b5bd000000000b00d1d8?xsec_token=AB5JcKN-ahe6P737RICAfTjvapHkRwYifnZFh0D5Eoflw=&xsec_source=pc_search&source=web_explore_feed,67243b69000000001d02fa19,2024-12-31,https://www.xiaohongshu.com/user/profile/67243b69000000001d02fa19?xsec_token=ABQw6xHIM3Wgoe4IRMmtbpqipv0HiKxbgE5q10UjWJEeA=&xsec_source=pc_note,hg扣货
挨骂小咪,gqux是做过的最不像高达的高达,14,6,1,图文,https://www.xiaohongshu.com/explore/686d68f500000000200186aa?xsec_token=ABSuQThKWNZSeKUzffCwihKQo7XAN2C4y3vDWP4VaYrqU=&xsec_source=pc_search&source=web_explore_feed,5f11c892000000000100676d,07-09,https://www.xiaohongshu.com/user/profile/5f11c892000000000100676d?xsec_token=ABa1_i6xmxtqFcnyPW0YuxQGBaJRAxJwckaWaPKiQPL0o=&xsec_source=pc_note,hg扣货
极昼棠眠,无标题,0,2,0,图文,https://www.xiaohongshu.com/explore/68a5e691000000001d022a72?xsec_token=ABW6M2xwoAOzgNQkrsITh4iQV9Uzc3-t15wzcm2ZKlawU=&xsec_source=pc_search&source=web_explore_feed,65d17e09000000000d025789,08-20,https://www.xiaohongshu.com/user/profile/65d17e09000000000d025789?xsec_token=AB-GBBQdo2_6d9jI8Uzx9fO5BC9iWygWwzDH7NZvfTpu0=&xsec_source=pc_note,hg扣货
Mira,3 小时击溃 DEX！昨夜加密圈商战全记录,39,11,22,图文,https://www.xiaohongshu.com/explore/67e5190e000000000900e0e7?xsec_token=ABxMYkpwEvVEaPLUgYi1ZXvnLcD-zcT9rDDf5i3g8K0Fw=&xsec_source=pc_search&source=web_explore_feed,6549da520000000030033fd2,03-27,https://www.xiaohongshu.com/user/profile/6549da520000000030033fd2?xsec_token=ABE5u8zMbSJa8CqQaDeXx-LOBHW0TnJSr4GimwWcGB04E=&xsec_source=pc_note,hg扣货
木沐凩炁柒七,万代 HG G-self 高达完美背包,29,4,4,图文,https://www.xiaohongshu.com/explore/68905fee000000002203b960?xsec_token=ABx5rGMyA2ezmSCzZaP2all792z8Xz5HBquwwnwj6w_d8=&xsec_source=pc_search&source=web_explore_feed,5df780350000000001002863,08-04,https://www.xiaohongshu.com/user/profile/5df780350000000001002863?xsec_token=ABjfg_RBmZfSqaR52eWsURAV9cGUrBHagfCFPINOqjkS4=&xsec_source=pc_note,hg扣货
丽英,无标题,1,0,0,图文,https://www.xiaohongshu.com/explore/6899a5ec0000000022023df7?xsec_token=ABkjZsG_LweObhJHtrabU0AYiplw4tbXa5hYPdNemv4Ww=&xsec_source=pc_search&source=web_explore_feed,6493132500000000110026a9,08-11,https://www.xiaohongshu.com/user/profile/6493132500000000110026a9?xsec_token=ABONUvmHK3O6sAi2zLSFlKel9X11brJUk-X7rHwEPDOBQ=&xsec_source=pc_note,hg扣货
撸胶的骁师傅,3万多工费的“hg”(1),146,75,51,图文,https://www.xiaohongshu.com/explore/670e3e04000000001b011de3?xsec_token=AB48o31DQeu4VOai_YlGShOH_y45DqABMBsjU0anO4dqA=&xsec_source=pc_search&source=web_explore_feed,5ee348db000000000101f2ec,2024-10-15,https://www.xiaohongshu.com/user/profile/5ee348db000000000101f2ec?xsec_token=ABxYNM0UIRfR1ax8Yk_CtiqmzRjPfDIXpXGuprF1KkZL8=&xsec_source=pc_note,hg扣货
KUKU,避雷 好价出转头倒卖,10,6,0,图文,https://www.xiaohongshu.com/explore/68b09380000000001d024606?xsec_token=ABpIKfUuf0BfH5zuH40aZtyIBGoGLirT_qrn5PJcrbkEo=&xsec_source=pc_search&source=web_explore_feed,61f7fc830000000010007179,4天前,https://www.xiaohongshu.com/user/profile/61f7fc830000000010007179?xsec_token=ABz4nD6VzSDXGwNxgX8uuFTyCUk2RenklX74UdbN74Xg8=&xsec_source=pc_note,hg扣货
Aichi,hg 马克兔aoz样式,95,10,22,图文,https://www.xiaohongshu.com/explore/689c8bf9000000001d035f71?xsec_token=ABTg6ARQ8QXqSCD1XaRx8pK2ZJTz5Itk9UXLL8WVWfH8o=&xsec_source=pc_search&source=web_explore_feed,61d7ab8c000000001000502a,08-13,https://www.xiaohongshu.com/user/profile/61d7ab8c000000001000502a?xsec_token=ABvEPrghy1272ySDUdVYXM5vHdIwV6gN97GuxbsmFI6mc=&xsec_source=pc_note,hg扣货
满满模玩,万代HG新生扎古-真实配色,59,9,5,图文,https://www.xiaohongshu.com/explore/68b2fb64000000001d034eb3?xsec_token=AB47qw1xEuasclD4mJ_0a0VnWBaEAy20D5VUcPr_NLKJk=&xsec_source=pc_search&source=web_explore_feed,650e9425000000001603800a,2天前,https://www.xiaohongshu.com/user/profile/650e9425000000001603800a?xsec_token=ABzyxRwpOYcGworoD15imHPKev7oYY7EFI6__mYjs9k50=&xsec_source=pc_note,hg扣货
卡斯巴尔丶修猫,国代 发声超可动GeatsMK9,105,21,39,图文,https://www.xiaohongshu.com/explore/66cb4e4f000000001d01b963?xsec_token=ABTUmAXdIgvak7CyTtmDOqt3GXYjZnvFEcUVfiSAU1MN0=&xsec_source=pc_search&source=web_explore_feed,61dea865000000001000ef17,2024-08-26,https://www.xiaohongshu.com/user/profile/61dea865000000001000ef17?xsec_token=ABQDomQoQzrrv45DLWK-nLNRLHKjEI1VvFrsiCl73ecS4=&xsec_source=pc_note,hg扣货
猪八戒,中通快递扣留我快递 也不联系我沟通,9,9,0,图文,https://www.xiaohongshu.com/explore/65dd5fdb000000000b0169f1?xsec_token=ABDQJ8E65ypSljFvTIfgg_Q1UmB5g44tpwe-d2U6GMwRM=&xsec_source=pc_search&source=web_explore_feed,5b8bd3212df0dc0001a536be,2024-02-27,https://www.xiaohongshu.com/user/profile/5b8bd3212df0dc0001a536be?xsec_token=ABZQf99XDm-srpoy_ZKgpUwOSovXh4dBC2CzZsHO51aNw=&xsec_source=pc_note,hg扣货
Scott,HG魔蟹你们都是多少入的？,10,47,1,图文,https://www.xiaohongshu.com/explore/67c96b27000000000e007bc2?xsec_token=ABqhZI__xuQ8dcf7NI8LfS4s3yPrNNo2FT075TXhebons=&xsec_source=pc_search&source=web_explore_feed,64170d4e000000001201054d,03-06,https://www.xiaohongshu.com/user/profile/64170d4e000000001201054d?xsec_token=AB7LWZ7fSOE_uOeK6MpDbTJR0RspF45owjRsZHbmeSpd4=&xsec_source=pc_note,hg扣货
sherry,grimms积木海淘被海关扣了18天终于到手,54,66,42,图文,https://www.xiaohongshu.com/explore/674850990000000006017846?xsec_token=ABJ0rb6IZGBb6SHF90pbu8AZTAlrcVZKKRbw3Q6udDpwQ=&xsec_source=pc_search&source=web_explore_feed,57a51bdb50c4b4290aa4d726,2024-12-20,https://www.xiaohongshu.com/user/profile/57a51bdb50c4b4290aa4d726?xsec_token=ABCEm1Id8NcmIpxHl9YTXHdchmQZUTtRL2PADk26GMUpA=&xsec_source=pc_note,hg扣货
fff,cm ss9g为什么瑕疵什么多啊,11,7,2,图文,https://www.xiaohongshu.com/explore/68b3d8f9000000001c00c722?xsec_token=ABW9XdrVSATWOqFahyIsuyKOOMLYrHklftjgqkXPPweOg=&xsec_source=pc_search&source=web_explore_feed,5a69e12b11be101add02abbb,2天前,https://www.xiaohongshu.com/user/profile/5a69e12b11be101add02abbb?xsec_token=ABB-Py2z-8_SCL_ViUb0Dahvvcv0bL4mgvHmzHE1rdD80=&xsec_source=pc_note,hg扣货
买够50万手办就收手,Ko只要98？那400入万代的我仿佛是小丑,0,25,1,图文,https://www.xiaohongshu.com/explore/68438564000000002101aa63?xsec_token=AB4vGFXoyi-iegpEW1m8BnDYa-tF8LvsjYmYQTqPvehHU=&xsec_source=pc_search&source=web_explore_feed,5f8870410000000001001c00,06-07,https://www.xiaohongshu.com/user/profile/5f8870410000000001001c00?xsec_token=AB9hMoEyuThUNhSQF4TUR_jRWP65KJGNM8R9uhzDlBYxs=&xsec_source=pc_note,hg扣货
FangJF,素组HG ZZ高达,121,18,31,图文,https://www.xiaohongshu.com/explore/67e147d10000000006039785?xsec_token=ABn6V7khNChUsYJt48QBKDQmEN9r6CFGG3CNbnuS-LWYg=&xsec_source=pc_search&source=web_explore_feed,62c6e5f5000000000303f0b3,03-24,https://www.xiaohongshu.com/user/profile/62c6e5f5000000000303f0b3?xsec_token=ABO3bYd6lnlxFIP_mKKf03LOuVbSIUdvQThvkytyntw3A=&xsec_source=pc_note,hg扣货
NicoNicoNi（见过断眉、大东哥版）,海淘漫画本后续,6,3,1,图文,https://www.xiaohongshu.com/explore/66af29b3000000000d031aaf?xsec_token=ABJjSz8T6OEvcoEmntkGFAqXsbuoL7-RQ86NidSYNlEWw=&xsec_source=pc_search&source=web_explore_feed,595befbb82ec396819cf85a1,2024-08-04,https://www.xiaohongshu.com/user/profile/595befbb82ec396819cf85a1?xsec_token=ABqlL1VvItPJbUsRSdXcPnOcsJEzt7JuAeV_RhoISj-so=&xsec_source=pc_note,hg扣货
zzzzzzzhx,hg民用扎古,40,5,3,图文,https://www.xiaohongshu.com/explore/6893779a00000000220394bb?xsec_token=ABtWXxiExvkFSkHcVBIRLatmqpHpV5u9jk64bl5_DmkIo=&xsec_source=pc_search&source=web_explore_feed,59faec064eacab48df83c6b1,08-06,https://www.xiaohongshu.com/user/profile/59faec064eacab48df83c6b1?xsec_token=ABu9KZVHQTr737DoyqdZTsx2PXkludU-NrApSpdOvHN2U=&xsec_source=pc_note,hg扣货
熊吉诃德,潮哥配模记录 HGUC 飙狼,27,8,3,图文,https://www.xiaohongshu.com/explore/688ccb4d0000000023018310?xsec_token=ABnRhG78RwtNgFKNMWDNY_qcWLbNqahkQFrHpNHpRGEGg=&xsec_source=pc_search&source=web_explore_feed,60329c7a0000000001003f0a,08-01,https://www.xiaohongshu.com/user/profile/60329c7a0000000001003f0a?xsec_token=ABhWQx-QRFPPVtYjiOuO3y5jO9pCt-_5s3edH-V8rRMUE=&xsec_source=pc_note,hg扣货
Deathred,第二弹HG扭蛋,0,0,0,图文,https://www.xiaohongshu.com/explore/6807c164000000000d015498?xsec_token=ABKa4aoBv7SrEDh94GT96gL2oTObAq46OCGzIMMQ7hUgw=&xsec_source=pc_search&source=web_explore_feed,6631c6c20000000007005462,04-23,https://www.xiaohongshu.com/user/profile/6631c6c20000000007005462?xsec_token=ABUXZtP4SrKjwVZxrVWd4wTtV5iLKhyGpgJ2cZ5XwpmoY=&xsec_source=pc_note,hg扣货
_sevenbin,无标题,40,590,16,图文,https://www.xiaohongshu.com/explore/688508a50000000010012074?xsec_token=ABA0PRxZp4Oqm6VOARBYw5c1ZbHzTdr5uWkydTJ_Qp5KI=&xsec_source=pc_search&source=web_explore_feed,652bf27c000000002a0346a6,07-27,https://www.xiaohongshu.com/user/profile/652bf27c000000002a0346a6?xsec_token=ABoFgpwCPRXM5y_Vo7AbLGkHdIPbBGyoZx10748efD6lA=&xsec_source=pc_note,hg扣货
聊车的杜胖子,「第二十二台」 HG 256 村雨改,13,2,1,图文,https://www.xiaohongshu.com/explore/682800e0000000002202dec9?xsec_token=ABb_uzxn1Cd-j8UWZGAI6qfmUZaLRpgERz2xPP92T9dV0=&xsec_source=pc_search&source=web_explore_feed,5cdedb9800000000110186f4,05-17,https://www.xiaohongshu.com/user/profile/5cdedb9800000000110186f4?xsec_token=ABWK5swqp6_bsVx2tUbgG93kXBD-s6EMng6YhEN5H48EI=&xsec_source=pc_note,hg扣货
梅花圈有什么瓜,hg片片那个,0,1,0,图文,https://www.xiaohongshu.com/explore/66e9a4f5000000001e018f40?xsec_token=ABH9v5wEkBdKybA7kUZ-T7jhuTgQdEr2p8_qn75cduRgg=&xsec_source=pc_search&source=web_explore_feed,6620049f000000000d025664,2024-09-17,https://www.xiaohongshu.com/user/profile/6620049f000000000d025664?xsec_token=AB_GlVbAxvcX0T4h45gySQgM5T5MDWDmiNCzAyfYklqc4=&xsec_source=pc_note,hg扣货
孜然KUMYN,8.1gsc抢的ppp和mygo砍单,14,20,1,图文,https://www.xiaohongshu.com/explore/689b0a47000000001d02c4f6?xsec_token=ABtmnkyCRky7POgYmkI0MgtXnH8xprLZGx4dHmNhYVyrE=&xsec_source=pc_search&source=web_explore_feed,5dac68e70000000001009dc2,08-12,https://www.xiaohongshu.com/user/profile/5dac68e70000000001009dc2?xsec_token=AByojORl8RcqpSz9lHo4dbe7XDMDzw_fhk-9VYkZDZ4BY=&xsec_source=pc_note,hg扣货
小美的在韩日常,🍑空运集运被扣,11,20,2,图文,https://www.xiaohongshu.com/explore/67ca6c25000000002902bb3d?xsec_token=ABOOjjr2RZYEIOa6Y9W8UovGtGg8ubsW-B6p2G0Bgo4G8=&xsec_source=pc_search&source=web_explore_feed,5e6f291a0000000001004a8f,03-07,https://www.xiaohongshu.com/user/profile/5e6f291a0000000001004a8f?xsec_token=ABqvamtPx51Cb8lqRgXKzNhIkkrPbeTS2GBhkqg3SU3L4=&xsec_source=pc_note,hg扣货
阿俊,后悔把背包的零件水口全打磨了,13,12,3,图文,https://www.xiaohongshu.com/explore/67d19b800000000028029905?xsec_token=ABej682dBzGsqAZxQQQopR_Pr7R8I5QdqjFg5Ypihs-NQ=&xsec_source=pc_search&source=web_explore_feed,5c58f30e000000001a010b1e,03-12,https://www.xiaohongshu.com/user/profile/5c58f30e000000001a010b1e?xsec_token=ABcMU_jmfBTmEaWsRyVszMAhaxkcMo-LqIkn89F_0SfZE=&xsec_source=pc_note,hg扣货
第三方检测认证-吴工,ROHS认证-跨境平台必备！TEMU/亚马逊/速卖通,1,0,0,图文,https://www.xiaohongshu.com/explore/67f66bb9000000001c005c80?xsec_token=ABMVS03Ne2jNr34yPGW_jL6PgXTfRjT6v4zniFFFi8L_8=&xsec_source=pc_search&source=web_explore_feed,67f5d2c9000000000601e860,04-09,https://www.xiaohongshu.com/user/profile/67f5d2c9000000000601e860?xsec_token=ABvR5mfYBUdgXOjOysoXqE2gik-tW6GAMAXUnN632m1E0=&xsec_source=pc_note,hg扣货
蒙仔净模玩,HG Z高达喷涂代工展示,23,4,14,图文,https://www.xiaohongshu.com/explore/67cff0b1000000002602c725?xsec_token=ABNlKJZONA5J9GZ7MMpubMX26i5zgLtVvL9bcmwwHB7Qc=&xsec_source=pc_search&source=web_explore_feed,5b68aa6a1972c60001835b28,03-11,https://www.xiaohongshu.com/user/profile/5b68aa6a1972c60001835b28?xsec_token=ABtsKxY8bVZ-BNI1SLth1aLd7h5CuzPe6bovig471i6-E=&xsec_source=pc_note,hg扣货
Up,hg爱尔兰魔蟹,10,5,4,图文,https://www.xiaohongshu.com/explore/65a25627000000000f01c79b?xsec_token=AB8Rfy1VZzYOfNKlMTdeS4EiUtJkAjdzfyqOSkkvPka6w=&xsec_source=pc_search&source=web_explore_feed,5f9930970000000001003938,2024-01-13,https://www.xiaohongshu.com/user/profile/5f9930970000000001003938?xsec_token=ABGnHpSNE47x1408ZrFBBGU7P0loptIBNek8RSEFNoknw=&xsec_source=pc_note,hg扣货
CC000,无标题,0,0,0,图文,https://www.xiaohongshu.com/explore/689f0fe6000000001d01e910?xsec_token=ABvd8aG3pOwUXCK3KnSnO76eX-eh9PeEx_AQPtCoOta4A=&xsec_source=pc_search&source=web_explore_feed,62ca7e13000000000303c3c8,08-15,https://www.xiaohongshu.com/user/profile/62ca7e13000000000303c3c8?xsec_token=ABwDLS3IwSVJscFDTmMccelIDcwxc1SdSFKyM7jNZH0Sw=&xsec_source=pc_note,hg扣货
阳光开朗女汉纸,无标题,0,13,0,图文,https://www.xiaohongshu.com/explore/686e8d07000000000b02f7b1?xsec_token=ABgIk9a96eIwJChl1h2DesHRMRah-rlT-GtplFItUty4M=&xsec_source=pc_search&source=web_explore_feed,618385ab000000001000a791,07-09,https://www.xiaohongshu.com/user/profile/618385ab000000001000a791?xsec_token=ABnh3snelTkd4Ocn5QqtPcUfG-1GeHuyIalHeQbWHRDZ4=&xsec_source=pc_note,hg扣货
Ayanami Rei,Hg Gquuuuuux军警扎古,12,11,1,图文,https://www.xiaohongshu.com/explore/684828ed0000000020029592?xsec_token=AB79mxUy9X9JQcwlYu8wAdQVuep3nGLMy-IlQTW14XScY=&xsec_source=pc_search&source=web_explore_feed,5e3ced0a00000000010090ab,06-10,https://www.xiaohongshu.com/user/profile/5e3ced0a00000000010090ab?xsec_token=ABmvzgcxYJ1pxCXuvv1NakDWjLK1LKXqqnNo2CltUGGy8=&xsec_source=pc_note,hg扣货
momo,看到吴小姐可以三倍赔偿...,30,38,7,图文,https://www.xiaohongshu.com/explore/68b17938000000001d014de1?xsec_token=AB-H6jBD-dX55Ftq8gk43iPS4SUAfH1NDHoLst1gHkG4A=&xsec_source=pc_search&source=web_explore_feed,6853ffb3000000001b01b9a8,4天前,https://www.xiaohongshu.com/user/profile/6853ffb3000000001b01b9a8?xsec_token=AB40_dVY1A85VXUc0EztizF_kgG1Cje4onWmgUlLPrkK0=&xsec_source=pc_note,hg扣货
超级玩物,璃子：新PB模型来了～换色的那种,106,30,32,图文,https://www.xiaohongshu.com/explore/68af9056000000001b03ed00?xsec_token=ABzif-jWSd4GWoelTS4uizucUEmmZjtA0WqDb0j7epQkU=&xsec_source=pc_search&source=web_explore_feed,62fd97c2000000000f004e0e,5天前,https://www.xiaohongshu.com/user/profile/62fd97c2000000000f004e0e?xsec_token=ABTGS1eif5gwHA6wxOT39HaqV4-6nH3XbBdZ9ph7wje-Y=&xsec_source=pc_note,hg扣货
lonely,极锐印象RGM-89 杰刚,4,2,2,图文,https://www.xiaohongshu.com/explore/689b2cf3000000001d01fbd0?xsec_token=ABtmnkyCRky7POgYmkI0MgtR2Dq93YGpJ7dLZ2EHOgPV4=&xsec_source=pc_search&source=web_explore_feed,6874823b000000001d016e97,08-12,https://www.xiaohongshu.com/user/profile/6874823b000000001d016e97?xsec_token=ABZ1z6MRNAMCD_EsnHPBgrp0QO8uzBVxOmOJTqAkhJ0qM=&xsec_source=pc_note,hg扣货
三日月,新品资讯_HG GQ 格鲁古古勇士 板件一览,29,5,9,图文,https://www.xiaohongshu.com/explore/6813014d000000002100249d?xsec_token=ABlxafEI-yK6FfJZauog_s0OGHbz7c-cWHc_aOX8zxQSk=&xsec_source=pc_search&source=web_explore_feed,623732ee000000001000a1a0,05-01,https://www.xiaohongshu.com/user/profile/623732ee000000001000a1a0?xsec_token=ABTsBQZUbSPuacmIkv3YaYQbM2rPokSbImrzCuPyfpSAI=&xsec_source=pc_note,hg扣货
MAE SH,🚢货到已签收，关税竟然还能“反弹”？小心这几,6,14,6,图文,https://www.xiaohongshu.com/explore/67e51310000000000d017863?xsec_token=ABxMYkpwEvVEaPLUgYi1ZXvqX6Tzu6N7XW_knV-zAxbJk=&xsec_source=pc_search&source=web_explore_feed,5c825dff00000000110308af,03-27,https://www.xiaohongshu.com/user/profile/5c825dff00000000110308af?xsec_token=AB2Q46IJVz1Vjyy2M4WNR0ZV2eAUObGp9XV7vlGJOsnFI=&xsec_source=pc_note,hg扣货
Sunny.,万代HG ZZⅡ,32,2,15,图文,https://www.xiaohongshu.com/explore/683710480000000023001935?xsec_token=ABxLnb5sGIsqtAUVGSA1PdzHuOyDvlH10XDc665d-N3Pc=&xsec_source=pc_search&source=web_explore_feed,5e44e77e000000000100571a,05-29,https://www.xiaohongshu.com/user/profile/5e44e77e000000000100571a?xsec_token=ABRNYlxsoQd5fXG3pVgmPV2Ket5CW9Okev6Jx0vrgWMyI=&xsec_source=pc_note,hg扣货
是橘子子,揭秘扣号直播间货源！,166,30,42,图文,https://www.xiaohongshu.com/explore/688b14a70000000025023689?xsec_token=AB2fQKpIWCcpcgZfZpeRo1_hM7g9c67pyG0g3aPPEn-zY=&xsec_source=pc_search&source=web_explore_feed,5f53b16700000000010037a6,07-31,https://www.xiaohongshu.com/user/profile/5f53b16700000000010037a6?xsec_token=ABqV0Kd2dw_NEIbVTYoyGJTWzSBuBAO_D5-3Rcvb4XXjk=&xsec_source=pc_note,hg扣货
陈茜inTheValley,2天输光200亿美元，2021年的“世纪大爆仓”,57,0,14,图文,https://www.xiaohongshu.com/explore/677b5f15000000000402c165?xsec_token=ABAZ4i9fML6Dol2Xuw0U7gK6jk9-f0Vwps12cm-VOynxo=&xsec_source=pc_search&source=web_explore_feed,5b827b9a62c4310001266240,01-06,https://www.xiaohongshu.com/user/profile/5b827b9a62c4310001266240?xsec_token=ABBvt9QJMs9Y7oB0MVLaxYS2J0uUnff_ROchqj5Vur1DU=&xsec_source=pc_note,hg扣货
mbc,元祖-超越全球,636,23,297,图文,https://www.xiaohongshu.com/explore/62df4819000000001b02bd3e?xsec_token=ABL4GB9Y6i3v8y3wFtTSb4XbWoyNhFh8tfr9A7HFA9tt8=&xsec_source=pc_search&source=web_explore_feed,61850b43000000001000ca4c,2022-07-26,https://www.xiaohongshu.com/user/profile/61850b43000000001000ca4c?xsec_token=ABerrd82XwgIoPSO8keSVxcFiwSzweB83ftHyIXXjcRNc=&xsec_source=pc_note,hg扣货
death,pdd百亿补贴高达上新,0,5,0,图文,https://www.xiaohongshu.com/explore/689ad09c0000000025015bd3?xsec_token=ABVrFmQIF-pflFP6Cb-_pjH3e5N8kqRqNw9x_e0_pHtIM=&xsec_source=pc_search&source=web_explore_feed,5f3696ce0000000001000c99,08-12,https://www.xiaohongshu.com/user/profile/5f3696ce0000000001000c99?xsec_token=ABGaUj0dBJDgyu_mtJPe4jO6-A-eeBgHZBbQh7TecFf9o=&xsec_source=pc_note,hg扣货
Bobobo,海牛背包c扣断件修复个人技巧,15,6,9,图文,https://www.xiaohongshu.com/explore/6530c57b000000001e00c591?xsec_token=AB8lXvzUL_qKT77y6re9r8045vyyyZ0Okte4TnTsqIX0k=&xsec_source=pc_search&source=web_explore_feed,5df74d1b00000000010029b4,2023-10-19,https://www.xiaohongshu.com/user/profile/5df74d1b00000000010029b4?xsec_token=ABjfg_RBmZfSqaR52eWsURAc19geMf5eLQ50G1j9tbwHk=&xsec_source=pc_note,hg扣货
小猫露露,无标题,276,156,11,图文,https://www.xiaohongshu.com/explore/684d1f8a000000002100efc6?xsec_token=ABaiuVHKoruLvuhuENOjCFO514_yZfs1Fe6JARtFOdlRw=&xsec_source=pc_search&source=web_explore_feed,5ffc66d4000000000100117d,06-14,https://www.xiaohongshu.com/user/profile/5ffc66d4000000000100117d?xsec_token=ABtDYNnNmUJhjNttX02HjXGy1BEDOTOHfNwVBmOtqlfow=&xsec_source=pc_note,hg扣货
不纯不纯,HG GTO 高机动型扎古II 黑色三连星,17,0,4,图文,https://www.xiaohongshu.com/explore/688db3ee00000000250283ee?xsec_token=ABYic-ax0CLc1ImEfoaXWPLs1hRLtgv6DXggqgdS7l7tQ=&xsec_source=pc_search&source=web_explore_feed,5d31508f00000000100213a8,08-02,https://www.xiaohongshu.com/user/profile/5d31508f00000000100213a8?xsec_token=AB0ZQEMApRHzIYD-3CLH8Ukw75eUax9Zcp1lmzjdIh0Xo=&xsec_source=pc_note,hg扣货
CC000,无标题,0,0,0,图文,https://www.xiaohongshu.com/explore/68a29aaa000000001d028f49?xsec_token=ABanOXQ1BMHWyM5V9nxpgpkNKYes7fGFpxSOansHrMGLk=&xsec_source=pc_search&source=web_explore_feed,62ca7e13000000000303c3c8,08-18,https://www.xiaohongshu.com/user/profile/62ca7e13000000000303c3c8?xsec_token=ABwDLS3IwSVJscFDTmMccelIDcwxc1SdSFKyM7jNZH0Sw=&xsec_source=pc_note,hg扣货
uncle成ง´O｀ ง,PB GTO HG 吉姆拦截型 FB装备,24,1,3,图文,https://www.xiaohongshu.com/explore/6878b575000000000d026097?xsec_token=ABPneUOHvUH8r8u41AyPFTMH3josdFFi18JN4qBB12yyU=&xsec_source=pc_search&source=web_explore_feed,5cc9d480000000001002ad96,07-17,https://www.xiaohongshu.com/user/profile/5cc9d480000000001002ad96?xsec_token=ABL6mLgqN3Lb0wP98aS7vxGp4Kd6Pa-kSaEbYYzpkhhbA=&xsec_source=pc_note,hg扣货
207,復仇安魂曲-無識別型渣古,3,0,0,图文,https://www.xiaohongshu.com/explore/67f31613000000001c02e57a?xsec_token=AB-LG1mc-UeRyStq6Z2d1tkKbVwTNS9HC3kRsX76Z5Ses=&xsec_source=pc_search&source=web_explore_feed,6439008a000000000e01f0c4,04-07,https://www.xiaohongshu.com/user/profile/6439008a000000000e01f0c4?xsec_token=ABN-iPvhMs0C-ZqPCGOrIpnZAXSipq_4gvjLovpz2D9f8=&xsec_source=pc_note,hg扣货
Khalil,HG_GQ红高达素组制作进度（腿部）,9,5,1,图文,https://www.xiaohongshu.com/explore/687e59800000000020018ea4?xsec_token=ABw-eX8k_RAinWhrt_qGyQy0lbabcwI7W0QNGyattROX0=&xsec_source=pc_search&source=web_explore_feed,6369c61c000000001f01b6f0,07-21,https://www.xiaohongshu.com/user/profile/6369c61c000000001f01b6f0?xsec_token=ABMeVV4x7aAJnn9sZuJW_SNOM5ZNczsewbCvRpJPV8Ohg=&xsec_source=pc_note,hg扣货
