﻿昵称,标题,点赞数,评论数,收藏数,类型,笔记链接,UID,发布日期,主页链接,搜索词语
百航进出口货运代理,EMS个人货物被海关扣了，要求正式报关,1,0,0,图文,https://www.xiaohongshu.com/explore/674fa17e0000000002028837?xsec_token=ABuQQgT2Kgj4VNSAipA_utoNAHamTAqr3N_kBYGOL-Ogg=&xsec_source=pc_search&source=web_explore_feed,61b81a360000000010009d8d,2024-12-04,https://www.xiaohongshu.com/user/profile/61b81a360000000010009d8d?xsec_token=ABcNVdmAcN_leXDs89OPuzJIZw07rlKOQuyG-5t-9yu20=&xsec_source=pc_note,报关扣货
一大桶半灌水,国际邮件被海关扣住❓  3⃣️步快速解决,68,6,44,图文,https://www.xiaohongshu.com/explore/67284ee1000000003c01c397?xsec_token=ABsQO7PoOF0HxSM8SfpKBBLfoY1j7hCc-ffmTJV8PwxFM=&xsec_source=pc_search&source=web_explore_feed,62e3f7580000000015015e92,2024-11-04,https://www.xiaohongshu.com/user/profile/62e3f7580000000015015e92?xsec_token=AB04hh6782c2kmTm4zBCwqKA-O_-DU0iLOwHvDsuzOS_M=&xsec_source=pc_note,报关扣货
高效王奥律师,【如何应对】货物被扣了怎么办？,9,0,3,图文,https://www.xiaohongshu.com/explore/6710c1d8000000001b012b29?xsec_token=ABMEJKC9Nz5bHruCX1xXlxLvlRcO-c8C1EyzEf_PPscP4=&xsec_source=pc_search&source=web_explore_feed,5a10eb76e8ac2b0c704eda57,2024-10-17,https://www.xiaohongshu.com/user/profile/5a10eb76e8ac2b0c704eda57?xsec_token=ABLoOnX4aAf2A9Lv91jNhRd5V9mkqwM9EXnqLf0ia5JTA=&xsec_source=pc_note,报关扣货
Gray Wolf Enterprise,货物被扣查怎么办？实用清关指南,5,0,1,图文,https://www.xiaohongshu.com/explore/66f2f82f000000002a0306b3?xsec_token=ABJnE5TG1G6oF4guZbkmXYEkZJv59C1jXkNjFdLVSj9ZM=&xsec_source=pc_search&source=web_explore_feed,6425df47000000001201073a,2024-09-25,https://www.xiaohongshu.com/user/profile/6425df47000000001201073a?xsec_token=ABlwc_mS-fJpc_-zziYSZ2dYLxXqNINSsEzKq8llEqOpE=&xsec_source=pc_note,报关扣货
请叫我好贱。,ems快递货物被扣如何进行清关 ems快递清关,1,0,1,图文,https://www.xiaohongshu.com/explore/664d9c1b000000001601349d?xsec_token=AB18pl9QIDH3gBdgaHlHtMSgq_LQY8Xo_Vrk3nmW_hIxc=&xsec_source=pc_search&source=web_explore_feed,5aebaa7ce8ac2b701549265a,2024-05-22,https://www.xiaohongshu.com/user/profile/5aebaa7ce8ac2b701549265a?xsec_token=ABpiZv3QcbEKyqPMolQ0eCz_kVmf_WZO3VMuZAVN77nfw=&xsec_source=pc_note,报关扣货
Coco Zhou,海关扣货，运费超过预期金额两倍，但很暖,27,11,7,图文,https://www.xiaohongshu.com/explore/663e40de000000001e03aa22?xsec_token=ABnhsNui50JbpIWdDizg1MDJZSEoc37esujlcnJldFxyE=&xsec_source=pc_search&source=web_explore_feed,635797250000000018028b2b,2024-05-10,https://www.xiaohongshu.com/user/profile/635797250000000018028b2b?xsec_token=ABaidCrdIEYo3qOZNWAPRFO_QhC0xRaIRoscoXAdhbVYs=&xsec_source=pc_note,报关扣货
中航货运代理服务部,被海关扣货后的处理方法‼️,30,6,9,图文,https://www.xiaohongshu.com/explore/65feae0700000000140065ac?xsec_token=ABDpjCpUhqkATVPPB5dIedvfL3aEvAcYDILoB650A0OsI=&xsec_source=pc_search&source=web_explore_feed,630e0843000000000f00660b,2024-04-19,https://www.xiaohongshu.com/user/profile/630e0843000000000f00660b?xsec_token=ABTAQJ_6oLw_Vd-owyzUO7eHXGFGi4QX5mZOqHzOpn6ww=&xsec_source=pc_note,报关扣货
小怡Seyi,收到短信包裹被扣关 可以试试这个方法✔,633,130,746,图文,https://www.xiaohongshu.com/explore/660c2c62000000001b01132e?xsec_token=AB7P0bnYLSVfMSQIKvF40cPIqqVFIucDQgazQYDv5VRbc=&xsec_source=pc_search&source=web_explore_feed,5ff9b4fc000000000100715a,2024-04-10,https://www.xiaohongshu.com/user/profile/5ff9b4fc000000000100715a?xsec_token=ABOw1kIjh_2Fpk69lkNRipWYsHkNZVBBYrKVz1WT5Jx2Y=&xsec_source=pc_note,报关扣货
报关的靓仔,🚚EMS快递进口被扣关？别怕，教你报关,305,106,236,图文,https://www.xiaohongshu.com/explore/65ee6f780000000012021d95?xsec_token=ABEaxnCfLAlyuE5TbDdwRWBZrLaTCRePm66jtvrFXGOJw=&xsec_source=pc_search&source=web_explore_feed,61b850ec0000000010007124,2024-03-11,https://www.xiaohongshu.com/user/profile/61b850ec0000000010007124?xsec_token=ABcNVdmAcN_leXDs89OPuzJIEwVxEkpgynVWgglQGtp6I=&xsec_source=pc_note,报关扣货
PandaEU快递集运转运,第一次海淘转运就被扣了？丝滑清关攻略分享,44,3,22,图文,https://www.xiaohongshu.com/explore/65b36cd9000000001100923d?xsec_token=ABchVYKSsNSsHe5qDevZxT3SucLWyQ09M6TaW03uFnhPo=&xsec_source=pc_search&source=web_explore_feed,6011072e0000000001003445,2024-02-02,https://www.xiaohongshu.com/user/profile/6011072e0000000001003445?xsec_token=AB-DLOUkhvcrv3uO3W6XQqOTBGo-4gvdXKqJHXbdapF30=&xsec_source=pc_note,报关扣货
集诚-易贸邦#进出口,EMS扣货清关流程分享,95,21,82,图文,https://www.xiaohongshu.com/explore/6597582200000000110333e4?xsec_token=AB7jXezTTDiWQZIx1PW5JMJTbBHTa4NyOJFLsp8RolvAc=&xsec_source=pc_search&source=web_explore_feed,64f1a1880000000006033197,2024-01-05,https://www.xiaohongshu.com/user/profile/64f1a1880000000006033197?xsec_token=ABSKHmJk3AnbSFzOnvGWAf09hoGRpIHeGL6jhfHZG7nQc=&xsec_source=pc_note,报关扣货
邮洋集运代理,被海关没收的物品最后都去哪里了❓,9,0,8,图文,https://www.xiaohongshu.com/explore/65784e5300000000050393c8?xsec_token=ABgmFg6zyhoGW2L99cvuveBgb529Ovncmlr05-Moz_97Q=&xsec_source=pc_search&source=web_explore_feed,64d4fb140000000001012b53,2023-12-12,https://www.xiaohongshu.com/user/profile/64d4fb140000000001012b53?xsec_token=ABU4S0E50SgJNyetBdHKaNo8Z9z9W7Wwtetkn2wZgrFD0=&xsec_source=pc_note,报关扣货
陽辉,被海关扣货，处理方法,142,319,65,图文,https://www.xiaohongshu.com/explore/6554a4f9000000003103c209?xsec_token=ABcICLw6ryi5zqMlmVPFE5GLa47CEIz-OYgdZn5GV1qQE=&xsec_source=pc_search&source=web_explore_feed,6375991f000000001f015a5c,2023-11-15,https://www.xiaohongshu.com/user/profile/6375991f000000001f015a5c?xsec_token=ABIhG8h-EW4As3i9FtqIE2iITDdHksNC5iscs1khPD_yQ=&xsec_source=pc_note,报关扣货
清关行,如果很不幸的包裹被海关扣了怎么办？,126,344,101,图文,https://www.xiaohongshu.com/explore/653c75ba000000001e0235be?xsec_token=ABiU1cp5VlZrh5Fza9Io38ORfa09y5DKIOTPRiBi2V2Oo=&xsec_source=pc_search&source=web_explore_feed,64391b22000000000e01f2bd,2023-10-28,https://www.xiaohongshu.com/user/profile/64391b22000000000e01f2bd?xsec_token=ABzWpFvbgcaQxhzf_R7kuiZjPEPQXDNo_pBV0xZdl0oaU=&xsec_source=pc_note,报关扣货
EMB进口小助手,中国邮政被海关扣了怎么办？？,129,196,92,图文,https://www.xiaohongshu.com/explore/653799a100000000200027e9?xsec_token=AB59p8mAzd1gkR4b3IGnqkwtjz7pmwUc1u7lIVSRvl3qs=&xsec_source=pc_search&source=web_explore_feed,63fce3c40000000014010380,2023-10-25,https://www.xiaohongshu.com/user/profile/63fce3c40000000014010380?xsec_token=ABJp3T_JCdka8gErpWdCMHTzvQDaXqCpc5gjYGbfQYxJo=&xsec_source=pc_note,报关扣货
旅桥国际物流,集运扣关几率,15,4,4,图文,https://www.xiaohongshu.com/explore/63778cb2000000002301e53a?xsec_token=ABcTvGTLWK4ksWm9uBzP61zEFZyc73eVKmFyMFzba8Tr8=&xsec_source=pc_search&source=web_explore_feed,567d2612a40e18664d64191f,2022-11-18,https://www.xiaohongshu.com/user/profile/567d2612a40e18664d64191f?xsec_token=ABoCX8pyDdOv4JaKR8CXJ86Lj5Rp4TWW-DEuykKaNpJ6I=&xsec_source=pc_note,报关扣货
葵通供应链,国内奶茶火锅料海运加拿大攻略双清包税到门,0,0,0,图文,https://www.xiaohongshu.com/explore/68b69b91000000001c03482b?xsec_token=AB9NsV8iGMjByRdHPuthQ0IXOU3YCTLAMOf8-Od61OflM=&xsec_source=pc_search&source=web_explore_feed,67ea8c04000000000e01d5df,10分钟前,https://www.xiaohongshu.com/user/profile/67ea8c04000000000e01d5df?xsec_token=ABH4xh3X6lHbJWeLtQht4_OhkB6kk6cQyfdX1zq8PrUZ8=&xsec_source=pc_note,报关扣货
龙辕供应链（货代）,运动器材需求在美国持续提升|外贸老板速看,0,0,0,图文,https://www.xiaohongshu.com/explore/68b69803000000001c03c811?xsec_token=AB9NsV8iGMjByRdHPuthQ0IdqBPziwCEB5ggny7E64dUA=&xsec_source=pc_search&source=web_explore_feed,66012f3e000000000b00e33a,25分钟前,https://www.xiaohongshu.com/user/profile/66012f3e000000000b00e33a?xsec_token=ABiduXczM4YaZPhWgBpxosrd8exiaZ2xcaAz4hv7wOQfg=&xsec_source=pc_note,报关扣货
在报关的小王,毛绒玩偶进口报关/清关代理公司,0,0,0,图文,https://www.xiaohongshu.com/explore/68b69175000000001b033d3d?xsec_token=AB9NsV8iGMjByRdHPuthQ0IWTG3tvf0lgydgiTVe5RgVQ=&xsec_source=pc_search&source=web_explore_feed,662787080000000003030531,53分钟前,https://www.xiaohongshu.com/user/profile/662787080000000003030531?xsec_token=AB0QNIHBPAUHNnKa00e3ALa15OSPNf8uE5UhI2I0Mw2vE=&xsec_source=pc_note,报关扣货
中日专线物流-可可,找日本货代，能帮一个是一个,5,4,0,图文,https://www.xiaohongshu.com/explore/68b662a6000000001d011186?xsec_token=AB9NsV8iGMjByRdHPuthQ0IXU0CqFgH4O1dpGQUGn66og=&xsec_source=pc_search&source=web_explore_feed,6881f3af000000001d00bc45,4小时前,https://www.xiaohongshu.com/user/profile/6881f3af000000001d00bc45?xsec_token=AB8cSNn7NcAZZaNECnkNvonugZUOVrV3ppO3DiglnyLtM=&xsec_source=pc_note,报关扣货
浙江三得供应链,【哥伦比亚专线 - 双清包税到门】,1,0,1,图文,https://www.xiaohongshu.com/explore/68b6600e000000001c032656?xsec_token=AB9NsV8iGMjByRdHPuthQ0IUK0c9-OZtZN7Rc_KdAztwE=&xsec_source=pc_search&source=web_explore_feed,62d93d5c000000000303fb65,4小时前,https://www.xiaohongshu.com/user/profile/62d93d5c000000000303fb65?xsec_token=ABTav41homFv8j5Tk0lCnAWcD8Pq_At-XkU2uEfLTlzJw=&xsec_source=pc_note,报关扣货
件来货运,超赞‼️月饼邮寄国外20kg =68rmb 三天达⁉️,0,7,0,图文,https://www.xiaohongshu.com/explore/68b65e14000000001d013743?xsec_token=AB9NsV8iGMjByRdHPuthQ0IedU1Q_T8ovXOBnyjfdS0xo=&xsec_source=pc_search&source=web_explore_feed,64587206000000002a00a40b,4小时前,https://www.xiaohongshu.com/user/profile/64587206000000002a00a40b?xsec_token=ABS19g_g-O9OZ_txxvrdEa94UQlzfVl32iyKH_wN5D39Q=&xsec_source=pc_note,报关扣货
Joyce,🌟【深圳-牙买加专线】直达金斯敦+罗亚尔港！,0,0,0,图文,https://www.xiaohongshu.com/explore/68b65d05000000001c004ee6?xsec_token=AB9NsV8iGMjByRdHPuthQ0IQm7UQHpAyfepIy5XP_-e0Q=&xsec_source=pc_search&source=web_explore_feed,5e77baf0000000000100069d,4小时前,https://www.xiaohongshu.com/user/profile/5e77baf0000000000100069d?xsec_token=ABPAB-lVGDH7huUXnb-f85OttWuyajFhV_L7mcVv-1EVk=&xsec_source=pc_note,报关扣货
葵通物流供应链,📦海运家具到澳洲全攻略｜省下 10W 旅游,0,0,0,图文,https://www.xiaohongshu.com/explore/68b65982000000001b03e1c6?xsec_token=AB9NsV8iGMjByRdHPuthQ0IaZcxfLHKUT3QhvFx3QNhMY=&xsec_source=pc_search&source=web_explore_feed,68479447000000001e023a04,4小时前,https://www.xiaohongshu.com/user/profile/68479447000000001e023a04?xsec_token=ABWH0wLjhbGB3TxhHwKPrwpO_K3yWIjZ45aRp0h4JjvEU=&xsec_source=pc_note,报关扣货
递四方 4PX物流,跨境地震🚨！UPS/FedEx涨价+美国海关收紧,1,0,0,图文,https://www.xiaohongshu.com/explore/68b6586a000000001d005b5d?xsec_token=AB9NsV8iGMjByRdHPuthQ0IS--loHTtt3ANC7NBZua7vU=&xsec_source=pc_search&source=web_explore_feed,686b6682000000001e03de8f,4小时前,https://www.xiaohongshu.com/user/profile/686b6682000000001e03de8f?xsec_token=ABzPN5p5n1JYX2NQWzo3eFLFx1fdqXg4T_y8dB_Mup-KU=&xsec_source=pc_note,报关扣货
海关申报,ups清关避坑指南,0,0,0,图文,https://www.xiaohongshu.com/explore/68b64b9e000000001c013a7a?xsec_token=AB9NsV8iGMjByRdHPuthQ0Id1yFDv3Pn2ilxARC6XafBA=&xsec_source=pc_search&source=web_explore_feed,67ad9bb1000000000e010d63,5小时前,https://www.xiaohongshu.com/user/profile/67ad9bb1000000000e010d63?xsec_token=ABl3gBOG4M8vddA1VjEWXa-1BP1lPupMhyesId52sJmYA=&xsec_source=pc_note,报关扣货
进口关务Katrina,【进口案例分享】干椰枣进口需要哪些资料？,1,0,0,图文,https://www.xiaohongshu.com/explore/68b598b2000000001b034670?xsec_token=ABN1Kuemjajngejxj1i70xmtnz4e8OmymEipeqDdwILbU=&xsec_source=pc_search&source=web_explore_feed,5f4882780000000001003f3c,昨天 20:59,https://www.xiaohongshu.com/user/profile/5f4882780000000001003f3c?xsec_token=ABPRFpdD8CwuIeiX5OGKW-ysUV_ldjbEU3ImPdcMmBe8c=&xsec_source=pc_note,报关扣货
雁凡少女,集运有坑，转运前先来瞅瞅瞅瞅瞅瞅瞅瞅,0,0,0,图文,https://www.xiaohongshu.com/explore/68b5684b000000001b01f941?xsec_token=ABN1Kuemjajngejxj1i70xmujeglkxGLmT9-aXaeQMHFQ=&xsec_source=pc_search&source=web_explore_feed,64b2cb5e000000001c029b40,昨天 17:32,https://www.xiaohongshu.com/user/profile/64b2cb5e000000001c029b40?xsec_token=ABNpEQiPLwZci8seSVZvVkorv2y2yy-BiyE-gXQlHIgRA=&xsec_source=pc_note,报关扣货
浪盈国际物流,加拿大敏感货专线🇨🇦通关无忧直送家门,0,0,0,图文,https://www.xiaohongshu.com/explore/68b567f9000000001d0058db?xsec_token=ABN1Kuemjajngejxj1i70xmnvEdcpKchaFCO8W7vvFJlg=&xsec_source=pc_search&source=web_explore_feed,67496ad0000000001d02d626,昨天 17:31,https://www.xiaohongshu.com/user/profile/67496ad0000000001d02d626?xsec_token=ABY83Ito18lNevJ-XayaVk7i8Zh_FdMvqafMgJZy03HUk=&xsec_source=pc_note,报关扣货
-全洲国际集运-,无标题,2,0,2,图文,https://www.xiaohongshu.com/explore/68b55fde000000001d03966e?xsec_token=ABN1Kuemjajngejxj1i70xmr4tb9bhlw48JKG54g8JxpY=&xsec_source=pc_search&source=web_explore_feed,60fcec8600000000010056fb,昨天 23:02,https://www.xiaohongshu.com/user/profile/60fcec8600000000010056fb?xsec_token=AB1B17K3zjuFfBRtOEVRukNVVcrpn5sa3i973dR4awfHY=&xsec_source=pc_note,报关扣货
绝尘集运,吐血整理❗多肉邮寄美国全攻略,0,0,0,图文,https://www.xiaohongshu.com/explore/68b55d91000000001d00a948?xsec_token=ABN1Kuemjajngejxj1i70xmqNp-ZO3f5KV2ROq-AIZeIg=&xsec_source=pc_search&source=web_explore_feed,67a471aa000000000d008775,昨天 20:02,https://www.xiaohongshu.com/user/profile/67a471aa000000000d008775?xsec_token=ABy7XHn5_qweZv_097R1tNbHkDVQaDCEpEqSX2cs7jvGY=&xsec_source=pc_note,报关扣货
我是麦麦,双清包税，合规吗,0,1,0,图文,https://www.xiaohongshu.com/explore/68b55879000000001d028c6f?xsec_token=ABN1Kuemjajngejxj1i70xmgmtRERS4uwFCA9KdOIkiPY=&xsec_source=pc_search&source=web_explore_feed,67d27ab7000000000e012020,昨天 18:08,https://www.xiaohongshu.com/user/profile/67d27ab7000000000e012020?xsec_token=ABkZHpcupCPEshE3slCeeZxyIIOPlibWJ_sr-wdv97uNc=&xsec_source=pc_note,报关扣货
中东国际货运Troye,ebike专线清关,0,0,0,图文,https://www.xiaohongshu.com/explore/68b55470000000001d006386?xsec_token=ABN1Kuemjajngejxj1i70xms2F5w7T3Fu-kzQ7w7MdQEE=&xsec_source=pc_search&source=web_explore_feed,67039b47000000001d020f29,昨天 16:08,https://www.xiaohongshu.com/user/profile/67039b47000000001d020f29?xsec_token=ABkBQm4wFjXFcyDYwPPiTkQoKpzLDP3rHd1OWaNgkrcD0=&xsec_source=pc_note,报关扣货
永泰货运保险,🚢货运险｜运输路上的“安全锁”,0,0,0,图文,https://www.xiaohongshu.com/explore/68b53a39000000001b03ee52?xsec_token=ABN1Kuemjajngejxj1i70xmhDEA3kN6Ud3cPLr8LfNe5s=&xsec_source=pc_search&source=web_explore_feed,557fcfd49a5fe30cb5bf668f,1天前,https://www.xiaohongshu.com/user/profile/557fcfd49a5fe30cb5bf668f?xsec_token=ABrqXrdzG7m01g_Ss6BRf2htIeZ9s1oCxVPGznnaVKZrE=&xsec_source=pc_note,报关扣货
D. one外贸说,外贸SOHO花了半年的试错经验，巨避坑,9,0,17,图文,https://www.xiaohongshu.com/explore/68b526fc000000001d0131ee?xsec_token=ABN1Kuemjajngejxj1i70xmi-GrnLNvTU8DRRzqFUhQWU=&xsec_source=pc_search&source=web_explore_feed,5940df7950c4b40d222ab656,昨天 21:31,https://www.xiaohongshu.com/user/profile/5940df7950c4b40d222ab656?xsec_token=ABHZXsGpS-lCnv5pX7cDMr32dXeUKoD8-amSRhKFUlqjE=&xsec_source=pc_note,报关扣货
澳洲专线澳辰谢霆锋,🚗500字详解：汽车配件怎么顺利寄到澳洲,0,0,0,图文,https://www.xiaohongshu.com/explore/68b50471000000001c032255?xsec_token=ABN1Kuemjajngejxj1i70xmqK0w3E50FPxFw8UoTk-0OY=&xsec_source=pc_search&source=web_explore_feed,639453570000000027035d2a,1天前,https://www.xiaohongshu.com/user/profile/639453570000000027035d2a?xsec_token=ABcz24FsmH6lNn7GzwmRgjs6-L80KJesFiHM7V14UtKJ4=&xsec_source=pc_note,报关扣货
俄罗斯专线Besty,俄罗斯双清包税物流超详细解析！,0,0,0,图文,https://www.xiaohongshu.com/explore/68b4faf2000000001c00965e?xsec_token=ABZUHv2vsbOlWtD0GOL1pk8rR519K7XOCzZXtMujtPjyI=&xsec_source=pc_search&source=web_explore_feed,65bbb1d5000000000d03c3fc,1天前,https://www.xiaohongshu.com/user/profile/65bbb1d5000000000d03c3fc?xsec_token=ABGl8Xxk6IeX3xwSWWg5tXp3MtIgBut9F7gxRgARAR9Lo=&xsec_source=pc_note,报关扣货
皓轩,🇬🇧英国寄中国攻略，纯干货不踩雷❗,0,0,0,图文,https://www.xiaohongshu.com/explore/68b4f4ef000000001c00f5ab?xsec_token=ABZUHv2vsbOlWtD0GOL1pk8mkSFW5MN4Oevm5gJQsUfJA=&xsec_source=pc_search&source=web_explore_feed,6737442c000000001c019868,1天前,https://www.xiaohongshu.com/user/profile/6737442c000000001c019868?xsec_token=ABt5t5vwPJtD51fIHP66raHnKs0c0wh4HKaPk6pyzYXAM=&xsec_source=pc_note,报关扣货
彩虹芸丫,外贸单证实务·备货报关保险·制单退税全流,0,0,0,图文,https://www.xiaohongshu.com/explore/68b49884000000001b03c15d?xsec_token=ABZUHv2vsbOlWtD0GOL1pk8lvZMq9ju5WwGFsuRaTVEfE=&xsec_source=pc_search&source=web_explore_feed,6857f16d000000001e002819,1天前,https://www.xiaohongshu.com/user/profile/6857f16d000000001e002819?xsec_token=ABj5ITy4Lu7xDTedjxAnLmbkJlbVCiveHHjmXip1jeZog=&xsec_source=pc_note,报关扣货
港中搬运线,【乐高收藏家】高值玩具清关秘籍,1,0,0,图文,https://www.xiaohongshu.com/explore/68b3fd5b000000001c010192?xsec_token=ABpbhNoxUhsceBXm1uQ8RcvWsuqNH0oD-ufTI5zNsczP8=&xsec_source=pc_search&source=web_explore_feed,5e0091af0000000001001b40,1天前,https://www.xiaohongshu.com/user/profile/5e0091af0000000001001b40?xsec_token=ABajEpmrSSAMAvgxgoUnJawlGiP_ZPUYbzfOI2GZQ_DRQ=&xsec_source=pc_note,报关扣货
Luky,锰矿进口清关必看！超全注意事项来啦！,2,0,2,图文,https://www.xiaohongshu.com/explore/68b3baca000000001d01d93f?xsec_token=ABpbhNoxUhsceBXm1uQ8RcvQ8qlUoU_BSk9dgzLpwIXi0=&xsec_source=pc_search&source=web_explore_feed,66efe8d5000000001d032126,2天前,https://www.xiaohongshu.com/user/profile/66efe8d5000000001d032126?xsec_token=ABmDNz6Fa2Nzcb9RfuhE0clhPz5vx4BUyY3RBEKGHJV8M=&xsec_source=pc_note,报关扣货
乐行墨西哥专线物流,墨西哥清关费要加钱？直航出大问题啦,1,0,0,图文,https://www.xiaohongshu.com/explore/68b29716000000001b01eae6?xsec_token=ABeMnUPhJSwenkem4mpEI4wpyHvifLDGPFOKfuOaSirFA=&xsec_source=pc_search&source=web_explore_feed,68902d57000000002900a31a,3天前,https://www.xiaohongshu.com/user/profile/68902d57000000002900a31a?xsec_token=AB0x5KTheY5Oy5vRbb91z9brYb1mvQxOtBAkoTin5mTeM=&xsec_source=pc_note,报关扣货
兔先生国际物流有限公司,🏣如何选择菲律宾物流！,1,0,0,图文,https://www.xiaohongshu.com/explore/68b2737a000000001c0365c0?xsec_token=ABeMnUPhJSwenkem4mpEI4wuBw_xZXpx_62RBUP4nYC8A=&xsec_source=pc_search&source=web_explore_feed,626904bf0000000021029bdc,3天前,https://www.xiaohongshu.com/user/profile/626904bf0000000021029bdc?xsec_token=ABn09Rbg84rCZq4zbbU1gvUEKGNEfe35REPSNIw27A0MQ=&xsec_source=pc_note,报关扣货
Moni（欧英美加澳 南美香水敏感货）,奥地利专线双清物流看过来！双清包税门到门,2,3,0,图文,https://www.xiaohongshu.com/explore/68b1ac3d000000001d029eac?xsec_token=ABof3omilal_w30pkrQ1MI7cgGMBkBzV1C0Py-Xb7I--M=&xsec_source=pc_search&source=web_explore_feed,688891b70000000028007fe5,3天前,https://www.xiaohongshu.com/user/profile/688891b70000000028007fe5?xsec_token=ABZeMNGantMf1EwszCtQzK8bmEicyGFO7zjxI0ZF5dTRE=&xsec_source=pc_note,报关扣货
清关之道,🔥闪电清关！0扣货秘籍大公开🔥,2,0,0,图文,https://www.xiaohongshu.com/explore/68b16a0a000000001d01cd48?xsec_token=ABof3omilal_w30pkrQ1MI7Vc7cXRm3FiBX5JFekSFpHI=&xsec_source=pc_search&source=web_explore_feed,5e3fc62000000000010011ca,3天前,https://www.xiaohongshu.com/user/profile/5e3fc62000000000010011ca?xsec_token=ABXzahUQRjt3aVp5AC4cVbj9PQl3xNa7xu8GuEcKVgefg=&xsec_source=pc_note,报关扣货
国际物流通天代,💣警惕！集运低价背后的真相！,0,0,0,图文,https://www.xiaohongshu.com/explore/68b15e81000000001d02bedf?xsec_token=ABof3omilal_w30pkrQ1MI7S1rfy1pFHq03UmwR-eDcDQ=&xsec_source=pc_search&source=web_explore_feed,67fccd2d000000000d009bc5,3天前,https://www.xiaohongshu.com/user/profile/67fccd2d000000000d009bc5?xsec_token=ABR3GMmErpwW1cUT-gaCsEh4qd69TLjLnLOaLfTQphXKE=&xsec_source=pc_note,报关扣货
佰事达中东货运代理Wayne,无标题,1,1,0,图文,https://www.xiaohongshu.com/explore/68b15c0d000000001c03d815?xsec_token=ABof3omilal_w30pkrQ1MI7XkrO6wh1MZzGUS1StmPaKk=&xsec_source=pc_search&source=web_explore_feed,6637ac4d0000000007005916,3天前,https://www.xiaohongshu.com/user/profile/6637ac4d0000000007005916?xsec_token=ABUeDZQKpwg5CvVGrK8P7XLepcceTc_qyskgVEx3RvRXY=&xsec_source=pc_note,报关扣货
准时达大件搬家物流,宁波家具海运丹麦21/kg上门取件派送到家,0,5,0,图文,https://www.xiaohongshu.com/explore/68b10724000000001b030ea2?xsec_token=ABof3omilal_w30pkrQ1MI7bt-DBozYg-m5mw00KsG0nI=&xsec_source=pc_search&source=web_explore_feed,6819e6b6000000000e01f52b,4天前,https://www.xiaohongshu.com/user/profile/6819e6b6000000000e01f52b?xsec_token=ABjMR9yWigTcFnL9NYV3Wh2vIz11KrunfC0r0ahu7foEI=&xsec_source=pc_note,报关扣货
了不起的物流商,DHL快递被扣关了怎么办,0,0,0,图文,https://www.xiaohongshu.com/explore/68b07d81000000001c01387b?xsec_token=ABbe5GdyTn1E0k95ipiSAkixsGNyo2eR_1WDJmQKfrrBY=&xsec_source=pc_search&source=web_explore_feed,61bc09d400000000100042f9,4天前,https://www.xiaohongshu.com/user/profile/61bc09d400000000100042f9?xsec_token=AB2dCnPT2DXYd2LRPuhGoaSlNu3J5Iixq-XDCvXtL0ahA=&xsec_source=pc_note,报关扣货
我不是报关天才吗！,人怎么能捅这么大篓子,6,11,7,图文,https://www.xiaohongshu.com/explore/68b01c6b000000001c031715?xsec_token=ABbe5GdyTn1E0k95ipiSAkiwVuDOQtc_LoFRExIodS8EM=&xsec_source=pc_search&source=web_explore_feed,567a8ee382718c23a6bcf6c7,4天前,https://www.xiaohongshu.com/user/profile/567a8ee382718c23a6bcf6c7?xsec_token=AB29V7kwSaaa6I5_QWXr5tT4nWd74qcfpqDCKK1A4MtUo=&xsec_source=pc_note,报关扣货
小虎,震惊！美森查验疯涨，10 月买单报关凉凉,3,2,2,图文,https://www.xiaohongshu.com/explore/68afb4f9000000001d0259df?xsec_token=ABpk43BAe1w6vffyCgI6c-MCc3fnt-mUnTkrPOKdSn3YI=&xsec_source=pc_search&source=web_explore_feed,638eed93000000001f01732f,5天前,https://www.xiaohongshu.com/user/profile/638eed93000000001f01732f?xsec_token=ABfgm1Edz8EoTVWSEBZBDzpXVDykfZdEAcYXe0AQl01_Q=&xsec_source=pc_note,报关扣货
WileyDouglas,集运物品分类｜3类分清，不踩清关坑,3,0,2,图文,https://www.xiaohongshu.com/explore/68aec0b5000000001d01cf87?xsec_token=ABLyUzwdhVQa1pwYsSUZzaC7eR_n31y0jNI45Jo5oVXSw=&xsec_source=pc_search&source=web_explore_feed,63e8bfce000000002600581f,5天前,https://www.xiaohongshu.com/user/profile/63e8bfce000000002600581f?xsec_token=ABAqjIwnf8TUsszVQ5MAhQeaTFCrEtcQjzgbJLsqVz72k=&xsec_source=pc_note,报关扣货
全球通,🚢 中科海运专线科普｜发大件到科威特,0,0,0,图文,https://www.xiaohongshu.com/explore/68adbc05000000001d01cfb5?xsec_token=ABveHJdP9nCQz5Z5M2zhyg9J__6WLnDi0j8j-5qKmnHB0=&xsec_source=pc_search&source=web_explore_feed,6024039e000000000100ba75,6天前,https://www.xiaohongshu.com/user/profile/6024039e000000000100ba75?xsec_token=ABGVcr4mnHrFRbOQw35Wkq3WbxDGzQa3Eu2bqH4zrx4Oc=&xsec_source=pc_note,报关扣货
胡嘻嘻😁,一个专业的清关物流公司能帮你做什么？,0,0,0,图文,https://www.xiaohongshu.com/explore/68ad28aa000000001c007f78?xsec_token=ABveHJdP9nCQz5Z5M2zhyg9LujqCzif7eFXRX84fZrLaU=&xsec_source=pc_search&source=web_explore_feed,5cbd6d100000000017003e95,08-26,https://www.xiaohongshu.com/user/profile/5cbd6d100000000017003e95?xsec_token=ABpXWj3S6poxka-mEYrJ8DbLMMEeRb0JUxu3lIlXUdUq4=&xsec_source=pc_note,报关扣货
小红薯68A5E1C0,DHL扣关处理超全攻略 ！不然真的会很亏！,2,0,0,图文,https://www.xiaohongshu.com/explore/68ad1547000000001d025146?xsec_token=ABveHJdP9nCQz5Z5M2zhyg9GcqpZVEhv6HnEkQpy5GwYE=&xsec_source=pc_search&source=web_explore_feed,68a4110b0000000019013ddb,08-26,https://www.xiaohongshu.com/user/profile/68a4110b0000000019013ddb?xsec_token=ABBHCRXi3V4CiFpfl_53wh_-f72LrA9EfN3ht0F5VoQQw=&xsec_source=pc_note,报关扣货
进口关务Katrina,胖大海进口清关代理,0,0,0,图文,https://www.xiaohongshu.com/explore/68ac61bb000000001c006a76?xsec_token=ABX6x4QyJY9vtk6IjuUKGPl-0n-Zc_c8ajdwlu3zaQaiI=&xsec_source=pc_search&source=web_explore_feed,5f4882780000000001003f3c,08-25,https://www.xiaohongshu.com/user/profile/5f4882780000000001003f3c?xsec_token=ABPRFpdD8CwuIeiX5OGKW-ysUV_ldjbEU3ImPdcMmBe8c=&xsec_source=pc_note,报关扣货
小红薯68A5E1C0,解决国际快递清关扣关问题,0,0,0,图文,https://www.xiaohongshu.com/explore/68ac574c000000001d01fa4d?xsec_token=ABX6x4QyJY9vtk6IjuUKGPlzTU8oavU1W03y5LnxMqTmU=&xsec_source=pc_search&source=web_explore_feed,68a4110b0000000019013ddb,08-25,https://www.xiaohongshu.com/user/profile/68a4110b0000000019013ddb?xsec_token=ABBHCRXi3V4CiFpfl_53wh_-f72LrA9EfN3ht0F5VoQQw=&xsec_source=pc_note,报关扣货
桃夭O_o,快速通关,0,1,0,图文,https://www.xiaohongshu.com/explore/68ac3b85000000001d012d83?xsec_token=ABX6x4QyJY9vtk6IjuUKGPl1webDQSMrVNbz0ROuI7Mzg=&xsec_source=pc_search&source=web_explore_feed,6339b7700000000018020e18,08-25,https://www.xiaohongshu.com/user/profile/6339b7700000000018020e18?xsec_token=ABSm-6kD6iuGobWZmjI1X5TNCy24IiHcZFdx1iK4klILY=&xsec_source=pc_note,报关扣货
