﻿昵称,标题,点赞数,评论数,收藏数,类型,笔记链接,UID,发布日期,主页链接,搜索词语
墨西哥一手庄Any杨多多,🌙吐血整理！跨境人私藏的美国清关秘籍（,0,0,0,图文,https://www.xiaohongshu.com/explore/68b68ea2000000001c009065?xsec_token=ABX8P12PD9XIb_l_82Bmghaz6d9gdneL3zBYRNqVrYZyc=&xsec_source=pc_search&source=web_explore_feed,660ea20f000000000b00eb51,30分钟前,https://www.xiaohongshu.com/user/profile/660ea20f000000000b00eb51?xsec_token=ABkDaiTHJU_mcQnanBzlwl_EAj90f_A3VwIV00gIrzYIo=&xsec_source=pc_note,报关扣货
葵通物流供应链,海运小白必看这些基础知识帮你避坑看完秒懂,0,0,0,图文,https://www.xiaohongshu.com/explore/68b64c60000000001d005cff?xsec_token=ABX8P12PD9XIb_l_82Bmgha0vt9TO0aOGLSHb7hFyLJpE=&xsec_source=pc_search&source=web_explore_feed,68479447000000001e023a04,5小时前,https://www.xiaohongshu.com/user/profile/68479447000000001e023a04?xsec_token=ABkVKvm51c5LqeFBm6Gskc0lnaKgsJTOfLq9vBI27EH_s=&xsec_source=pc_note,报关扣货
阿里国际站-阿志,无标题,0,0,0,图文,https://www.xiaohongshu.com/explore/68b59dfe000000001c00a55a?xsec_token=AB_mcVRgUuNaX5mNNA3qWDlLT4bvfswC_fSxyreVvyZfc=&xsec_source=pc_search&source=web_explore_feed,67cba5aa000000000e012831,昨天 21:22,https://www.xiaohongshu.com/user/profile/67cba5aa000000000e012831?xsec_token=ABwFSbZg1FAnE6ibPoXhIAG-Ueg7m5KJ7SgeRb4ucSP1s=&xsec_source=pc_note,报关扣货
大胡子MAX,最近海关查验扣货的特别多，来说说啥情况,4,2,1,图文,https://www.xiaohongshu.com/explore/68b58274000000001c0312e7?xsec_token=AB_mcVRgUuNaX5mNNA3qWDlIqbdmDknN73-so4GhTGoJ4=&xsec_source=pc_search&source=web_explore_feed,56381d99e58d13471cf5f573,昨天 19:24,https://www.xiaohongshu.com/user/profile/56381d99e58d13471cf5f573?xsec_token=ABszSmqDTHD581ihAqf2Yf0bpeb7Jm1elDcfz7Pp-q9aU=&xsec_source=pc_note,报关扣货
七大洲国际物流-Bling Xin,海运清关被扣货？亏了 3 万才总结的...😭,1,0,0,图文,https://www.xiaohongshu.com/explore/68b53b6f000000001d026bcd?xsec_token=AB_mcVRgUuNaX5mNNA3qWDlB0N0T32ltRCm3enXKR6SD0=&xsec_source=pc_search&source=web_explore_feed,67ce4f11000000000402ac2b,昨天 17:21,https://www.xiaohongshu.com/user/profile/67ce4f11000000000402ac2b?xsec_token=AB69db7U_VncIdw8oIGgbrk-L0253P2_ZUBQx7hNK0oHw=&xsec_source=pc_note,报关扣货
广州金捷丨国际进出口货运代理,成都天府机场旅检扣货，报关,0,0,0,图文,https://www.xiaohongshu.com/explore/68b50d10000000001d039286?xsec_token=AB_mcVRgUuNaX5mNNA3qWDlIBeU2tnj0brsZ1-NaKXV7U=&xsec_source=pc_search&source=web_explore_feed,61ffd2530000000021023cef,1天前,https://www.xiaohongshu.com/user/profile/61ffd2530000000021023cef?xsec_token=AB0ENTJ3Os0dnoUQJQbafHPHUTjlupjn-wAe5_wSSaiQ0=&xsec_source=pc_note,报关扣货
百航进出口货运代理,早晚知道 EMS包裹快递就不会扣了,4,0,1,图文,https://www.xiaohongshu.com/explore/68b5055f000000001d01fed3?xsec_token=AB_mcVRgUuNaX5mNNA3qWDlEzkS8gKZfy4R1P13lQbTaQ=&xsec_source=pc_search&source=web_explore_feed,61b81a360000000010009d8d,1天前,https://www.xiaohongshu.com/user/profile/61b81a360000000010009d8d?xsec_token=ABRI6mNOgBtle12Obzko98VFnSA1RPrIdvdOv3q-1OJR4=&xsec_source=pc_note,报关扣货
在报关的小王,石英石进口报关/清关代理公司,0,0,0,图文,https://www.xiaohongshu.com/explore/68b50462000000001c005c9e?xsec_token=AB_mcVRgUuNaX5mNNA3qWDlJXg-fxTu-poJ1Vyo8gj8y4=&xsec_source=pc_search&source=web_explore_feed,662787080000000003030531,1天前,https://www.xiaohongshu.com/user/profile/662787080000000003030531?xsec_token=AB_GigcjoDoHeXKMBW8JqDgN7wV6gh5cZfKSgTMs1XFYQ=&xsec_source=pc_note,报关扣货
进出口代理姜姜,上海海关新规，买单报关要注意了,1,0,0,图文,https://www.xiaohongshu.com/explore/68b4ee5b000000001d01d74d?xsec_token=ABAFADr6EKDzI3hM6-k_oaUDtjrAt8h3V3M9ao_IV_79M=&xsec_source=pc_search&source=web_explore_feed,5c932a39000000001000597a,1天前,https://www.xiaohongshu.com/user/profile/5c932a39000000001000597a?xsec_token=ABpOrBd3o5kj18J7_0Qxhvqf9ZtQgIf2LKLeqcWvX7yBk=&xsec_source=pc_note,报关扣货
我不是货代天才吗,无标题,1,0,0,图文,https://www.xiaohongshu.com/explore/68b3f851000000001c00ff23?xsec_token=ABuWCNJV7LnshMwEBTeQq1n5gqk53Z1kjVAdOCg_y75rk=&xsec_source=pc_search&source=web_explore_feed,64edba1c0000000001006ecf,1天前,https://www.xiaohongshu.com/user/profile/64edba1c0000000001006ecf?xsec_token=ABH6zMo9RWVXFAGIUT7HQdKUIoXZ2z9G5j8u6XbS3tqYQ=&xsec_source=pc_note,报关扣货
能让船长开船的货代,无标题,1,3,0,图文,https://www.xiaohongshu.com/explore/68b2ebbf000000001c03cdf4?xsec_token=ABa39G9wrXPPphaiG5YG8mZYJZle-YR1OYkZdsoJure_s=&xsec_source=pc_search&source=web_explore_feed,5d4259de00000000110217c8,2天前,https://www.xiaohongshu.com/user/profile/5d4259de00000000110217c8?xsec_token=AB6agjbZdl9NnQbx8Ze39qRiB7wQV50ELWwExokiMLsr0=&xsec_source=pc_note,报关扣货
ilubox 小亿,出口报关所需的核心单证,0,0,1,图文,https://www.xiaohongshu.com/explore/68b2702b000000001d027bfa?xsec_token=ABa39G9wrXPPphaiG5YG8mZWVBxq8AvJxhai2jBeiVn9I=&xsec_source=pc_search&source=web_explore_feed,67345ab9000000001d02f3d6,3天前,https://www.xiaohongshu.com/user/profile/67345ab9000000001d02f3d6?xsec_token=ABmx1qnOyzqpnuDVKF8WWWTJeuAJBF92JdcE_ofm4YtxQ=&xsec_source=pc_note,报关扣货
小红薯68A5E1C0,无标题,0,0,0,图文,https://www.xiaohongshu.com/explore/68b05054000000001d03612e?xsec_token=ABWbh7O8FgziYpGUQ6WOcpPepECeqlrrHJdLLxAAv4I9g=&xsec_source=pc_search&source=web_explore_feed,68a4110b0000000019013ddb,4天前,https://www.xiaohongshu.com/user/profile/68a4110b0000000019013ddb?xsec_token=ABPhuBwGu7Q6HreeXWylsDTwAJzY2-FE0RIcrILG78idQ=&xsec_source=pc_note,报关扣货
小红薯Delia,🌊货物出口台湾报关流程！外贸人必看！✈,0,0,0,图文,https://www.xiaohongshu.com/explore/68afeca1000000001c00997f?xsec_token=ABK7x-Dw4eXaqgVXwviE6K8a_c9muZ-Fb0FLv9KtOo9Oo=&xsec_source=pc_search&source=web_explore_feed,6858e9f0000000001e000f66,4天前,https://www.xiaohongshu.com/user/profile/6858e9f0000000001e000f66?xsec_token=ABrj_57Apeg3b16_sYrB2CVKgex_Vi5wiyk8qH_TBlqME=&xsec_source=pc_note,报关扣货
小红薯6864C77F,无标题,2,1,2,图文,https://www.xiaohongshu.com/explore/68b015d6000000001b031fc9?xsec_token=ABWbh7O8FgziYpGUQ6WOcpPd_0y0Zx2BR0QeDEW2Qigsg=&xsec_source=pc_search&source=web_explore_feed,65a9be8f00000000080156b9,4天前,https://www.xiaohongshu.com/user/profile/65a9be8f00000000080156b9?xsec_token=ABCr2pnd3VCqGTci669Xe8SiPiwsLSL7cVLRM2Vl6j2uk=&xsec_source=pc_note,报关扣货
SBER斯波尔,🇷🇺俄罗斯清关老司机含泪总结,0,0,0,图文,https://www.xiaohongshu.com/explore/68b007ce000000001c033904?xsec_token=ABWbh7O8FgziYpGUQ6WOcpPSp3oyOdOIuBFNLzBkaf1aQ=&xsec_source=pc_search&source=web_explore_feed,66f11a48000000001c0025cc,4天前,https://www.xiaohongshu.com/user/profile/66f11a48000000001c0025cc?xsec_token=ABGRWFHu2Bkye6PfHfr0sEFtsC2SHJekT-Makr0DBU26k=&xsec_source=pc_note,报关扣货
清关科长,DHL包裹怎么老是被扣？dhl报关怎么弄？,3,1,1,图文,https://www.xiaohongshu.com/explore/68ae8aca000000001c03442f?xsec_token=ABbmB0rUXknTQ4PAxjb1Gi4MZpbyCMBFc-Oqn06MLwfyk=&xsec_source=pc_search&source=web_explore_feed,65f116680000000005009081,6天前,https://www.xiaohongshu.com/user/profile/65f116680000000005009081?xsec_token=AB5uOeuhIryjiZStQr8Hj2nqRy3M6h1_CIkD7R1EiYIWQ=&xsec_source=pc_note,报关扣货
乐行墨西哥专线物流,各国清关政策，快收藏！,2,1,0,图文,https://www.xiaohongshu.com/explore/68ad7c98000000001c00b782?xsec_token=ABZOYko0Lm3QOxtmm6lAoZ_1U5l9eiifA332A__bD1wPY=&xsec_source=pc_search&source=web_explore_feed,68902d57000000002900a31a,6天前,https://www.xiaohongshu.com/user/profile/68902d57000000002900a31a?xsec_token=AB-frJp1dbg2qo2oLGjicWPH9anSan6sECAslujbB2c2U=&xsec_source=pc_note,报关扣货
华岳创新供应链,为什么海关扣你的货一扣一个准,2,0,1,图文,https://www.xiaohongshu.com/explore/68ad2193000000001d010e83?xsec_token=ABZOYko0Lm3QOxtmm6lAoZ_wfRbu8HB1-XtfoKHW6slEk=&xsec_source=pc_search&source=web_explore_feed,676cf814000000001803feca,6天前,https://www.xiaohongshu.com/user/profile/676cf814000000001803feca?xsec_token=ABb_cQ-sYxYfNRKt4duo5c0HDxT20Eg7IbqIqSTWH2ro4=&xsec_source=pc_note,报关扣货
报关打工人,花岗岩荒料清关避坑指南，少花冤枉钱！,0,0,0,图文,https://www.xiaohongshu.com/explore/68ad0dfd000000001d03622b?xsec_token=ABZOYko0Lm3QOxtmm6lAoZ_9-I4_QGgVqby-Zu0DEhdE8=&xsec_source=pc_search&source=web_explore_feed,5ffa75fc0000000001005015,08-26,https://www.xiaohongshu.com/user/profile/5ffa75fc0000000001005015?xsec_token=ABQu0_lJQ1nnkXtEcVteU-1Zw-iQEyEpmmUJeFpszSArY=&xsec_source=pc_note,报关扣货
值信国际物流MK,电池报关DG柜纠结？危险等级+运输方式拆解,0,0,0,图文,https://www.xiaohongshu.com/explore/68ad028f000000001d02c62c?xsec_token=ABZOYko0Lm3QOxtmm6lAoZ_0tlEsFt5XIw0RzKECuNxpU=&xsec_source=pc_search&source=web_explore_feed,62ef0f97000000001f0079e0,08-26,https://www.xiaohongshu.com/user/profile/62ef0f97000000001f0079e0?xsec_token=ABj-WTLXFsFpQxpZaqhqANpEvg5C2LHwW0WzRHgoYghDQ=&xsec_source=pc_note,报关扣货
李律师（付费咨询）,海关的扣押与处罚丨海关合规,1,0,0,图文,https://www.xiaohongshu.com/explore/68aafb8b000000001d037fd8?xsec_token=AB6GPgqAUl_nJ76FliWh-8Zq-H_kmAMSU6-Wi7imIVNdA=&xsec_source=pc_search&source=web_explore_feed,6080fe630000000001003b37,08-24,https://www.xiaohongshu.com/user/profile/6080fe630000000001003b37?xsec_token=AB6KnoRSyPkHylcnjrel6tKzYYpPb0AmRldWE8h0th4rw=&xsec_source=pc_note,报关扣货
Adda敏感货出口,💰【敏感货国际物流避坑指南】,3,2,1,图文,https://www.xiaohongshu.com/explore/68a83de3000000001d00643d?xsec_token=AB1_mKQvNKqBOL1D-qIQAwj9eZF1lzkl41cE4HhsSbkmk=&xsec_source=pc_search&source=web_explore_feed,5ead6f2a0000000001000bd1,08-22,https://www.xiaohongshu.com/user/profile/5ead6f2a0000000001000bd1?xsec_token=ABTJ087nMKx4WE9Y8P3OgcfgSOPR7P2mKD-iAlh2k2hIc=&xsec_source=pc_note,报关扣货
广州金捷丨国际进出口货运代理,海关缉私扣货后会怎么处理,1,0,1,图文,https://www.xiaohongshu.com/explore/68a7fb40000000001d03997c?xsec_token=AB0NglU7sFvXbDny3icPwzKC8sCZZS1hWs3_PylWBlMdg=&xsec_source=pc_search&source=web_explore_feed,61ffd2530000000021023cef,08-22,https://www.xiaohongshu.com/user/profile/61ffd2530000000021023cef?xsec_token=AB0ENTJ3Os0dnoUQJQbafHPHUTjlupjn-wAe5_wSSaiQ0=&xsec_source=pc_note,报关扣货
广州金捷丨国际进出口货运代理,无标题,1,0,1,图文,https://www.xiaohongshu.com/explore/68a6fe24000000001d022292?xsec_token=AB14tX5Nh8lCAzVZoe1Dpugw-CZGhkg7vFmz3efPzS-aI=&xsec_source=pc_search&source=web_explore_feed,61ffd2530000000021023cef,08-21,https://www.xiaohongshu.com/user/profile/61ffd2530000000021023cef?xsec_token=AB0ENTJ3Os0dnoUQJQbafHPHUTjlupjn-wAe5_wSSaiQ0=&xsec_source=pc_note,报关扣货
一只帮你搞定进出口的大开心,无标题,0,0,0,图文,https://www.xiaohongshu.com/explore/68a6c7be000000001c004ba7?xsec_token=AB14tX5Nh8lCAzVZoe1Dpug93Bt1sEV0v8kayGD_3oFlY=&xsec_source=pc_search&source=web_explore_feed,59e2c9eb6eea885e289d5c9f,08-21,https://www.xiaohongshu.com/user/profile/59e2c9eb6eea885e289d5c9f?xsec_token=ABCp22fjbxAzZrs0K9O1RqZ8TvImh_JGbi3AeeE_ECGWM=&xsec_source=pc_note,报关扣货
寰一供应链清关报关,无标题,0,0,0,图文,https://www.xiaohongshu.com/explore/68a5bbc7000000001d00a04f?xsec_token=ABSrjfrNIcvpjzRj2A80qUk98ftKzL9LZawylfrKMrm90=&xsec_source=pc_search&source=web_explore_feed,64182f140000000011023a2d,08-20,https://www.xiaohongshu.com/user/profile/64182f140000000011023a2d?xsec_token=ABe8AWO8R3kBCTpxYGnmw67635WEq94yQDf0cZj22XuO0=&xsec_source=pc_note,报关扣货
小红帽的外贸日常,"海关查验,进了 “小黑屋” 就彻底完蛋了",0,0,0,图文,https://www.xiaohongshu.com/explore/68a3237e000000001b01e8ad?xsec_token=ABit7-gzk4XMCfsC_ufXs8OXr-GBPexxwE4Lp07VWRsyg=&xsec_source=pc_search&source=web_explore_feed,63e1ab0c0000000027028982,08-19,https://www.xiaohongshu.com/user/profile/63e1ab0c0000000027028982?xsec_token=ABKHIbEtdH6Q_9-pj8rNpApzyF57yxSGPqww6upO4L7Cs=&xsec_source=pc_note,报关扣货
中外联检报关代理,进口货物清关遇到扣货怎么办?专业处理😎,4,0,0,图文,https://www.xiaohongshu.com/explore/689feb9e000000001d015ef1?xsec_token=ABaEZAiennA1vcyIKc0gk37eKR5-x6JU_BCHVfV1tUQa4=&xsec_source=pc_search&source=web_explore_feed,6827040b0000000007003848,08-16,https://www.xiaohongshu.com/user/profile/6827040b0000000007003848?xsec_token=ABfsrIGfTE2dOUlNngcMNAlMaZzRUdyk5Oemzqh6HtgQ8=&xsec_source=pc_note,报关扣货
关关小二姐,医疗器械进口报关超详细流程,1,0,1,图文,https://www.xiaohongshu.com/explore/689f0b9e000000001d015b75?xsec_token=ABaEZAiennA1vcyIKc0gk37VOpGDbu_4XjoLwKbfLHCzA=&xsec_source=pc_search&source=web_explore_feed,64c1b27700000000140384a4,08-15,https://www.xiaohongshu.com/user/profile/64c1b27700000000140384a4?xsec_token=ABMaj7mz9fVGqPtHFEEDflnzJlOqhdZzEvXPjBqmnqYa8=&xsec_source=pc_note,报关扣货
一八供应链厦门子公司,出口报关品牌类型填错？5 种类型避坑指南,0,0,0,图文,https://www.xiaohongshu.com/explore/689efd2a000000001d00ca80?xsec_token=ABSAy7n7IEhnxLtoqJ3w-_pmCDupyPz4zOm-LxXtoKkfM=&xsec_source=pc_search&source=web_explore_feed,66a302c2000000001c0033ec,08-15,https://www.xiaohongshu.com/user/profile/66a302c2000000001c0033ec?xsec_token=ABuRDrAoHhvMdpOzZQsQ2Ec-bHX_f76MEwSBAMzTilNYU=&xsec_source=pc_note,报关扣货
mm的清关日记,苏联老物件儿 | 勋章怎样快速通关？,66,12,50,图文,https://www.xiaohongshu.com/explore/689eda3d000000001d016d8b?xsec_token=ABSAy7n7IEhnxLtoqJ3w-_ptUwfRVPoajQFPZAyYw2rho=&xsec_source=pc_search&source=web_explore_feed,627d1fd70000000021021304,08-15,https://www.xiaohongshu.com/user/profile/627d1fd70000000021021304?xsec_token=ABDn8bUuDfOB3XB96TAPtl5Je7mxlq6KP20wm2Q9t_Qso=&xsec_source=pc_note,报关扣货
格略律师事务所,出口被扣！虚假申报货物，庄家直接判陪45万,1,0,0,图文,https://www.xiaohongshu.com/explore/689b0e7e000000001c03168f?xsec_token=ABb8Cuu1y2g5uxOinTUJk9Y8djUdSw6f18WcMjknAPM78=&xsec_source=pc_search&source=web_explore_feed,65f15aa8000000000b032830,08-14,https://www.xiaohongshu.com/user/profile/65f15aa8000000000b032830?xsec_token=AB5uOeuhIryjiZStQr8Hj2nupH5TaaHPJnH--FoG_rAIE=&xsec_source=pc_note,报关扣货
因赛特咨询,🚨菲律宾海关严查！货物被扣风险飙升,0,0,0,图文,https://www.xiaohongshu.com/explore/689c7740000000001d009d7c?xsec_token=ABULhszVbXqscD4qyT91XcJRBkWHnusrLr_Z7Y8qFwFl4=&xsec_source=pc_search&source=web_explore_feed,6203a1cf000000001000e4e2,08-13,https://www.xiaohongshu.com/user/profile/6203a1cf000000001000e4e2?xsec_token=AB8UJJh602Sv2i3XkS3DuW0Xg8Sm_YaHF71EwPVopl69Q=&xsec_source=pc_note,报关扣货
毛小小归类工作室,HS编码是什么？到底有人解答了吗？,5,0,8,图文,https://www.xiaohongshu.com/explore/689c4f90000000001c033acf?xsec_token=ABULhszVbXqscD4qyT91XcJQnJLhml-T8kRGiNukEH6uk=&xsec_source=pc_search&source=web_explore_feed,61f391b60000000010004277,08-13,https://www.xiaohongshu.com/user/profile/61f391b60000000010004277?xsec_token=AB9lgCDdAvFnb4Xj1PfRJPOG-HzPe7JrlvS8pOInOdDn0=&xsec_source=pc_note,报关扣货
报关科代表,海淘包裹被扣？看这里！,1,0,3,图文,https://www.xiaohongshu.com/explore/689b07db000000001b023726?xsec_token=ABb8Cuu1y2g5uxOinTUJk9YxYEMID-YYdipkI2ufrw12c=&xsec_source=pc_search&source=web_explore_feed,6507aff60000000016039751,08-12,https://www.xiaohongshu.com/user/profile/6507aff60000000016039751?xsec_token=ABbpHdCUazgefWGNWPdxUdFTkVsZYIDOcPiVp9sqVOSyo=&xsec_source=pc_note,报关扣货
阿伟懂关务,泳池机器人出海暴涨！报关骚操作告诉你....,3,0,3,图文,https://www.xiaohongshu.com/explore/689b0566000000001d00a6ef?xsec_token=ABb8Cuu1y2g5uxOinTUJk9Y1DEZn33T2XFb8sNBIyyccw=&xsec_source=pc_search&source=web_explore_feed,5de782c700000000010092c2,08-12,https://www.xiaohongshu.com/user/profile/5de782c700000000010092c2?xsec_token=ABVswG9nEpyDfSyMMG6A-HWpIaFfUjboy9SE6DoFIA9F0=&xsec_source=pc_note,报关扣货
芙蓉王先生,超2500万美元！连续两天，5批中国货物被查,1,0,1,图文,https://www.xiaohongshu.com/explore/689b0398000000001d023977?xsec_token=ABb8Cuu1y2g5uxOinTUJk9Y8Djy8ZqUJkvFg9zI9FOKPg=&xsec_source=pc_search&source=web_explore_feed,67516178000000001d02d439,08-12,https://www.xiaohongshu.com/user/profile/67516178000000001d02d439?xsec_token=ABbUY5yUf_TAmx3lhkC-6T_V_DpvjK8IOMj7lM_-BqhU8=&xsec_source=pc_note,报关扣货
小红薯Delia,相框出口印尼全攻略！报关流程+避坑指南！,0,0,0,图文,https://www.xiaohongshu.com/explore/689aaf610000000025014f23?xsec_token=ABntWAF01aFQ0mCE0Fh3ZiN5siUNAeoIIBH9l5WKCOY60=&xsec_source=pc_search&source=web_explore_feed,6858e9f0000000001e000f66,08-12,https://www.xiaohongshu.com/user/profile/6858e9f0000000001e000f66?xsec_token=ABrj_57Apeg3b16_sYrB2CVKgex_Vi5wiyk8qH_TBlqME=&xsec_source=pc_note,报关扣货
关务工作室,千万不要随便做进出口报关,1,0,2,图文,https://www.xiaohongshu.com/explore/6899c8d500000000040047cd?xsec_token=ABYpPRUoWCOQOgfgTo2-DpGVoXVrBMpj-YrHl-Y5adt5k=&xsec_source=pc_search&source=web_explore_feed,66952dcd0000000003032608,08-11,https://www.xiaohongshu.com/user/profile/66952dcd0000000003032608?xsec_token=ABJdpwmuNGfshRXpvL9zG_PmEAGc2k0Dgc4cjP5mps4DA=&xsec_source=pc_note,报关扣货
