﻿昵称,标题,点赞数,评论数,收藏数,类型,笔记链接,UID,发布日期,主页链接,搜索词语
好好吃饭的阿迪,老刷到女生说自己a5，然后a4以下勿扰,102,27,36,图文,https://www.xiaohongshu.com/explore/6828790d000000002300ec70?xsec_token=ABBA__XLRBnib9DWub7mDO9-PI4GXrQ7G1BAQigu1JCc8=&xsec_source=pc_search&source=web_explore_feed,65c8fb22000000000b03761e,05-17,https://www.xiaohongshu.com/user/profile/65c8fb22000000000b03761e?xsec_token=AB6H5eUduuSmzGVHVSlp_Y4YGN_ZIfIAGizjEOoCloAIU=&xsec_source=pc_note,a
小红薯674B9383,💐突然不想a了,22,8,4,图文,https://www.xiaohongshu.com/explore/6753e1a50000000007029a51?xsec_token=ABBfRWOMYUEPpHsW-ZQvNAG43q-mLSjls5aertTi6jDIE=&xsec_source=pc_search&source=web_explore_feed,674a0e92000000001d02d11b,2024-12-07,https://www.xiaohongshu.com/user/profile/674a0e92000000001d02d11b?xsec_token=AB6JdxQDFURhr_rMAnWXH464d0ZD6-aGGHP89r8g-IOOA=&xsec_source=pc_note,a
kun,无标题,97,390,31,图文,https://www.xiaohongshu.com/explore/68a06fbb000000001b022133?xsec_token=AB6pRLNjwj1V1HLqVJYzfJQM89aNuv0sfU_Dczmv2_fgA=&xsec_source=pc_search&source=web_explore_feed,685b538d000000001e03ff46,08-16,https://www.xiaohongshu.com/user/profile/685b538d000000001e03ff46?xsec_token=ABYqWKbgQlG30ZBPC2z5B7ttngXDNMuLHoK0QDYqB1L80=&xsec_source=pc_note,a
mynameisKAILEY,狂a真的好爽,281,55,68,图文,https://www.xiaohongshu.com/explore/68a31393000000001b01f603?xsec_token=ABit7-gzk4XMCfsC_ufXs8Od0UoIHrreYe2yyAzVpo0GA=&xsec_source=pc_search&source=web_explore_feed,5987f3f25e87e751d5bd32ee,08-18,https://www.xiaohongshu.com/user/profile/5987f3f25e87e751d5bd32ee?xsec_token=AB73X3cYdS3-3oc_8XoWjVbFAchCHryP8Zmc5-cOcitVs=&xsec_source=pc_note,a
Tancey的安全角,每次集中a的时候很快非常困正常吗,22,7,1,图文,https://www.xiaohongshu.com/explore/67d3db40000000000d014d5e?xsec_token=ABScnmawy0Hlzba5qcK31e7M0G7AxsybdV5wrnboEn1_s=&xsec_source=pc_search&source=web_explore_feed,5e71b1af000000000100a9ab,03-14,https://www.xiaohongshu.com/user/profile/5e71b1af000000000100a9ab?xsec_token=ABuwB0KQbS78S7r7x2jpq5a-8CaILqu_cAK8gup3LYdx4=&xsec_source=pc_note,a
大灰兔小白狼,姐弟恋，是不是都女A男O？,128,299,50,图文,https://www.xiaohongshu.com/explore/66c6c101000000001f017d0a?xsec_token=ABrjAP3CyAKg4nG90MCRrJoZ-4R4kC9jw375p0btPJrI4=&xsec_source=pc_search&source=web_explore_feed,5b0a9d3411be1001427752ce,2024-08-22,https://www.xiaohongshu.com/user/profile/5b0a9d3411be1001427752ce?xsec_token=ABIJnXshtQWCq8cDmujyajzg_-XyWnYe0EnS5lhwv1PPA=&xsec_source=pc_note,a
郑州小懒猫汽车服务,今日AV分享,13,8,0,图文,https://www.xiaohongshu.com/explore/676d386a000000000901450f?xsec_token=ABk1T0g9W-Tu3VTt6UrhAc1R8QdQO0ZIJALFNvNrHHwFM=&xsec_source=pc_search&source=web_explore_feed,67392cff000000001d02d84d,2024-12-26,https://www.xiaohongshu.com/user/profile/67392cff000000001d02d84d?xsec_token=ABqHNWfqXgPXrXFF4o2rqwZxbncHGH9fCPtuOrwFVrxLQ=&xsec_source=pc_note,a
高层次人才引进,青ABC，海优叫啥，青海？,17,11,9,图文,https://www.xiaohongshu.com/explore/678f103200000000180066d4?xsec_token=AB1HcLgzXwPgFMekNEv9eLTzcWNheO5zgFeUp6J6yrK3k=&xsec_source=pc_search&source=web_explore_feed,63f607a7000000001401281c,01-21,https://www.xiaohongshu.com/user/profile/63f607a7000000001401281c?xsec_token=ABA9Pch0eBC9qsKv-eXZymOrOmeLK9_wSN38O52sA9nE0=&xsec_source=pc_note,a
Walk on Water🌊,原来我是呼吸自由的严重贫困户🤡,586,31,209,图文,https://www.xiaohongshu.com/explore/6822bbd00000000012006a66?xsec_token=ABGhVFTqRWEf4X103kdamxzQr26bU0RD_VXJw0wXJ_rso=&xsec_source=pc_search&source=web_explore_feed,5d05f97000000000100228df,05-13,https://www.xiaohongshu.com/user/profile/5d05f97000000000100228df?xsec_token=ABgrDDpySB9cJRNRFFsIb262i8KdoTlJ8gBN_czx-zzsU=&xsec_source=pc_note,a
乐品乐茶官方旗舰店,🔥20+女生的早c晚a茶！听我的去囤这个！！！,4,11,0,图文,https://www.xiaohongshu.com/explore/680f4fa60000000022036c90?xsec_token=ABPXfDBHhbBMNAXWkuDaDowPu3hlmu0saQRl6HiZQZfk8=&xsec_source=pc_search&source=web_explore_feed,665fcb220000000007007003,04-28,https://www.xiaohongshu.com/user/profile/665fcb220000000007007003?xsec_token=ABuiQjT50DaJt3-eE2c4TB6SGTN6b8zyrHeJdocN_A-TQ=&xsec_source=pc_note,a
Ji Ann,求知道ANN128,20,15,7,图文,https://www.xiaohongshu.com/explore/665681500000000005007931?xsec_token=ABCPZaOUONEfGG7zY_KvnreP3h0Z2fDq3RKICeJ2IZQhM=&xsec_source=pc_search&source=web_explore_feed,62753cb80000000021020bfd,2024-05-29,https://www.xiaohongshu.com/user/profile/62753cb80000000021020bfd?xsec_token=ABjgtXSyiz4RbffYepc4y9DGYfMg44l87gvtZpOaGFQj8=&xsec_source=pc_note,a
职场小年轻,财富自由的标准,2060,387,1142,图文,https://www.xiaohongshu.com/explore/683aed9b0000000022028065?xsec_token=ABaYtaKR09U6hURcjsBv0V6yGPcQvLPvec8OQSMc2Xba0=&xsec_source=pc_search&source=web_explore_feed,680cd606000000000a03ff3d,05-31,https://www.xiaohongshu.com/user/profile/680cd606000000000a03ff3d?xsec_token=ABzQRDwqzzO0tLkpjsL5FaYG9o5ylzb3HFNulfb_ybQpk=&xsec_source=pc_note,a
鸭鸭,无标题,119,41,19,图文,https://www.xiaohongshu.com/explore/687f531a00000000230067d9?xsec_token=AB-Z_deo08zH86huTcjTcTKA9m_6EGXGhBKwPlPsCBTjk=&xsec_source=pc_search&source=web_explore_feed,6753cb65000000001c018229,07-22,https://www.xiaohongshu.com/user/profile/6753cb65000000001c018229?xsec_token=ABBfRWOMYUEPpHsW-ZQvNAG8g_YcFyHOTpB-4fznBaGWE=&xsec_source=pc_note,a
小红薯66DE16F1,无标题,7,12,1,图文,https://www.xiaohongshu.com/explore/6887193b0000000017036cbb?xsec_token=ABT_g3lwrdAwyhZwE9oqCgoGqYcFkavN018zzDdVLf1e8=&xsec_source=pc_search&source=web_explore_feed,66dd851d000000001d0309bd,07-28,https://www.xiaohongshu.com/user/profile/66dd851d000000001d0309bd?xsec_token=ABhaOuCrj2jNRN2GSLSI0DTxwXAPSqWFSPI56tzObSWMI=&xsec_source=pc_note,a
momo,负A练胸！！！,1130,439,657,图文,https://www.xiaohongshu.com/explore/682d349900000000030398dd?xsec_token=ABuS-RN9B9-6ojgAOhJ0AtoBi2C7-vsvZ6WXjk4RWS1dI=&xsec_source=pc_search&source=web_explore_feed,61bdede3000000002102b85e,05-21,https://www.xiaohongshu.com/user/profile/61bdede3000000002102b85e?xsec_token=ABj-Qoqm8JuECSci0LpkOwdAnt9G6mpLMj8EV3Mw9deuI=&xsec_source=pc_note,a
momo,答案我认为错了,13,10,0,图文,https://www.xiaohongshu.com/explore/666d61d300000000060075a2?xsec_token=AB_tCfn1W-eLIC5C84PdHT5j34rBZHclT7cm54R65SXQE=&xsec_source=pc_search&source=web_explore_feed,60f8e4bc0000000001004c5d,2024-06-15,https://www.xiaohongshu.com/user/profile/60f8e4bc0000000001004c5d?xsec_token=ABoRt0--CjSZxtGbmjEbdZa1jOIRqLLGiTqBLO6PJfuis=&xsec_source=pc_note,a
冰糖开心每一天,台灯国标不是只到AA级吗？哪来的AAA？,3,3,1,图文,https://www.xiaohongshu.com/explore/6851328100000000120011b2?xsec_token=AB7jnd58a32P73xpMic5ZW5_Ok-GSeN1CxEpC9dkmTyRU=&xsec_source=pc_search&source=web_explore_feed,65bb649d000000000e025f0c,06-17,https://www.xiaohongshu.com/user/profile/65bb649d000000000e025f0c?xsec_token=AB2TZQ0lLJ0btqUdo2ObUdXXKKbfGP134r1TwnthkvIWI=&xsec_source=pc_note,a
有理数,哪些学校A+掉了,400,86,60,图文,https://www.xiaohongshu.com/explore/6576fe3b000000003a00d96c?xsec_token=ABLntKx8I4SGgSI_D3URMfOvVTffSDb2TNBbN95mYuKoY=&xsec_source=pc_search&source=web_explore_feed,62ad125b0000000019029539,2023-12-12,https://www.xiaohongshu.com/user/profile/62ad125b0000000019029539?xsec_token=ABqzVKvLr4qBV-0hefz80d8F-eEgM9We5JBaqiH6eV3Qk=&xsec_source=pc_note,a
仟港财智策略,🔥财富身份证大揭秘！你的代号是A几？,295,21,162,图文,https://www.xiaohongshu.com/explore/681dce430000000023016a95?xsec_token=ABtSLv1mRV-ZN3ZLPP_0FJu29hZ3hpMTWFN4v_lSQLGPU=&xsec_source=pc_search&source=web_explore_feed,680edf7b000000000d00b1a5,05-10,https://www.xiaohongshu.com/user/profile/680edf7b000000000d00b1a5?xsec_token=ABkYzpxFfDzmAOkkK8unRIMDYXjfxh9AID1fzHA-fRaKE=&xsec_source=pc_note,a
小红薯681E186D,江浙沪A8.5独生女另一半要求A9过分么？,81,457,38,图文,https://www.xiaohongshu.com/explore/681e05e50000000021018def?xsec_token=ABl3gG5W2u_5s7OR5vpgsEz9L-EwUdIIOKaxQ6nzmDN2Y=&xsec_source=pc_search&source=web_explore_feed,681df3f8000000000e01fa48,05-09,https://www.xiaohongshu.com/user/profile/681df3f8000000000e01fa48?xsec_token=ABtSLv1mRV-ZN3ZLPP_0FJu-HP-cpFjHTPX-k7W1C2sH0=&xsec_source=pc_note,a
