﻿昵称,标题,点赞数,评论数,收藏数,类型,笔记链接,UID,发布日期,主页链接,搜索词语
华运鑫物流货运,海关扣货了，我们的现金理赔约定,18,43,15,图文,https://www.xiaohongshu.com/explore/6579ce63000000003a00dc4d?xsec_token=ABMNpchWBUM3Su3KuRxBDQyXabKHAAJWFJfoi4Kb9mxGA=&xsec_source=pc_search&source=web_explore_feed,6486bf9700000000250350ea,2023-12-13,https://www.xiaohongshu.com/user/profile/6486bf9700000000250350ea?xsec_token=ABDUcAAXLSB5ewwzNK_SvDW_QNFqclLwEvG8WYrjlxYVY=&xsec_source=pc_note,扣货
报关员LZXUU,EMS快递被扣了？解决办法看过来【清关】,11,6,6,图文,https://www.xiaohongshu.com/explore/656fd420000000003802af79?xsec_token=ABWIIbtkuSRA5QuRUmcb_PlsVwoGi3k2mwePFwbJYqbtY=&xsec_source=pc_search&source=web_explore_feed,64ec4af60000000001012d75,2023-12-06,https://www.xiaohongshu.com/user/profile/64ec4af60000000001012d75?xsec_token=ABtdCwQG7RJpqZwfM1B7wuZJ3H5B0Sjtw_xBMyl9BUiAM=&xsec_source=pc_note,扣货
外贸达人Coco,糟心，货被扣了！,53,8,42,图文,https://www.xiaohongshu.com/explore/651c09e900000000200038ec?xsec_token=ABVfezwyd1LsNw_weJ6vCOQKYkKFcqkkKOFXwGhPMTsBg=&xsec_source=pc_search&source=web_explore_feed,642113c200000000120136b8,2023-10-03,https://www.xiaohongshu.com/user/profile/642113c200000000120136b8?xsec_token=AB_j2BecmP0uc7jjd2ScEOQcu2w4EEMGU1TVw8sL_mHgg=&xsec_source=pc_note,扣货
南京刑事律师孙志远,非法扣押他人财务构成什么罪,110,26,85,图文,https://www.xiaohongshu.com/explore/64c7866d000000000a018dee?xsec_token=AB4gb-XzGzbvyyBBOuZ6i_In3hqT8wH5lLuwxui4uhaEs=&xsec_source=pc_search&source=web_explore_feed,60e40bcd000000000101c5bb,2023-07-31,https://www.xiaohongshu.com/user/profile/60e40bcd000000000101c5bb?xsec_token=ABrH7gcIPmIOQfxTKILT2X2O8EUP1EAd9W2M9HqUuJB5c=&xsec_source=pc_note,扣货
浙江跃扬国际货运代理,科普小知识~海外集运扣关的原因‼️‼️,1,0,1,图文,https://www.xiaohongshu.com/explore/6470a41d00000000070381c9?xsec_token=ABzcjepcFLGDE_MciXKzbUcceUrUTwPHhzTH0yYQ6W95Q=&xsec_source=pc_search&source=web_explore_feed,621e23a800000000020189c1,2023-05-26,https://www.xiaohongshu.com/user/profile/621e23a800000000020189c1?xsec_token=AB1R2Gwqh5snmrixf6Iu_tF26FRhq6r3CH-SW-EEEuoEI=&xsec_source=pc_note,扣货
深圳孔乙己律师,货物双清包税被扣，应否赔偿？,88,87,72,图文,https://www.xiaohongshu.com/explore/64631cd0000000001203f59a?xsec_token=ABcxyV_AJQbUHlJonPKV0oGMJA3Zhrz0XJL9YVV6NvJzw=&xsec_source=pc_search&source=web_explore_feed,5e930c080000000001006bc9,2023-05-16,https://www.xiaohongshu.com/user/profile/5e930c080000000001006bc9?xsec_token=ABHwQ7LZPSse_DAlbFpV0e8YIRgnYmwmPbIVOx3SM2FE0=&xsec_source=pc_note,扣货
kais泽,海运查扣了如何自己清关捞货？,0,0,0,图文,https://www.xiaohongshu.com/explore/64619176000000000800c86f?xsec_token=ABdeuL3j5kMLEBFa6YXmd4TqD_dAgySXLEcnzEbhurzpQ=&xsec_source=pc_search&source=web_explore_feed,5a30f1124eacab46097e2a35,2023-05-15,https://www.xiaohongshu.com/user/profile/5a30f1124eacab46097e2a35?xsec_token=ABHQG1Mcg7h5h_bT66QNRY4nB_fd_UQDJ-13ydLecKSD8=&xsec_source=pc_note,扣货
国际敏货物流🚢,变压器如何邮寄到哈萨克斯坦？,0,0,0,图文,https://www.xiaohongshu.com/explore/68b6950d000000001d005360?xsec_token=AByJFYgv3XbJIeCefTi8GEMwqZlxxSQqL1PoyWNV1ij7A=&xsec_source=pc_search&source=web_explore_feed,66a31557000000001d022504,1小时前,https://www.xiaohongshu.com/user/profile/66a31557000000001d022504?xsec_token=ABho_WW4Zy4uvsmLqYuarv6QydtmcY5uuOKeEL3P1chn0=&xsec_source=pc_note,扣货
在报关的小王,毛绒玩偶进口报关/清关代理公司,0,0,0,图文,https://www.xiaohongshu.com/explore/68b69175000000001b033d3d?xsec_token=AByJFYgv3XbJIeCefTi8GEM1TCBKqSgwWr-c_YlqIjnMU=&xsec_source=pc_search&source=web_explore_feed,662787080000000003030531,1小时前,https://www.xiaohongshu.com/user/profile/662787080000000003030531?xsec_token=ABPugT5a6QQFxdSgrmqykOD-vNmuTKJh3PcP8Clgv7DpY=&xsec_source=pc_note,扣货
Wandy（看🍠号哦）,🌟全网最全！粉末涂料进口通关秘籍,1,0,0,图文,https://www.xiaohongshu.com/explore/68b690b9000000001c033314?xsec_token=AByJFYgv3XbJIeCefTi8GEM3GXwlM6UsYL0lYaAvx0sZU=&xsec_source=pc_search&source=web_explore_feed,65806cf3000000001c01991b,1小时前,https://www.xiaohongshu.com/user/profile/65806cf3000000001c01991b?xsec_token=ABPr5S_8koq0YYlp3Pt5Tfcmh1LmDzvQpKIXfyOWuhDHw=&xsec_source=pc_note,扣货
件来货运,超赞‼️月饼邮寄国外20kg =68rmb 三天达⁉️,0,7,0,图文,https://www.xiaohongshu.com/explore/68b65e14000000001d013743?xsec_token=AByJFYgv3XbJIeCefTi8GEMzExZPoceCs8lxeopJemBdM=&xsec_source=pc_search&source=web_explore_feed,64587206000000002a00a40b,4小时前,https://www.xiaohongshu.com/user/profile/64587206000000002a00a40b?xsec_token=AB1QcSPvKCx3BHzGPl_145K2z2-UB9hjp-_SOII2GaJmw=&xsec_source=pc_note,扣货
小红薯68422B66,无标题,0,0,0,图文,https://www.xiaohongshu.com/explore/68b65ddd000000001d0364f3?xsec_token=AByJFYgv3XbJIeCefTi8GEM9lp1QfkXj0fLKHEaDNBsk8=&xsec_source=pc_search&source=web_explore_feed,5bde44780733870001b291d2,4小时前,https://www.xiaohongshu.com/user/profile/5bde44780733870001b291d2?xsec_token=ABjZpkfo3D1KFKnqYFPW6NCX-EA1bWR9AAP5aKVbjxGo0=&xsec_source=pc_note,扣货
巴西物流~海外仓 叶生（华球五洲）,巴西清关  五大“关卡”解析,0,0,0,图文,https://www.xiaohongshu.com/explore/68b65baa000000001d006ccd?xsec_token=AByJFYgv3XbJIeCefTi8GEM0Xnj-qpAHmnGiQ24EiK4lU=&xsec_source=pc_search&source=web_explore_feed,67c7f419000000000d00b616,5小时前,https://www.xiaohongshu.com/user/profile/67c7f419000000000d00b616?xsec_token=AB7gH9xhaEDYyXeQwdrfW5tS1JQcpkiiDfLZhDCwcc69A=&xsec_source=pc_note,扣货
-克克马🐴,截止到八月底了有人在斌田的东西发货了么,285,233,30,图文,https://www.xiaohongshu.com/explore/68ad6fac000000001d014849?xsec_token=ABIR5hOU-NzEiWw1jsS-H04166l51tJKvzp002jqb4r0I=&xsec_source=pc_search&source=web_explore_feed,5c78f5c40000000010006c7a,2天前,https://www.xiaohongshu.com/user/profile/5c78f5c40000000010006c7a?xsec_token=ABuHgOlRc6qnh9osvx6k9r2Cnmm7YC8tZc210Z-kpBVhQ=&xsec_source=pc_note,扣货
万星全球寄,国际快递 清关技巧,0,0,0,图文,https://www.xiaohongshu.com/explore/68b2a92e000000001d0054d6?xsec_token=ABgZWVfuT9eLq34ZC7BYygGllpKAL69YlRpzwAxCpkRtA=&xsec_source=pc_search&source=web_explore_feed,65fea2d4000000000600cb83,3天前,https://www.xiaohongshu.com/user/profile/65fea2d4000000000600cb83?xsec_token=ABYXTLSaaEJrK_ubNPvK1_wHSMjWWKnUmYQ6_c_elEHq4=&xsec_source=pc_note,扣货
USPS尾程面单，使命必达,无标题,0,3,0,图文,https://www.xiaohongshu.com/explore/68b22be3000000001b03cef2?xsec_token=ABgZWVfuT9eLq34ZC7BYygGlRRC1d9Yrujix_YqLUpZz4=&xsec_source=pc_search&source=web_explore_feed,5ee21eee000000000101d2fc,3天前,https://www.xiaohongshu.com/user/profile/5ee21eee000000000101d2fc?xsec_token=ABQghP1Zq2sOW3nYRKQ8Tx6JzzeHk-PUKPCFIhrqVZ5FY=&xsec_source=pc_note,扣货
lynn,花2W海运费总结的海运家具坑点！！,15,7,17,图文,https://www.xiaohongshu.com/explore/68b08a01000000001d02fc60?xsec_token=ABOtFtCVDJ79hrQ8nzUT2YcW2jqLqeepJyie7XmuIhMIk=&xsec_source=pc_search&source=web_explore_feed,600d04d90000000001005b7b,4天前,https://www.xiaohongshu.com/user/profile/600d04d90000000001005b7b?xsec_token=ABgpcLJ2FKmYrk2ttrx7VGgcTodEQ-Ikv14gBPOpXfsJk=&xsec_source=pc_note,扣货
亚马逊跨境检测认证～小陈（吾奉五路财神敕令财来）,省大钱！儿童玩具认证这些坑别踩｜内行人才,0,0,0,图文,https://www.xiaohongshu.com/explore/68ae636e000000001b03f830?xsec_token=AB3ahUSi0tIqV6OtgtGjBhCVcEq1tR6h1SLAD24q979mM=&xsec_source=pc_search&source=web_explore_feed,67d1a999000000000d00bdd4,6天前,https://www.xiaohongshu.com/user/profile/67d1a999000000000d00bdd4?xsec_token=ABr-ZK7MeVqPo5rfrURf3HMdME6eyZJ1fszOA9pGjLoSw=&xsec_source=pc_note,扣货
一勺晚云,无标题,1,0,0,图文,https://www.xiaohongshu.com/explore/68ac7a47000000001d0277f1?xsec_token=ABFiZ0vcrQ3MJbrbx9KaaHoLYmQla8KsOhVkQ-ABMO88Q=&xsec_source=pc_search&source=web_explore_feed,66b77a0e000000001d030def,08-25,https://www.xiaohongshu.com/user/profile/66b77a0e000000001d030def?xsec_token=ABaleA4JXTkkmpQPyE_9e1JJTMAlp-VdcoIepCB5Z34ak=&xsec_source=pc_note,扣货
桃夭O_o,快速通关,0,1,0,图文,https://www.xiaohongshu.com/explore/68ac3b85000000001d012d83?xsec_token=ABFiZ0vcrQ3MJbrbx9KaaHoA3s5VtEzDITP9bzT7rlPyE=&xsec_source=pc_search&source=web_explore_feed,6339b7700000000018020e18,08-25,https://www.xiaohongshu.com/user/profile/6339b7700000000018020e18?xsec_token=AB-dJ5vgYBayjql68wUoFG4gkTtJ44pEazUXIGfk5XKmA=&xsec_source=pc_note,扣货
海运小miki,分享一下我的海运经历，怎么感觉每个坑都踩,15,3,15,图文,https://www.xiaohongshu.com/explore/68a8a8f0000000001d03af81?xsec_token=ABQYP44AXWvk8D6aViBrE60kdECczo3Y8eqF6ByomXNR4=&xsec_source=pc_search&source=web_explore_feed,65a4fecd000000000b03eba6,08-23,https://www.xiaohongshu.com/user/profile/65a4fecd000000000b03eba6?xsec_token=ABeBFovyo7HkaVZOa0bjQyq6ANmJLp7VGjW0z9XuOi0Q0=&xsec_source=pc_note,扣货
海运集运公司|搬大师搬家,搬家美国必看！海运家具避坑全攻略🚨,0,1,0,图文,https://www.xiaohongshu.com/explore/68a8391d000000001c01035c?xsec_token=ABQYP44AXWvk8D6aViBrE60rGlj4PWSrAuobJ7Dj3Sv0k=&xsec_source=pc_search&source=web_explore_feed,65fac842000000000b00f8ff,5天前,https://www.xiaohongshu.com/user/profile/65fac842000000000b00f8ff?xsec_token=ABR8CTh7k4xqLNHLVDJAtckJLiRxtOHJwdYROAUxN67-I=&xsec_source=pc_note,扣货
嘉兴聚轩,澳洲牙签双清包税到门,0,0,0,图文,https://www.xiaohongshu.com/explore/68a6d63b000000001b030643?xsec_token=ABm-y66EgPlCTc4tIb3TF_FBHB2n4ig8NtSZfFq58Ev0g=&xsec_source=pc_search&source=web_explore_feed,6653aaf30000000003033cf5,08-21,https://www.xiaohongshu.com/user/profile/6653aaf30000000003033cf5?xsec_token=ABiYNOoc9vvP4GmrR7n3eaudxwMk0pzya9MqPSPGCoZY4=&xsec_source=pc_note,扣货
lynn,海运家具到美国，居然税费和熏蒸费都不用交,16,11,16,图文,https://www.xiaohongshu.com/explore/68a49fd2000000001d022f56?xsec_token=AB_yHH_oXWbjEL8DHQqq6zveysqpjXzb7-lWHBMEVYivQ=&xsec_source=pc_search&source=web_explore_feed,600d04d90000000001005b7b,08-20,https://www.xiaohongshu.com/user/profile/600d04d90000000001005b7b?xsec_token=ABgpcLJ2FKmYrk2ttrx7VGgcTodEQ-Ikv14gBPOpXfsJk=&xsec_source=pc_note,扣货
CC的海运日记,8-9月海运家具的华人不要错过我熬夜整理的,15,11,18,图文,https://www.xiaohongshu.com/explore/68a356a3000000001b032915?xsec_token=ABDO1zyRolzz2d9Ct_fR9uCs93c_36NLG--Bech1AvSLs=&xsec_source=pc_search&source=web_explore_feed,65a62b39000000000803e95f,08-19,https://www.xiaohongshu.com/user/profile/65a62b39000000000803e95f?xsec_token=ABg1QMYzZ2kRxsjemDpjzL8YoguEfw89IduIF-i0XGU60=&xsec_source=pc_note,扣货
耶耶大王,代购带回来的东西被海关扣了多久能拿回来？,6,54,3,图文,https://www.xiaohongshu.com/explore/68a2ba5f000000001b02270c?xsec_token=AB4josyIK2BnVWADKWNP9WevnF6HvflFmdYGE7tFY4NHw=&xsec_source=pc_search&source=web_explore_feed,5b050cb6e8ac2b0dea1574db,08-18,https://www.xiaohongshu.com/user/profile/5b050cb6e8ac2b0dea1574db?xsec_token=ABJuQdHcjR_830AhGwEXoHsXCl-bleUrGVwsu2HNtA9sM=&xsec_source=pc_note,扣货
龙义华🐱,CBP正在查验的货物，突然BOND失效了怎么办,15,3,14,图文,https://www.xiaohongshu.com/explore/68a1883b000000001d00b1ee?xsec_token=ABTJ1Lrrv8n8S_TCXX_nZ1bei9o8K264DSv9BDLxBL89g=&xsec_source=pc_search&source=web_explore_feed,6263dbad0000000010008316,08-17,https://www.xiaohongshu.com/user/profile/6263dbad0000000010008316?xsec_token=ABD2a3iWvvLtGm9DHyMbFLa64WBYKG0eQEQeLZ-sXsWI4=&xsec_source=pc_note,扣货
是懂海关扣货的胖哥哥,解答: 近期日本飞浦东机场T2海关查得严吗,18,61,10,图文,https://www.xiaohongshu.com/explore/689c28e4000000001d016b7a?xsec_token=ABwaji53N7YH8zLbBbmL6gPyCCND3EwFdw1vBiE-_tiY0=&xsec_source=pc_search&source=web_explore_feed,6254b302000000000d030f40,08-13,https://www.xiaohongshu.com/user/profile/6254b302000000000d030f40?xsec_token=ABt9romOiQA984c92O11I3N4dppiEiHQQT4H1qtolqwSA=&xsec_source=pc_note,扣货
亿鹅亿,急！！求助🆘小红薯们😭,0,4,0,图文,https://www.xiaohongshu.com/explore/68950ee700000000050088fa?xsec_token=ABQ3KzuNd9Bz_vGp58Gzc1RJsdj1YCw4zyiYCKJJ6D91U=&xsec_source=pc_search&source=web_explore_feed,5b6ea891736c7f0001344144,08-08,https://www.xiaohongshu.com/user/profile/5b6ea891736c7f0001344144?xsec_token=ABhyoAAWj2a_dxFl7p-fiPet5ySnNDEgxCjsy4LrAUHkI=&xsec_source=pc_note,扣货
淋漓,8月起全国口岸启动“清源行动”,98,19,64,图文,https://www.xiaohongshu.com/explore/68941839000000002501f64e?xsec_token=ABD0f9WD0FYDHUWx_n3_YKNJLX0_lmQEylWRfKh2KzTx0=&xsec_source=pc_search&source=web_explore_feed,6372211d000000001f01cbd7,08-07,https://www.xiaohongshu.com/user/profile/6372211d000000001f01cbd7?xsec_token=ABByoLIYQR7l-ybB-Dl21x2-VKUr99pa0Q1-CMIpYTHnI=&xsec_source=pc_note,扣货
陈师傅2025,被平台扣罚后，一定要去起诉！！！,3,1,1,图文,https://www.xiaohongshu.com/explore/68915b1c000000002202216b?xsec_token=ABHyeRMb-tSq83BldaMlgEocU2r8kPS1HYBZ-cCsAkink=&xsec_source=pc_search&source=web_explore_feed,5c283a39000000000703399f,08-05,https://www.xiaohongshu.com/user/profile/5c283a39000000000703399f?xsec_token=ABbLwnTTf7kxmFMNnrfdRqOIOuFrgDFWgEt_7ff31-s8o=&xsec_source=pc_note,扣货
中亚俄罗斯专线物流|TransEurasia,亚美尼亚清关0扣货！我的霍尔果斯陆运血泪,5,0,8,图文,https://www.xiaohongshu.com/explore/688ffe2b000000002301a270?xsec_token=ABFhM9aGBhKdQ-qFJ8XEXACTW6Xxsvp0Xn3AQvr2cZVXg=&xsec_source=pc_search&source=web_explore_feed,65fed55f000000000d02772a,08-04,https://www.xiaohongshu.com/user/profile/65fed55f000000000d02772a?xsec_token=ABYXTLSaaEJrK_ubNPvK1_wG327HPFTMP5eOzQ2njVvw8=&xsec_source=pc_note,扣货
東京金城六,被日本海关扣了侵权商品,5,14,2,图文,https://www.xiaohongshu.com/explore/688dfed0000000002502b041?xsec_token=ABwL6rXP61Fw-uf0GTORWFX6zW3x8AC7upneSQtoBlcOc=&xsec_source=pc_search&source=web_explore_feed,6325bf4500000000230272ce,08-02,https://www.xiaohongshu.com/user/profile/6325bf4500000000230272ce?xsec_token=ABNwrA4b4SjriVoaiJzD3jrzZaXFMkXVAulSDKJz9mA2Q=&xsec_source=pc_note,扣货
海关缉私相关问题,走私罪量刑标准，免费咨询,7,0,4,图文,https://www.xiaohongshu.com/explore/683e937c0000000020029cec?xsec_token=ABHNcyAjCXwm0a9sHum3eqzGD-hfUGyl6iikSR4VcQjyA=&xsec_source=pc_search&source=web_explore_feed,5e4d43a500000000010013e9,07-24,https://www.xiaohongshu.com/user/profile/5e4d43a500000000010013e9?xsec_token=ABPGeJvRxOzyLW2hs7SeRunad0o2IgYJ_pZOMSleMTk1g=&xsec_source=pc_note,扣货
小猫刺身,求助！！！卡航货物被销毁,47,72,30,图文,https://www.xiaohongshu.com/explore/6864f9df000000002400aa5f?xsec_token=ABa7bupia74zh29nLnUabjuLCrvsFMPTFI8uUy6EhdJss=&xsec_source=pc_search&source=web_explore_feed,62969ac7000000002102209a,07-11,https://www.xiaohongshu.com/user/profile/62969ac7000000002102209a?xsec_token=ABnUGdzG8NTiYQ9cFexiOVjgVt0TF9LPImonHAwAjHpE0=&xsec_source=pc_note,扣货
海关律师张化帅,🔥 4.8万货值罚4.9万！企业勿踩管制红线,2,0,4,图文,https://www.xiaohongshu.com/explore/686fba620000000011001194?xsec_token=ABSw3fWmCS9vuQ9b-GjNrPqBsFwNXO_MjT6cD3sbc8Lrk=&xsec_source=pc_search&source=web_explore_feed,605c01e80000000001001fe3,07-10,https://www.xiaohongshu.com/user/profile/605c01e80000000001001fe3?xsec_token=ABwax_YHc2tSJNLMUIezGiaAgnD6mTX0RhDkJYhqWiTAM=&xsec_source=pc_note,扣货
小欣的报关指北,报关被挂起什么原因？怎么处理？,0,1,0,图文,https://www.xiaohongshu.com/explore/686cacd8000000001c036249?xsec_token=ABEwd0MnpwaHc895Ql71-72NSKVoQC5b789dOHTh1_YC0=&xsec_source=pc_search&source=web_explore_feed,63c5f92c000000002703689b,07-08,https://www.xiaohongshu.com/user/profile/63c5f92c000000002703689b?xsec_token=ABpMqgfR9wD1A89kpZv12Qx_D5XE3ZYJ0FxrBrEkdHZ5E=&xsec_source=pc_note,扣货
夏柠（减肥版）,天呐‼️澳洲海关真的出事了吗😱😱,60,114,30,图文,https://www.xiaohongshu.com/explore/6868f8a7000000001d00f391?xsec_token=ABvItLQJnbE9iX0TKra_oekl0e8AyF8PI6KYCVu5S0fQc=&xsec_source=pc_search&source=web_explore_feed,64a154aa000000002503504e,07-05,https://www.xiaohongshu.com/user/profile/64a154aa000000002503504e?xsec_token=ABVU5py5eiZZmSC4CUfHzn449QKD_6ChEqYBN0yZbk0v0=&xsec_source=pc_note,扣货
Pllyyy,求欧美 国际物流,58,93,2,图文,https://www.xiaohongshu.com/explore/686793070000000015022ddd?xsec_token=ABjbrAsZm_i7iCg0Aj2EpYlLRE9mzU56EXX4AuzWMtqbQ=&xsec_source=pc_search&source=web_explore_feed,59c1d82344363b43a2cf936b,07-04,https://www.xiaohongshu.com/user/profile/59c1d82344363b43a2cf936b?xsec_token=ABE-qG_XAiU77e3MVmlVU_JpM1ilG_zvIXRngG4xRna3U=&xsec_source=pc_note,扣货
忽忽,第一次遇到走私货柜，天塌了～,6,19,4,图文,https://www.xiaohongshu.com/explore/6862ae7c00000000120330b3?xsec_token=ABIUmqImYdeTrawDLiZ9Gi70qoh6N0ONS61lF4eUzJFm4=&xsec_source=pc_search&source=web_explore_feed,5c6f93ac0000000012019d22,07-01,https://www.xiaohongshu.com/user/profile/5c6f93ac0000000012019d22?xsec_token=ABi6Tyfdfh8zcP9r8pUGIxG349eOzuLl7Jhz1gbSnVWng=&xsec_source=pc_note,扣货
Momo (装修中）,无标题,1,3,0,图文,https://www.xiaohongshu.com/explore/685fb4ee000000000d018ed9?xsec_token=ABUkuLLXEtp7uDyRCUEnOabkrybxeYaXYPzXAhpINS44I=&xsec_source=pc_search&source=web_explore_feed,6470cc0600000000110035ee,06-28,https://www.xiaohongshu.com/user/profile/6470cc0600000000110035ee?xsec_token=ABzcjepcFLGDE_MciXKzbUcUz64Ppd8NXd0mjs9ddail0=&xsec_source=pc_note,扣货
kimmy,无标题,20,86,11,图文,https://www.xiaohongshu.com/explore/68570bd4000000000b02f09d?xsec_token=ABK_CsvxtWK0KcRRqk8is4RY6mvgpV9fHUfgd-6QlIk5s=&xsec_source=pc_search&source=web_explore_feed,661aacbc0000000003030bc7,06-22,https://www.xiaohongshu.com/user/profile/661aacbc0000000003030bc7?xsec_token=AB91zAr89nZC2q3pa0xtldxAn1e9a_RVoUzPPBc1hpo0k=&xsec_source=pc_note,扣货
Oho一般贸易,大家帮我鉴定一下这个进口的你现在扣在哪种,5,2,4,图文,https://www.xiaohongshu.com/explore/68552c03000000000b01f8f7?xsec_token=ABhEjNyK_qgS1wC2M0FUQnv26UuI3zx1qDz8tTl-TOaBU=&xsec_source=pc_search&source=web_explore_feed,65e9193f000000000b032e3c,06-20,https://www.xiaohongshu.com/user/profile/65e9193f000000000b032e3c?xsec_token=ABciKtI38e9vLa275OKrQp53u6gZqayvEfdX562wOj0Sw=&xsec_source=pc_note,扣货
报关小曼,0税率买单报关，包查验放行,1,0,1,图文,https://www.xiaohongshu.com/explore/684642ad0000000022036aaa?xsec_token=ABEGCvtYEkhKsJlKbCGkGJfve1qvtFSJl5Rv2tN96KUIQ=&xsec_source=pc_search&source=web_explore_feed,5f3ea195000000000101cc3a,06-09,https://www.xiaohongshu.com/user/profile/5f3ea195000000000101cc3a?xsec_token=AB6UEQ5-HWnRG0-_bhX0RdHROSWNQFkda4iQQ1ldRtUlo=&xsec_source=pc_note,扣货
空心菜,海关查验,12,22,5,图文,https://www.xiaohongshu.com/explore/6833eff500000000210060da?xsec_token=ABFOr11QY6x5e8L_ZmyER8aeIBAkMuAimtwoKbBazwYbg=&xsec_source=pc_search&source=web_explore_feed,5be840cf44363b3a9e20c2c8,05-26,https://www.xiaohongshu.com/user/profile/5be840cf44363b3a9e20c2c8?xsec_token=ABRsb2zUl0OwWsKTVEUDBbQjQmOkPu4oUzFGEoOzJi6uw=&xsec_source=pc_note,扣货
北京 赵律师,无标题,8,0,1,图文,https://www.xiaohongshu.com/explore/682b3896000000002101903a?xsec_token=ABhy_oeN6YvdqNEKDrQmGvDoix2TEbOn_3EWINjhhYkFY=&xsec_source=pc_search&source=web_explore_feed,5bb4170ce8ac2b66f36e5d55,05-19,https://www.xiaohongshu.com/user/profile/5bb4170ce8ac2b66f36e5d55?xsec_token=ABuspxPK1f6tjWW3TFR6Afso5U4pt9O-IsOpbeqLJaYw8=&xsec_source=pc_note,扣货
HS1990,包裹被查,3,10,0,图文,https://www.xiaohongshu.com/explore/67e5fe04000000001c032ac7?xsec_token=ABfi3471b9Fu_9-IYustKq1lMwFUulMA7KMSPA-J-leyM=&xsec_source=pc_search&source=web_explore_feed,65bd929f000000000903c4fc,03-28,https://www.xiaohongshu.com/user/profile/65bd929f000000000903c4fc?xsec_token=ABPm0gFGDxxUH8xCtHkz5WdebqfLDCmI_5Ofk4RhxrW7k=&xsec_source=pc_note,扣货
葛博士lawyer,“已被第三人善意取得的涉案财物”的排除,39,2,41,图文,https://www.xiaohongshu.com/explore/67de1e38000000001203c90d?xsec_token=ABGXB8SAqAi3SGTMOBxAbKpJ8DYAIJl9fy-YWsqzoaiC8=&xsec_source=pc_search&source=web_explore_feed,5f0ab5ae0000000001005fa4,03-22,https://www.xiaohongshu.com/user/profile/5f0ab5ae0000000001005fa4?xsec_token=ABw-abuwvP8tzTTvJ9EpEVprt_uRQH2Os3yM98Um2P33Q=&xsec_source=pc_note,扣货
❓❓❓,谷子被海关扣了❓❗😨😨😨,5,61,1,图文,https://www.xiaohongshu.com/explore/67da7fbf000000001d01e8bb?xsec_token=ABrZy5yeea4YoqMkO0IBhwmh64npFV0eEDgoDW4Tge4oA=&xsec_source=pc_search&source=web_explore_feed,6516f048000000002402eba9,03-19,https://www.xiaohongshu.com/user/profile/6516f048000000002402eba9?xsec_token=ABtNPZlh2ueBYmkfsFF0lEu4482EHhK_7Gf5xHc0irENQ=&xsec_source=pc_note,扣货
小确幸～,外贸生意人收货款后被冻结被强制划扣,58,149,43,图文,https://www.xiaohongshu.com/explore/6799de99000000001701e3a2?xsec_token=ABgctkzTH0wR8UQu1H2auD4ghcTz-DsUwonCBy6qifKMA=&xsec_source=pc_search&source=web_explore_feed,5faffa930000000001008a7b,01-29,https://www.xiaohongshu.com/user/profile/5faffa930000000001008a7b?xsec_token=ABtYGDJjVQJ3CpiP0fULdVi3raDvHHcpbx6TSUyPTdC6M=&xsec_source=pc_note,扣货
Miss睡不着,紧急求助！乐一番被物流商扣件怎么办啊,4,43,3,图文,https://www.xiaohongshu.com/explore/678e07080000000017000e15?xsec_token=AB8t9CDoUmsrswEw4Ah7OZgWspza3JKW0XDZBnhn9dh8s=&xsec_source=pc_search&source=web_explore_feed,5a959e254eacab159c07cba5,01-20,https://www.xiaohongshu.com/user/profile/5a959e254eacab159c07cba5?xsec_token=ABRayyGcgfVTwN8-9hrR3luTpJgJ68eU-QIl6SU0IyecU=&xsec_source=pc_note,扣货
褚律师,公安办理刑事案件查、扣、冻和搜查相关程序,10,0,9,图文,https://www.xiaohongshu.com/explore/6764eaff000000000902ead0?xsec_token=ABnQhYy1_mC0Ux_TZQ_pDBxiXXdsFlKmSkFPlzxuC3eBo=&xsec_source=pc_search&source=web_explore_feed,5e51482e0000000001002524,2024-12-20,https://www.xiaohongshu.com/user/profile/5e51482e0000000001002524?xsec_token=ABpDXoGUolo6zfwYL_1ct2UvOs4U5GBW2eQRc2kYospFM=&xsec_source=pc_note,扣货
遥望135.2877.5862,你还在因为扣关找不到靠谱的清关而烦恼吗？,0,0,0,图文,https://www.xiaohongshu.com/explore/674e5c7600000000020393b6?xsec_token=ABX6xLxhyayZkyuPOVhClDf7EfVKpnIHlTJ2KDD3oOWpk=&xsec_source=pc_search&source=web_explore_feed,626774ce000000001000635e,2024-12-03,https://www.xiaohongshu.com/user/profile/626774ce000000001000635e?xsec_token=ABDpiNKB3eaqBU9pTblpakhOAymlD5SfFoKtvTh11_grU=&xsec_source=pc_note,扣货
全球运输WR机,快递扣关了，联系我，包满意,1,1,0,图文,https://www.xiaohongshu.com/explore/67376b4d000000003c01a49c?xsec_token=ABugov99dbQaJ6tYxfxIfo6GfU8ccAHIYb3jBs_JRrEsU=&xsec_source=pc_search&source=web_explore_feed,608f73b200000000010064ca,2024-11-15,https://www.xiaohongshu.com/user/profile/608f73b200000000010064ca?xsec_token=ABtQq2wmIaZqXx11pHSAKXj15dpLTEdFCSwWWmBW0Dgu4=&xsec_source=pc_note,扣货
全球运输WR机,国际快递扣关了不用担心？,0,0,1,图文,https://www.xiaohongshu.com/explore/673451ed000000003c01fc98?xsec_token=ABhG4WKRyWx26WTC4bdVB_ZQQw8WWJ6CHziXuMF612k44=&xsec_source=pc_search&source=web_explore_feed,608f73b200000000010064ca,2024-11-13,https://www.xiaohongshu.com/user/profile/608f73b200000000010064ca?xsec_token=ABtQq2wmIaZqXx11pHSAKXj15dpLTEdFCSwWWmBW0Dgu4=&xsec_source=pc_note,扣货
忆往昔,卖Fp被海关扣了，怎么解释？,21,41,15,图文,https://www.xiaohongshu.com/explore/67246ca00000000019015c87?xsec_token=ABdmEtEwNAeEGb3mQ4QhoHudLEki0G2Xasbt4kBpV8RIs=&xsec_source=pc_search&source=web_explore_feed,627907090000000021023967,2024-11-01,https://www.xiaohongshu.com/user/profile/627907090000000021023967?xsec_token=ABP_PdAihFYefsGCUrHY0zvwP3POKli6w4JrNuXxVkyQ0=&xsec_source=pc_note,扣货
Joey.,南沙港这几天发生了什么😱,3,4,0,图文,https://www.xiaohongshu.com/explore/671215af000000001600c30b?xsec_token=ABNGx1JTZPRbuIkC3W0Qs-4QA5n6UKwnNfXWrHbDoBpt0=&xsec_source=pc_search&source=web_explore_feed,5b610fea4eacab5e4b67c25a,2024-10-18,https://www.xiaohongshu.com/user/profile/5b610fea4eacab5e4b67c25a?xsec_token=ABZTO-luqHrf7Axs7utJ6H91S6uO5EmFrUd1sogmkE7uc=&xsec_source=pc_note,扣货
美国尾程usps ups折扣科技,跨境卖家不知道的usps,1,0,0,图文,https://www.xiaohongshu.com/explore/670f4cbb000000001402dc8e?xsec_token=ABBQxjQC81vEekt4fin9u49AHQEV_3YcYXeg8O6WHsVSs=&xsec_source=pc_search&source=web_explore_feed,598618b25e87e765b2bd3429,2024-10-16,https://www.xiaohongshu.com/user/profile/598618b25e87e765b2bd3429?xsec_token=ABMNL3eeFvc2M3jGUwGHXId7vfJRn_zYjZKY8K1ifzgAs=&xsec_source=pc_note,扣货
高效王奥律师,被海关扣留的货物去哪里了？,13,1,5,图文,https://www.xiaohongshu.com/explore/670e4aec000000001b02c5e0?xsec_token=ABRr__bVdSZXeLPqVYOPDzfOCYnHnhHZapCfztC_XctGg=&xsec_source=pc_search&source=web_explore_feed,5a10eb76e8ac2b0c704eda57,2024-10-15,https://www.xiaohongshu.com/user/profile/5a10eb76e8ac2b0c704eda57?xsec_token=ABlfE4FES-cYQCLg1Kg3dkTC117weRUNEqf7VVl1Uoocs=&xsec_source=pc_note,扣货
