﻿昵称,标题,点赞数,评论数,收藏数,类型,笔记链接,UID,发布日期,主页链接,搜索词语
值信国际物流MK,电池报关DG柜纠结？危险等级+运输方式拆解,0,0,0,图文,https://www.xiaohongshu.com/explore/68ad028f000000001d02c62c?xsec_token=ABZOYko0Lm3QOxtmm6lAoZ_0tlEsFt5XIw0RzKECuNxpU=&xsec_source=pc_search&source=web_explore_feed,62ef0f97000000001f0079e0,08-26,https://www.xiaohongshu.com/user/profile/62ef0f97000000001f0079e0?xsec_token=ABj-WTLXFsFpQxpZaqhqANpEvg5C2LHwW0WzRHgoYghDQ=&xsec_source=pc_note,报关扣货
李律师（付费咨询）,海关的扣押与处罚丨海关合规,1,0,0,图文,https://www.xiaohongshu.com/explore/68aafb8b000000001d037fd8?xsec_token=AB6GPgqAUl_nJ76FliWh-8Zq-H_kmAMSU6-Wi7imIVNdA=&xsec_source=pc_search&source=web_explore_feed,6080fe630000000001003b37,08-24,https://www.xiaohongshu.com/user/profile/6080fe630000000001003b37?xsec_token=AB6KnoRSyPkHylcnjrel6tKzYYpPb0AmRldWE8h0th4rw=&xsec_source=pc_note,报关扣货
Adda敏感货出口,💰【敏感货国际物流避坑指南】,3,2,1,图文,https://www.xiaohongshu.com/explore/68a83de3000000001d00643d?xsec_token=AB1_mKQvNKqBOL1D-qIQAwj9eZF1lzkl41cE4HhsSbkmk=&xsec_source=pc_search&source=web_explore_feed,5ead6f2a0000000001000bd1,08-22,https://www.xiaohongshu.com/user/profile/5ead6f2a0000000001000bd1?xsec_token=ABTJ087nMKx4WE9Y8P3OgcfgSOPR7P2mKD-iAlh2k2hIc=&xsec_source=pc_note,报关扣货
广州金捷丨国际进出口货运代理,海关缉私扣货后会怎么处理,1,0,1,图文,https://www.xiaohongshu.com/explore/68a7fb40000000001d03997c?xsec_token=AB0NglU7sFvXbDny3icPwzKC8sCZZS1hWs3_PylWBlMdg=&xsec_source=pc_search&source=web_explore_feed,61ffd2530000000021023cef,08-22,https://www.xiaohongshu.com/user/profile/61ffd2530000000021023cef?xsec_token=AB0ENTJ3Os0dnoUQJQbafHPHUTjlupjn-wAe5_wSSaiQ0=&xsec_source=pc_note,报关扣货
广州金捷丨国际进出口货运代理,无标题,1,0,1,图文,https://www.xiaohongshu.com/explore/68a6fe24000000001d022292?xsec_token=AB14tX5Nh8lCAzVZoe1Dpugw-CZGhkg7vFmz3efPzS-aI=&xsec_source=pc_search&source=web_explore_feed,61ffd2530000000021023cef,08-21,https://www.xiaohongshu.com/user/profile/61ffd2530000000021023cef?xsec_token=AB0ENTJ3Os0dnoUQJQbafHPHUTjlupjn-wAe5_wSSaiQ0=&xsec_source=pc_note,报关扣货
一只帮你搞定进出口的大开心,无标题,0,0,0,图文,https://www.xiaohongshu.com/explore/68a6c7be000000001c004ba7?xsec_token=AB14tX5Nh8lCAzVZoe1Dpug93Bt1sEV0v8kayGD_3oFlY=&xsec_source=pc_search&source=web_explore_feed,59e2c9eb6eea885e289d5c9f,08-21,https://www.xiaohongshu.com/user/profile/59e2c9eb6eea885e289d5c9f?xsec_token=ABCp22fjbxAzZrs0K9O1RqZ8TvImh_JGbi3AeeE_ECGWM=&xsec_source=pc_note,报关扣货
寰一供应链清关报关,无标题,0,0,0,图文,https://www.xiaohongshu.com/explore/68a5bbc7000000001d00a04f?xsec_token=ABSrjfrNIcvpjzRj2A80qUk98ftKzL9LZawylfrKMrm90=&xsec_source=pc_search&source=web_explore_feed,64182f140000000011023a2d,08-20,https://www.xiaohongshu.com/user/profile/64182f140000000011023a2d?xsec_token=ABe8AWO8R3kBCTpxYGnmw67635WEq94yQDf0cZj22XuO0=&xsec_source=pc_note,报关扣货
小红帽的外贸日常,"海关查验,进了 “小黑屋” 就彻底完蛋了",0,0,0,图文,https://www.xiaohongshu.com/explore/68a3237e000000001b01e8ad?xsec_token=ABit7-gzk4XMCfsC_ufXs8OXr-GBPexxwE4Lp07VWRsyg=&xsec_source=pc_search&source=web_explore_feed,63e1ab0c0000000027028982,08-19,https://www.xiaohongshu.com/user/profile/63e1ab0c0000000027028982?xsec_token=ABKHIbEtdH6Q_9-pj8rNpApzyF57yxSGPqww6upO4L7Cs=&xsec_source=pc_note,报关扣货
中外联检报关代理,进口货物清关遇到扣货怎么办?专业处理😎,4,0,0,图文,https://www.xiaohongshu.com/explore/689feb9e000000001d015ef1?xsec_token=ABaEZAiennA1vcyIKc0gk37eKR5-x6JU_BCHVfV1tUQa4=&xsec_source=pc_search&source=web_explore_feed,6827040b0000000007003848,08-16,https://www.xiaohongshu.com/user/profile/6827040b0000000007003848?xsec_token=ABfsrIGfTE2dOUlNngcMNAlMaZzRUdyk5Oemzqh6HtgQ8=&xsec_source=pc_note,报关扣货
关关小二姐,医疗器械进口报关超详细流程,1,0,1,图文,https://www.xiaohongshu.com/explore/689f0b9e000000001d015b75?xsec_token=ABaEZAiennA1vcyIKc0gk37VOpGDbu_4XjoLwKbfLHCzA=&xsec_source=pc_search&source=web_explore_feed,64c1b27700000000140384a4,08-15,https://www.xiaohongshu.com/user/profile/64c1b27700000000140384a4?xsec_token=ABMaj7mz9fVGqPtHFEEDflnzJlOqhdZzEvXPjBqmnqYa8=&xsec_source=pc_note,报关扣货
一八供应链厦门子公司,出口报关品牌类型填错？5 种类型避坑指南,0,0,0,图文,https://www.xiaohongshu.com/explore/689efd2a000000001d00ca80?xsec_token=ABSAy7n7IEhnxLtoqJ3w-_pmCDupyPz4zOm-LxXtoKkfM=&xsec_source=pc_search&source=web_explore_feed,66a302c2000000001c0033ec,08-15,https://www.xiaohongshu.com/user/profile/66a302c2000000001c0033ec?xsec_token=ABuRDrAoHhvMdpOzZQsQ2Ec-bHX_f76MEwSBAMzTilNYU=&xsec_source=pc_note,报关扣货
mm的清关日记,苏联老物件儿 | 勋章怎样快速通关？,66,12,50,图文,https://www.xiaohongshu.com/explore/689eda3d000000001d016d8b?xsec_token=ABSAy7n7IEhnxLtoqJ3w-_ptUwfRVPoajQFPZAyYw2rho=&xsec_source=pc_search&source=web_explore_feed,627d1fd70000000021021304,08-15,https://www.xiaohongshu.com/user/profile/627d1fd70000000021021304?xsec_token=ABDn8bUuDfOB3XB96TAPtl5Je7mxlq6KP20wm2Q9t_Qso=&xsec_source=pc_note,报关扣货
格略律师事务所,出口被扣！虚假申报货物，庄家直接判陪45万,1,0,0,图文,https://www.xiaohongshu.com/explore/689b0e7e000000001c03168f?xsec_token=ABb8Cuu1y2g5uxOinTUJk9Y8djUdSw6f18WcMjknAPM78=&xsec_source=pc_search&source=web_explore_feed,65f15aa8000000000b032830,08-14,https://www.xiaohongshu.com/user/profile/65f15aa8000000000b032830?xsec_token=AB5uOeuhIryjiZStQr8Hj2nupH5TaaHPJnH--FoG_rAIE=&xsec_source=pc_note,报关扣货
因赛特咨询,🚨菲律宾海关严查！货物被扣风险飙升,0,0,0,图文,https://www.xiaohongshu.com/explore/689c7740000000001d009d7c?xsec_token=ABULhszVbXqscD4qyT91XcJRBkWHnusrLr_Z7Y8qFwFl4=&xsec_source=pc_search&source=web_explore_feed,6203a1cf000000001000e4e2,08-13,https://www.xiaohongshu.com/user/profile/6203a1cf000000001000e4e2?xsec_token=AB8UJJh602Sv2i3XkS3DuW0Xg8Sm_YaHF71EwPVopl69Q=&xsec_source=pc_note,报关扣货
毛小小归类工作室,HS编码是什么？到底有人解答了吗？,5,0,8,图文,https://www.xiaohongshu.com/explore/689c4f90000000001c033acf?xsec_token=ABULhszVbXqscD4qyT91XcJQnJLhml-T8kRGiNukEH6uk=&xsec_source=pc_search&source=web_explore_feed,61f391b60000000010004277,08-13,https://www.xiaohongshu.com/user/profile/61f391b60000000010004277?xsec_token=AB9lgCDdAvFnb4Xj1PfRJPOG-HzPe7JrlvS8pOInOdDn0=&xsec_source=pc_note,报关扣货
报关科代表,海淘包裹被扣？看这里！,1,0,3,图文,https://www.xiaohongshu.com/explore/689b07db000000001b023726?xsec_token=ABb8Cuu1y2g5uxOinTUJk9YxYEMID-YYdipkI2ufrw12c=&xsec_source=pc_search&source=web_explore_feed,6507aff60000000016039751,08-12,https://www.xiaohongshu.com/user/profile/6507aff60000000016039751?xsec_token=ABbpHdCUazgefWGNWPdxUdFTkVsZYIDOcPiVp9sqVOSyo=&xsec_source=pc_note,报关扣货
阿伟懂关务,泳池机器人出海暴涨！报关骚操作告诉你....,3,0,3,图文,https://www.xiaohongshu.com/explore/689b0566000000001d00a6ef?xsec_token=ABb8Cuu1y2g5uxOinTUJk9Y1DEZn33T2XFb8sNBIyyccw=&xsec_source=pc_search&source=web_explore_feed,5de782c700000000010092c2,08-12,https://www.xiaohongshu.com/user/profile/5de782c700000000010092c2?xsec_token=ABVswG9nEpyDfSyMMG6A-HWpIaFfUjboy9SE6DoFIA9F0=&xsec_source=pc_note,报关扣货
芙蓉王先生,超2500万美元！连续两天，5批中国货物被查,1,0,1,图文,https://www.xiaohongshu.com/explore/689b0398000000001d023977?xsec_token=ABb8Cuu1y2g5uxOinTUJk9Y8Djy8ZqUJkvFg9zI9FOKPg=&xsec_source=pc_search&source=web_explore_feed,67516178000000001d02d439,08-12,https://www.xiaohongshu.com/user/profile/67516178000000001d02d439?xsec_token=ABbUY5yUf_TAmx3lhkC-6T_V_DpvjK8IOMj7lM_-BqhU8=&xsec_source=pc_note,报关扣货
小红薯Delia,相框出口印尼全攻略！报关流程+避坑指南！,0,0,0,图文,https://www.xiaohongshu.com/explore/689aaf610000000025014f23?xsec_token=ABntWAF01aFQ0mCE0Fh3ZiN5siUNAeoIIBH9l5WKCOY60=&xsec_source=pc_search&source=web_explore_feed,6858e9f0000000001e000f66,08-12,https://www.xiaohongshu.com/user/profile/6858e9f0000000001e000f66?xsec_token=ABrj_57Apeg3b16_sYrB2CVKgex_Vi5wiyk8qH_TBlqME=&xsec_source=pc_note,报关扣货
关务工作室,千万不要随便做进出口报关,1,0,2,图文,https://www.xiaohongshu.com/explore/6899c8d500000000040047cd?xsec_token=ABYpPRUoWCOQOgfgTo2-DpGVoXVrBMpj-YrHl-Y5adt5k=&xsec_source=pc_search&source=web_explore_feed,66952dcd0000000003032608,08-11,https://www.xiaohongshu.com/user/profile/66952dcd0000000003032608?xsec_token=ABJdpwmuNGfshRXpvL9zG_PmEAGc2k0Dgc4cjP5mps4DA=&xsec_source=pc_note,报关扣货
EMB进口小助手,日本手办模型被扣？？,2,1,0,图文,https://www.xiaohongshu.com/explore/689593b9000000002500f90a?xsec_token=AByUYi7YmyPHH5cKztYcADHydsxqlMgCbchEr5W5K-4P8=&xsec_source=pc_search&source=web_explore_feed,63fce3c40000000014010380,08-08,https://www.xiaohongshu.com/user/profile/63fce3c40000000014010380?xsec_token=ABBOUCltrjfha7EvzN_KeG_QYYNl9CMIfXOmc7IAiKBw4=&xsec_source=pc_note,报关扣货
亚马逊全球物流,发货FBA又被卡住？这份保姆级指南收好！,18,1,12,图文,https://www.xiaohongshu.com/explore/68905500000000000500524b?xsec_token=AB-frJp1dbg2qo2oLGjicWPOEs7-DicCuxGFLSYkTxMdw=&xsec_source=pc_search&source=web_explore_feed,66289ea100000000170192be,08-07,https://www.xiaohongshu.com/user/profile/66289ea100000000170192be?xsec_token=ABAwZey3obRMZTJeF8NwqBDzZWBIC-QXt9Z0u64x_qNhY=&xsec_source=pc_note,报关扣货
淋漓,8月起全国口岸启动“清源行动”,98,19,64,图文,https://www.xiaohongshu.com/explore/68941839000000002501f64e?xsec_token=AB7bdjedO2gRfq-DoXdwg6xiKvCltKa3WtMlqOdL5j7PA=&xsec_source=pc_search&source=web_explore_feed,6372211d000000001f01cbd7,08-07,https://www.xiaohongshu.com/user/profile/6372211d000000001f01cbd7?xsec_token=ABNlURb8s9WrQWRS-p-2KJyjVC9mzawB-38Pt-Qp9Rj6s=&xsec_source=pc_note,报关扣货
隆安广州律师事务所,🕵被海关扣货了怎么办？,33,22,11,图文,https://www.xiaohongshu.com/explore/66cec7f5000000001f01e24a?xsec_token=ABRPvkXkYxRDDRkxasMsjpAHaCpnwOs9Vi68uDFF1aFtc=&xsec_source=pc_search&source=web_explore_feed,65387ff2000000000400b6c2,08-06,https://www.xiaohongshu.com/user/profile/65387ff2000000000400b6c2?xsec_token=ABTedm6XS2N3Kl3PEqW5iSnNLG7zv-i21cKhq4i3t0Eko=&xsec_source=pc_note,报关扣货
柏悦跨境,跨境人！你知道你的货为什么被扣押吗？,11,1,1,图文,https://www.xiaohongshu.com/explore/68917c1d000000000500a497?xsec_token=ABE660tqaUYymnsD2tAB-DALU9a-Pnzj0G-qvwe1hqgfU=&xsec_source=pc_search&source=web_explore_feed,688ae401000000002802b5eb,08-05,https://www.xiaohongshu.com/user/profile/688ae401000000002802b5eb?xsec_token=ABEE3-0iumvfuvHbDVelQhz3QOoklHU9-eLXzWXkh5C4s=&xsec_source=pc_note,报关扣货
清关科长,dhk被税如何正式报关？,0,0,0,图文,https://www.xiaohongshu.com/explore/68914a380000000025022e54?xsec_token=ABE660tqaUYymnsD2tAB-DAOGiu_eTKUB6-5hE21MYSVs=&xsec_source=pc_search&source=web_explore_feed,65f116680000000005009081,08-05,https://www.xiaohongshu.com/user/profile/65f116680000000005009081?xsec_token=AB5uOeuhIryjiZStQr8Hj2nqRy3M6h1_CIkD7R1EiYIWQ=&xsec_source=pc_note,报关扣货
FDA-Renee,如何应对FDA验厂？,1,0,0,图文,https://www.xiaohongshu.com/explore/68907e3c0000000005007fae?xsec_token=AB-frJp1dbg2qo2oLGjicWPGaoBSt6-zpMwPEICal3Qyk=&xsec_source=pc_search&source=web_explore_feed,680ae178000000000e010a29,08-04,https://www.xiaohongshu.com/user/profile/680ae178000000000e010a29?xsec_token=ABGqsZzvNrsz7Z_5j4aYBuUZcdn_aPhgazmZwFWlRIzT8=&xsec_source=pc_note,报关扣货
广州金捷丨国际进出口货运代理,🛃被海关扣货了怎么办？,3,0,0,图文,https://www.xiaohongshu.com/explore/688ae1820000000004006c13?xsec_token=ABEE3-0iumvfuvHbDVelQhz5k9VthctLsQLC_yDJJRJi8=&xsec_source=pc_search&source=web_explore_feed,61ffd2530000000021023cef,07-31,https://www.xiaohongshu.com/user/profile/61ffd2530000000021023cef?xsec_token=AB0ENTJ3Os0dnoUQJQbafHPHUTjlupjn-wAe5_wSSaiQ0=&xsec_source=pc_note,报关扣货
我是做报关的,要是早点知道，我的EMS包裹就不会被扣了！,27,2,21,图文,https://www.xiaohongshu.com/explore/6887975c0000000020018028?xsec_token=ABT_g3lwrdAwyhZwE9oqCgoKpIr3pejy8-Em0dHeBuUJk=&xsec_source=pc_search&source=web_explore_feed,66b18c81000000000b031d34,07-28,https://www.xiaohongshu.com/user/profile/66b18c81000000000b031d34?xsec_token=AB95xv8bimP4VbXfuEAtNKzLkg6KzD3bhKNjXBZo_PPZw=&xsec_source=pc_note,报关扣货
清关学习小笔记,海淘包裹超限被扣？别慌，教你操作放行！,1,0,3,图文,https://www.xiaohongshu.com/explore/68859a4b000000000b02ce47?xsec_token=ABJXmGAsiETWAS_xYCY2onYYUeOjoDThSQVPtMGGrQRgI=&xsec_source=pc_search&source=web_explore_feed,6508fccb00000000160386f3,07-27,https://www.xiaohongshu.com/user/profile/6508fccb00000000160386f3?xsec_token=AB2Ao8X-zXWRELIc1njZno9318wd26IBMv9u9qQtOCZ44=&xsec_source=pc_note,报关扣货
Goods 关关通,EMS 快递被扣须货物报关或退运？教你解决！,0,0,0,图文,https://www.xiaohongshu.com/explore/68858d22000000002203c686?xsec_token=ABJXmGAsiETWAS_xYCY2onYQqmQcf5CXMGCGhB5NsATRk=&xsec_source=pc_search&source=web_explore_feed,667e11990000000007007537,07-27,https://www.xiaohongshu.com/user/profile/667e11990000000007007537?xsec_token=ABPKeEaVRqVtkNggMq_V-FeX4rRPp_zRhxcHNAtXITDpw=&xsec_source=pc_note,报关扣货
华岳创新供应链,海关扣货常见7大原因,2,0,3,图文,https://www.xiaohongshu.com/explore/6881abc400000000110001ca?xsec_token=ABOpGlse4C0hQGX3HLjuT3iakT_TLUmMs9za2CRLIBllU=&xsec_source=pc_search&source=web_explore_feed,676cf814000000001803feca,07-24,https://www.xiaohongshu.com/user/profile/676cf814000000001803feca?xsec_token=ABb_cQ-sYxYfNRKt4duo5c0HDxT20Eg7IbqIqSTWH2ro4=&xsec_source=pc_note,报关扣货
清关科长,dhl快递为什么被海关扣？dhl快件报关,0,0,0,图文,https://www.xiaohongshu.com/explore/6879c7590000000010026e30?xsec_token=ABmD2njc1tt3N-O3VNe-rcGPTHtvmyhYSDZgSEJRLSIO4=&xsec_source=pc_search&source=web_explore_feed,65f116680000000005009081,07-18,https://www.xiaohongshu.com/user/profile/65f116680000000005009081?xsec_token=AB5uOeuhIryjiZStQr8Hj2nqRy3M6h1_CIkD7R1EiYIWQ=&xsec_source=pc_note,报关扣货
明明Mia,快递被海关扣了别慌！报关行教你四步自救❗️,3,1,2,图文,https://www.xiaohongshu.com/explore/687746f800000000100275ce?xsec_token=ABtEyMWmercXMXLO6GMwnirf942497O1rU_6-pR7HjBbE=&xsec_source=pc_search&source=web_explore_feed,631467f2000000001501a981,07-16,https://www.xiaohongshu.com/user/profile/631467f2000000001501a981?xsec_token=ABF0oATCPwy52ZFVER4scXzlvfSz2ZMImiPbhjCC8hgl4=&xsec_source=pc_note,报关扣货
速鸟供应链,海关扣货了？别慌！4步急救指南立即get🚨,5,0,12,图文,https://www.xiaohongshu.com/explore/6875f6910000000017037e5f?xsec_token=AB4c-TIGWIA4dTiX7lapjjjIum35EGV9wDJw770deRIDM=&xsec_source=pc_search&source=web_explore_feed,6319ac58000000002303ac73,07-15,https://www.xiaohongshu.com/user/profile/6319ac58000000002303ac73?xsec_token=AB9mYMgQB8UC989b3IUgqT-xI_QRgS8UYkC_AbIQNU_GM=&xsec_source=pc_note,报关扣货
Ella,海关扣了货？莫慌！！！,1,0,0,图文,https://www.xiaohongshu.com/explore/6875b2f4000000002203cb0e?xsec_token=AB4c-TIGWIA4dTiX7lapjjjENKTpHbg_UM0df9n3wD_Xg=&xsec_source=pc_search&source=web_explore_feed,5ae53e3de8ac2b7d44599173,07-15,https://www.xiaohongshu.com/user/profile/5ae53e3de8ac2b7d44599173?xsec_token=ABB2oTecy31io55PdMarHLECCeeYwvlFTD-eSbHgbI29M=&xsec_source=pc_note,报关扣货
打劫，把你的货交出来！--欧美货代,又被海关扣货了？货代一定要会区分敏感货！,35,0,38,图文,https://www.xiaohongshu.com/explore/6870d66a0000000012031567?xsec_token=ABdHtXIujclD_F7i7ohxDqiWFomASrypygy8BSdmVCbeU=&xsec_source=pc_search&source=web_explore_feed,5ff87a6e000000000101f848,07-11,https://www.xiaohongshu.com/user/profile/5ff87a6e000000000101f848?xsec_token=ABC_kbAtV-qODKnCALZ9-p_7Sjf9qfV5EQpO3qswN5LxA=&xsec_source=pc_note,报关扣货
报关百事通,2025保健品报关避坑指南！海关新规必看,4,0,5,图文,https://www.xiaohongshu.com/explore/6870829f000000002201fb9e?xsec_token=ABdHtXIujclD_F7i7ohxDqiXJQfztJBdM41tlsuE0SUek=&xsec_source=pc_search&source=web_explore_feed,652269bb0000000023024683,07-11,https://www.xiaohongshu.com/user/profile/652269bb0000000023024683?xsec_token=ABZWu60ajYP_x9a7TgNURDLw_lCcQtKZIn8buck4Xtwa0=&xsec_source=pc_note,报关扣货
熙浦国际货运,货物出口，被海关扣货了怎么办？教你几招！,12,2,13,图文,https://www.xiaohongshu.com/explore/686b3a4d000000001c033d8a?xsec_token=ABWtMz1i3-a891TGc5fHryYQ2lgt_vTwI5TQg_6auVTGo=&xsec_source=pc_search&source=web_explore_feed,67ea4878000000000e011554,07-07,https://www.xiaohongshu.com/user/profile/67ea4878000000000e011554?xsec_token=ABqCAxMZmez8teCAm6E_HS1o26e1gAZbvzS099BvUGqm0=&xsec_source=pc_note,报关扣货
清关科长,你也收到EMS扣关短信了吗？ems报关,0,0,1,图文,https://www.xiaohongshu.com/explore/685f7c730000000010026ee7?xsec_token=ABgZh6uFMIHSvNrcPO2EdpNTA11sbARUnernmyPF8tmvU=&xsec_source=pc_search&source=web_explore_feed,65f116680000000005009081,06-28,https://www.xiaohongshu.com/user/profile/65f116680000000005009081?xsec_token=AB5uOeuhIryjiZStQr8Hj2nqRy3M6h1_CIkD7R1EiYIWQ=&xsec_source=pc_note,报关扣货
明杰大通国际物流,如果快递被海关扣了，怎么办？,1,0,1,图文,https://www.xiaohongshu.com/explore/6852c69400000000120322e2?xsec_token=AB4mG60juo8JiElxf_GTZho5VR05Yp1B1bScv-RSnO0OM=&xsec_source=pc_search&source=web_explore_feed,672afefd000000001d02f5e6,06-24,https://www.xiaohongshu.com/user/profile/672afefd000000001d02f5e6?xsec_token=ABfHwchnRgKTVCxE5fVjc8o4zfoKnIvORwTn4niq80Hvo=&xsec_source=pc_note,报关扣货
我是做报关的,ems扣关短信说，超个人自用商业范围 怎么办,7,2,6,图文,https://www.xiaohongshu.com/explore/6852a89d000000001c0308b3?xsec_token=AB4mG60juo8JiElxf_GTZho94YQAX-r802-xCWMeV_2Vw=&xsec_source=pc_search&source=web_explore_feed,66b18c81000000000b031d34,06-18,https://www.xiaohongshu.com/user/profile/66b18c81000000000b031d34?xsec_token=AB95xv8bimP4VbXfuEAtNKzLkg6KzD3bhKNjXBZo_PPZw=&xsec_source=pc_note,报关扣货
极鹭全球寄集运转运,这几类物品寄国外要小心了！查扣风险很大！,12,1,15,图文,https://www.xiaohongshu.com/explore/685167a9000000002101afe4?xsec_token=AB7jnd58a32P73xpMic5ZW5w7x7EQomLqLbePdCVSuuqw=&xsec_source=pc_search&source=web_explore_feed,66a886a3000000001d03088c,06-17,https://www.xiaohongshu.com/user/profile/66a886a3000000001d03088c?xsec_token=AB133_rTiGV0oiSmbHMUA8C-M3ExrhaZ8Dnq_lQw9ZKPw=&xsec_source=pc_note,报关扣货
我是真的超级白,无标题,14,34,16,图文,https://www.xiaohongshu.com/explore/6836d12d000000002002ab81?xsec_token=ABDMzkjrYpbFcSRwfWwzTN-OrG4NwznSUei5eNH3e5cTY=&xsec_source=pc_search&source=web_explore_feed,55d6f5ad62a60c30372e97d9,05-28,https://www.xiaohongshu.com/user/profile/55d6f5ad62a60c30372e97d9?xsec_token=AB26zXrxbGWW2P51O5s4nsFoYZ16dYVuosk_ZpEKERk08=&xsec_source=pc_note,报关扣货
V,近期出关注意了⚠️,5,2,2,图文,https://www.xiaohongshu.com/explore/683032f60000000022004caf?xsec_token=ABSPZ8Xfh0-ojoRH0fyqrO8G3B9uMv3EEKUld8ECwRLEc=&xsec_source=pc_search&source=web_explore_feed,66cca3f4000000000d024f2a,05-23,https://www.xiaohongshu.com/user/profile/66cca3f4000000000d024f2a?xsec_token=ABQn9tQKmua6vHAq4iNb4OaVMyToAXxep9MJ0D8UJR4mA=&xsec_source=pc_note,报关扣货
我是佳尼货代-曾安全,机械设备厂家注意了！,14,33,21,图文,https://www.xiaohongshu.com/explore/682d9bb1000000002100dc35?xsec_token=ABuS-RN9B9-6ojgAOhJ0AtoG2iJ5aBEaSnd7anGlGPHSs=&xsec_source=pc_search&source=web_explore_feed,63b67919000000002502dbbb,05-21,https://www.xiaohongshu.com/user/profile/63b67919000000002502dbbb?xsec_token=AB_2sy77eYOWnPArdaaxiRT6ZiLgZHlNPqnZwRM4ZoLjI=&xsec_source=pc_note,报关扣货
熙浦国际货运,货物出口究竟自己清关还是找货代？一篇搞懂,45,10,53,图文,https://www.xiaohongshu.com/explore/682d8371000000002202ff45?xsec_token=ABuS-RN9B9-6ojgAOhJ0AtoK-2SrSYmeiS4RIPNr5OPHU=&xsec_source=pc_search&source=web_explore_feed,67ea4878000000000e011554,05-21,https://www.xiaohongshu.com/user/profile/67ea4878000000000e011554?xsec_token=ABqCAxMZmez8teCAm6E_HS1o26e1gAZbvzS099BvUGqm0=&xsec_source=pc_note,报关扣货
广州金捷丨国际进出口货运代理,如何取回，海关扣货,9,3,5,图文,https://www.xiaohongshu.com/explore/67f9ff6b000000000e005c21?xsec_token=ABs3NjxYe1homH7tq3zHeyLKTQnJ00lYCGEG91_jMjf8w=&xsec_source=pc_search&source=web_explore_feed,61ffd2530000000021023cef,05-20,https://www.xiaohongshu.com/user/profile/61ffd2530000000021023cef?xsec_token=AB0ENTJ3Os0dnoUQJQbafHPHUTjlupjn-wAe5_wSSaiQ0=&xsec_source=pc_note,报关扣货
国际快递luna,货物被海关扣了？不知道要单独报关？,1,0,1,图文,https://www.xiaohongshu.com/explore/6826a4f60000000022027b10?xsec_token=ABQCNzIGnF0FrlZKR5dLc7GDY75fZRH-3YzIXg_KSWM5o=&xsec_source=pc_search&source=web_explore_feed,67d04e6d000000000e012eb2,05-16,https://www.xiaohongshu.com/user/profile/67d04e6d000000000e012eb2?xsec_token=AB8FkYRdtTt1feI_PBHqd66H6oVjkQm-G69FQA8GtAhlE=&xsec_source=pc_note,报关扣货
胖子清关百科,海关扣留货物？4招搞定退运|货物报关,38,5,33,图文,https://www.xiaohongshu.com/explore/68254a8d000000000303bd4f?xsec_token=ABo0z8QQiTvXVLl9sTsyot_OOfOvWDbbUGQqTIMW9ta0I=&xsec_source=pc_search&source=web_explore_feed,629595110000000021024155,05-15,https://www.xiaohongshu.com/user/profile/629595110000000021024155?xsec_token=AB-ojJ0RR4VAXQi4lRpCOuAp2k7sURj5oJ2CEXTG0rLjk=&xsec_source=pc_note,报关扣货
清关科长,快递被海关扣了怎么办？补充申报或货物报关,0,0,0,图文,https://www.xiaohongshu.com/explore/680d910a000000001c02ebaf?xsec_token=ABSQ8pqAB6vaCUZew1MhDQsWv6ZOLZa9A7h9ahWEMM4tM=&xsec_source=pc_search&source=web_explore_feed,65f116680000000005009081,04-27,https://www.xiaohongshu.com/user/profile/65f116680000000005009081?xsec_token=AB5uOeuhIryjiZStQr8Hj2nqRy3M6h1_CIkD7R1EiYIWQ=&xsec_source=pc_note,报关扣货
国际物流Anna,快递被海关扣？5 步轻松解决！,2,0,2,图文,https://www.xiaohongshu.com/explore/680701bf000000001c00cec9?xsec_token=ABXmzXo9YgHP7zJuKYt7LpYEvS_qsr1tzA9pY39e922j4=&xsec_source=pc_search&source=web_explore_feed,674ec65e000000001c01b013,04-22,https://www.xiaohongshu.com/user/profile/674ec65e000000001c01b013?xsec_token=ABxsJWsrNbi-hypFzXLFCzxL4WxpDkX_CK5XESo0bHW50=&xsec_source=pc_note,报关扣货
悦石专业进出口代理,货物被扣怎么办？快速应对实用指南！,1,0,0,图文,https://www.xiaohongshu.com/explore/6805a954000000001d01f929?xsec_token=ABo1HlzTfMvb5a80npUzVa62nNQc2vcBZhOWt0L1ES6ig=&xsec_source=pc_search&source=web_explore_feed,6039f7d00000000001006612,04-21,https://www.xiaohongshu.com/user/profile/6039f7d00000000001006612?xsec_token=ABCqyz-oIB9eSLj4SRNwLPfbKxy4GfeIHppmC1oInz34I=&xsec_source=pc_note,报关扣货
清关科长,快递被扣？DHL报关雷区💣你踩了几个？,3,0,1,图文,https://www.xiaohongshu.com/explore/67f9d92d000000001c01d81f?xsec_token=ABs3NjxYe1homH7tq3zHeyLJXeZi0QVESflSSDzdHAXoU=&xsec_source=pc_search&source=web_explore_feed,65f116680000000005009081,04-12,https://www.xiaohongshu.com/user/profile/65f116680000000005009081?xsec_token=AB5uOeuhIryjiZStQr8Hj2nqRy3M6h1_CIkD7R1EiYIWQ=&xsec_source=pc_note,报关扣货
福多枫,乐一番菜鸟被扣,11,23,4,图文,https://www.xiaohongshu.com/explore/67dd2f70000000001d02ec14?xsec_token=ABpys2XkJ95Xzig0R9Di1egejlWpGPZIHmG5NpsDfy0lQ=&xsec_source=pc_search&source=web_explore_feed,5d42a6060000000016007e00,03-21,https://www.xiaohongshu.com/user/profile/5d42a6060000000016007e00?xsec_token=AB6agjbZdl9NnQbx8Ze39qRm7P7D-t1kRl0D4cBGL_dXw=&xsec_source=pc_note,报关扣货
极鹭国际快递,你的国际件总是被扣？保姆级处理教程,1,0,1,图文,https://www.xiaohongshu.com/explore/67dd162b000000001d01b646?xsec_token=ABpys2XkJ95Xzig0R9Di1ege_4g5GGtwSmUfCxCp67jE4=&xsec_source=pc_search&source=web_explore_feed,5c2850d40000000006010f47,03-21,https://www.xiaohongshu.com/user/profile/5c2850d40000000006010f47?xsec_token=ABtt-EnqZzAFQIGtEpwTatF4-PJuq14lzP-I7ZKdwbsW8=&xsec_source=pc_note,报关扣货
百航进出口货运代理,EMS海关扣留，原因超2000了，怎么办？,102,9,87,图文,https://www.xiaohongshu.com/explore/67db61d9000000001201fd3b?xsec_token=ABTSBAfq1l1dgN6OT0-pOHT2ux5Q-i1jEew1G73tvlnLA=&xsec_source=pc_search&source=web_explore_feed,61b81a360000000010009d8d,03-20,https://www.xiaohongshu.com/user/profile/61b81a360000000010009d8d?xsec_token=ABRI6mNOgBtle12Obzko98VFnSA1RPrIdvdOv3q-1OJR4=&xsec_source=pc_note,报关扣货
清关科长,海淘快件包裹被扣清关快件报关,1,0,0,图文,https://www.xiaohongshu.com/explore/67d0f1720000000029018d7d?xsec_token=AB8FkYRdtTt1feI_PBHqd66ENRaED5eNfbpVwFXJEL0xY=&xsec_source=pc_search&source=web_explore_feed,65f116680000000005009081,03-12,https://www.xiaohongshu.com/user/profile/65f116680000000005009081?xsec_token=AB5uOeuhIryjiZStQr8Hj2nqRy3M6h1_CIkD7R1EiYIWQ=&xsec_source=pc_note,报关扣货
胖子清关百科,⚠我的谷子被海关扣了｜退运？不存在！,1041,34,687,图文,https://www.xiaohongshu.com/explore/67c7baa9000000000603a92d?xsec_token=ABhF7zOSGAp_8ErQKzB4tgDKJJqt8upFoGuXH-oKQMXV8=&xsec_source=pc_search&source=web_explore_feed,629595110000000021024155,03-05,https://www.xiaohongshu.com/user/profile/629595110000000021024155?xsec_token=AB-ojJ0RR4VAXQi4lRpCOuAp2k7sURj5oJ2CEXTG0rLjk=&xsec_source=pc_note,报关扣货
极鹭国际快递,寄国际快递屡遭扣留，怎么求海关放行,17,0,3,图文,https://www.xiaohongshu.com/explore/67c2b8ca0000000029013ede?xsec_token=AB96PUpjg0518e09Ls5RFEiW38be8dOfw5Sw3PlDvNtW8=&xsec_source=pc_search&source=web_explore_feed,5c2850d40000000006010f47,03-01,https://www.xiaohongshu.com/user/profile/5c2850d40000000006010f47?xsec_token=ABtt-EnqZzAFQIGtEpwTatF4-PJuq14lzP-I7ZKdwbsW8=&xsec_source=pc_note,报关扣货
