﻿笔记ID,标题,描述,标签,点赞数,评论数,收藏数,类型,昵称,UID,发布时间,主页链接,笔记链接,文件目录
68aea271000000001d014b87,挂人帖,也是买到倒卖的设了哈，还好意思跟我说没收到钱，P1，P2是记录，这人多次倒卖，各位老师千万要注意啊，我已经被坑了呜呜呜#一个人上网挺无助的[话题]# #请自行避雷[话题]# #不要脸能到什么程度[话题]# #网上被骗钱[话题]# #还我钱啊啊啊啊啊啊啊啊啊啊啊啊[话题]#,#一个人上网挺无助的 #请自行避雷 #不要脸能到什么程度 #网上被骗钱 #还我钱啊啊啊啊啊啊啊啊啊啊啊啊,6,7,1,图文,小^墨^阳XMY,66f2add3000000000d0264cb,2025-08-27 14:15:13,https://www.xiaohongshu.com/user/profile/66f2add3000000000d0264cb?xsec_token=ABWfDaWMCBGBZTcZz9IMlkQ7wzr_tRzxhrKLDva6liNJY=&xsec_source=pc_note,https://www.xiaohongshu.com/explore/68aea271000000001d014b87?xsec_token=ABsjG8ygiCNztBy6pgCKXtExGZxBJ4NHshLe4lAdXm92Q=&xsec_source=pc_search&source=web_explore_feed,
68ae6f00000000001d024ec5,暂时封坑了！！,骨雕市场烂到爆炸，封坑玩别的了#是日烂胶[话题]# #模玩[话题]# #大人也要玩玩具[话题]# #真骨雕[话题]#,#是日烂胶 #模玩 #大人也要玩玩具 #真骨雕,22,11,1,图文,笨巧果,5c03cba0f7e8b955fe503077,2025-08-27 10:35:44,https://www.xiaohongshu.com/user/profile/5c03cba0f7e8b955fe503077?xsec_token=AB40I6A2Y8oHA7_MalzSOZLUnb_PqGzZ_E0AcqIpfh9qk=&xsec_source=pc_note,https://www.xiaohongshu.com/explore/68ae6f00000000001d024ec5?xsec_token=ABsjG8ygiCNztBy6pgCKXtE7cvpYjBE_srocILL3mfocY=&xsec_source=pc_search&source=web_explore_feed,
68ad3ab0000000001d02cc3a,怎么办理欧洲市场要求的ROHS测试报告？,"欧洲的ROHS检测报告要求是什么？为什么出口欧洲必须要做ROHS检测报告，ROHS检测报告是检测什么的？
想卖玩具到欧洲？RoHS测试这道坎必须过！欧盟对玩具安全的要求堪称""变态级""，尤其对有害物质的管控近乎苛刻。 今 天就用蕞直白的语言，教你搞定RoHS测试，避免踩坑！
	
RoHS测试是啥？为啥必须做？
简单说：欧盟规定电子电器产品（包括电动玩具）必须检测十种有毒物质（铅、汞、镉等），超标直接禁售
不做会怎样？ 轻则海关扣货，重则罚款+全网召回（参考某大 牌 玩具因铅超标被罚300万欧的案例）
特别注意：带电池、发光、发声的玩具（如电动小车、音乐玩偶）肯定要做RoHS！
测试重点查什么？
欧盟主要盯着这6种""黑名单""物质：
铅（Pb）：玩具油漆、焊点蕞容易超标
镉（Cd）：某些劣质塑料的稳定剂含这玩意
汞（Hg）：纽扣电池要特别注意
六价铬（Cr6+）：金属镀层可能中招
阻燃剂（PBB/PBDE）：塑料外壳常用，但欧盟严禁
限值有多严？ 大部分物质不得超过0.1%（镉更狠，0.01%）
贪便宜用回收塑料：可能含镉/铅，一测就完蛋
忽略小零件：玩具眼睛的金属轴、电池触点都是高风险区
报告造假：欧盟海关会随机X光扫描，查到直接拉黑企业
以为非电动玩具不用测：2019年起，欧盟把非电动玩具也纳入监管
给厂家的实用建议
提前做摸底测试：量产前先测关键部件，比大货被退损失小
管好供应链：让供应商提供原材料RoHS报告（要带CNAS盖章的）
留足时间：正常测试3-5天，但整改可能拖到1个月
需要具体报价或测试清单的，可以联系我们为您做流程介绍，节约时间，满足欧洲市场要求的ROHS测试报告。
﻿#ROHS[话题]#﻿",#ROHS,1,1,0,图文,CTG检测 张Sir,647eba48000000002a036930,2025-08-26 12:40:16,https://www.xiaohongshu.com/user/profile/647eba48000000002a036930?xsec_token=ABjnn9R3KYUxyYmSofNeYJ1M_6QAK_QvR1Oq8POsyfUVQ=&xsec_source=pc_note,https://www.xiaohongshu.com/explore/68ad3ab0000000001d02cc3a?xsec_token=ABQERF5ICN6pUvUS_w_qimZwKiVHwlJaEMmdzgNkj0Yy0=&xsec_source=pc_search&source=web_explore_feed,
68ad1547000000001d025146,DHL扣关处理超全攻略 ！不然真的会很亏！,,,2,0,0,图文,小红薯68A5E1C0,68a4110b0000000019013ddb,2025-08-26 10:00:39,https://www.xiaohongshu.com/user/profile/68a4110b0000000019013ddb?xsec_token=ABrqHUVQ8jVzazZA_qtjm0GWUnvlWrHFnb25QNwtk78SY=&xsec_source=pc_note,https://www.xiaohongshu.com/explore/68ad1547000000001d025146?xsec_token=ABQERF5ICN6pUvUS_w_qimZy0b9vMNdekfA2S5bBsiksU=&xsec_source=pc_search&source=web_explore_feed,
66ba6083000000001e01d698,雷催收快递,"在一位老师帖子里评论了一次被提醒的经历
语气就像是在默认催我赶紧签收快递
体验特别不好所以分享了一下
确实有很多老师们出物收物深有同感
发现大家都或多或少经历过这种事情
最后窝窝囊囊的写好评
本身我就是个人卖/买家 自认为是一位爽快好说话的人 不是ysg  买卖东西没必要过多催促 最多就是前期了解物品详情后在询问一次大概发货日期数字就再也不会再多过问 直接开启等待到货模式 到货后最多拖俩天就去取(有时候快递多了想一次性拿完) 希望大家多遇点直拍侠安心了
	
我能接受催我的理由
1:卖家:老师尾火了 可以早一点确认收货嘛急需要钱
【⭕理解】
2:卖家:老师这边看物流到货了 有空记得去取并且录制开箱 48小时内售后 (时间自己设定)
【小卡圈和谷圈东西脆弱  ⭕理解】
自己的东西和包装没有任何问题何必非要去催促对方收快递呢 要是没有上面俩个理由[黑薯问号R][黑薯问号R]
	
二编：嗯觉得我敏感肌的欢迎留言 我一个一个拉黑
[生气R][生气R][生气R]
	
#闲鱼[话题]# #收物[话题]# #出物[话题]#",#闲鱼 #收物 #出物,143,310,8,图文,一只宅yo,6119db19000000002002bd08,2024-08-13 03:20:35,https://www.xiaohongshu.com/user/profile/6119db19000000002002bd08?xsec_token=ABAmNGFQS85qe9G9isvy_gy_v9lihUUkI5VLNh7lU8RRM=&xsec_source=pc_note,https://www.xiaohongshu.com/explore/66ba6083000000001e01d698?xsec_token=AB2pj-Jw1noWHhQlnsnMos7zgzSSm3IvEDnU2RUAZ13DY=&xsec_source=pc_search&source=web_explore_feed,
68ac44e1000000001c032869,HJ斯巴鲁BRZ太有感啦！,喜欢高尾翼还是低尾翼呢？好价搞的（1张左右，全新未拆封的，可以问我哦！）,,0,0,0,图文,三木的车库,6493a334000000002a034017,2025-08-25 19:11:29,https://www.xiaohongshu.com/user/profile/6493a334000000002a034017?xsec_token=ABG02m3a1zmTh-pXCH5XjhfNUc9Gt0V7fBLwKHw-z14Dk=&xsec_source=pc_note,https://www.xiaohongshu.com/explore/68ac44e1000000001c032869?xsec_token=ABvo4dpGMuZNihLyu4yURyvzhbx2pZ1rWzhMQmCbzPI0Y=&xsec_source=pc_search&source=web_explore_feed,
68abfd82000000001d03656b,无标题,求助❗️请问做五金零配件的要如何确定H.S.CODE[哭惹R]#五金[话题]# #外贸[话题]#,#五金 #外贸,2,6,0,图文,YIan,5b48a7e54eacab2d31dd61c3,2025-08-25 14:06:58,https://www.xiaohongshu.com/user/profile/5b48a7e54eacab2d31dd61c3?xsec_token=ABF3a7pWypXExGBvfQPohUtggka6TKS4nd5fKu0USpjVQ=&xsec_source=pc_note,https://www.xiaohongshu.com/explore/68abfd82000000001d03656b?xsec_token=ABuzvnD0pjveoKFqteUuauGfMxFwZb5iX_yuMemwG5SEw=&xsec_source=pc_search&source=web_explore_feed,
68abeca0000000001b01f2ef,退坑说说心里话,"我在去年六月入坑古钱圈，今年四月左右逐渐淡出。我玩古钱纯粹出于热爱——收集古钱的过程能让我放松，揣摩历史背景更带来独特愉悦。但小玩家难免囊中羞涩，不可能只进不出，因此“以藏养藏”成了提升眼力、验证市场行情的必要手段。正是这一年不断的换藏操作，让我深陷精神内耗，最终决定退坑。在此分享七类让我彻底心寒的典型现象：
	
换藏双标学：别人的精品好品永远只值“通货价”，甚至被压得比通货还低；自己的通货小垃圾反倒标出精品价，还振振有词“好品精品”。
	
瑕疵变脸术：当卖家卖货时，对瑕疵闭口不提，或轻描淡写来一句""几百年的东西不可能完美""；被买家售后时，搬出“照片拍清不担责”。轮到自己买东西碰到一样情况时，却举着放大镜声讨卖家“无良”。
	
爹味鉴定团：半桶水响叮当，要么见币就喷，要么对别人的东西爹味式评头论足。你若质疑，就立刻点燃火药桶？
	
白嫖巨婴症：咨询买货时，一句“xxx看下”开场，让拍各个光线下的视频、不同角度的照片、挑剔各种瑕疵压价，最后一句不回人间蒸发。更绝的是有一次我亏几十元照顾新手，花了大半天拍照+“免费教学”，最后来一句""朋友说假""一走了之。
	
韭菜成精记：一些成交过的新手买家，我把他当朋友，当他有想收集的钱币时，跑来问我有没有，我给对方朋友价，拿出同品种好品相同样已读不回。过两天在别人处高价购入品相差的，遇到问题又回来缠着我解惑。
	
售后""艺术家""：我亏大几百优惠价，顺丰保价发货一堆精品，发货前拍照拍视频再三让对方确认状态，他收货后以“不符合个人审美”之类的理由退货，还想按他买一堆币我才给他的优惠价单价留下最好的精品。费心费力费钱费感情。
	
显微镜讼棍：有人花几块钱买宽永，拿回去举电子显微镜说钱有小坑；有人因包装袋粘住未发现他购买的币，咬定我只发了赠品币，“货不对板”让平台罚我几十元。待我证明清白，早被平台规则坑尽押金——包装袋拆开币在里面的瞬间，我彻底破防。
当然，还有其它乱象，比如评级公司，拍卖平台…
	
我退坑不是不爱古钱，是受不了人性修罗场。当铜钱变成赌具，初心早被称斤论两——这圈子最贵的从来不是什么五十珍，而是最起码的把圈子里的泉友当人的尊重。幸运的是，这段时间也认识了几位好朋友，这是比古钱更值钱的。
#纯粹个人想法吐槽[话题]# #想说的如图所示[话题]# #坑死了坑死了[话题]# #我真的不理解[话题]# #真让我大开眼界了[话题]# #古钱币[话题]# #古玩[话题]#  #文玩[话题]# #反诈骗[话题]#",#纯粹个人想法吐槽 #想说的如图所示 #坑死了坑死了 #我真的不理解 #真让我大开眼界了 #古钱币 #古玩 #文玩 #反诈骗,53,43,10,图文,泉藏水豚,5e8df14200000000010022bc,2025-08-25 12:54:57,https://www.xiaohongshu.com/user/profile/5e8df14200000000010022bc?xsec_token=ABv1m8UyCVtefGmRpAmPeFOeK20oNVseU7HKxOYKXvA-g=&xsec_source=pc_note,https://www.xiaohongshu.com/explore/68abeca0000000001b01f2ef?xsec_token=ABuzvnD0pjveoKFqteUuauGdKCmi_vgWd6P6WZS1vUZ2o=&xsec_source=pc_search&source=web_explore_feed,
68abd5c4000000001c00eec8,玩物第四季：chapter1,占TAG致歉#玩物[话题]# #尹佳蓝[话题]# #车瑞贤[话题]# #李惠娜[话题]# #韩漫玩物[话题]# #玩物同人[话题]#,#玩物 #尹佳蓝 #车瑞贤 #李惠娜 #韩漫玩物 #玩物同人,5,0,1,图文,Ambition.,63be35380000000027029f6f,2025-08-25 11:17:24,https://www.xiaohongshu.com/user/profile/63be35380000000027029f6f?xsec_token=ABH6Y52Yb8Kt-YkRPiLIKF869ACVtlOUwFCVCnkYGH0MQ=&xsec_source=pc_note,https://www.xiaohongshu.com/explore/68abd5c4000000001c00eec8?xsec_token=ABuzvnD0pjveoKFqteUuauGfX7ZvHo5yyHSWbYWxy-fg0=&xsec_source=pc_search&source=web_explore_feed,
68aafb8b000000001d037fd8,海关的扣押与处罚丨海关合规,"一、海关扣押的情形
1. 走私行为：未经许可进出口禁止或限制类货物，逃避海关监管，偷逃税款。
2. 申报不实：伪报品名、数量、价格等，通过低报或高报价格逃避税款或骗取出口退税。
3. 违反监管规定：未经海关许可擅自处置海关监管货物，未按规定办理海关手续。
4. 侵犯知识产权：进出口假冒伪劣商品或侵犯知识产权的货物。
5. 其他违法行为：如未按规定提交单证、拒绝海关查验等违反海关监管规定的行为。
	
二、海关扣押的流程
1. 发现违法行为：海关通过查验、风险分析或举报等途径发现涉嫌违法的货物或行为。
2. 扣押决定：海关根据初步调查结果决定是否扣押货物，扣押决定需书面通知当事人，并说明理由和法律依据。
3. 实施扣押：海关对涉嫌违法的货物、运输工具或其他物品进行扣押，扣押时需制作清单，由当事人或见证人签字确认。
4. 扣押期限：一般不超过30日，特殊情况可延长至60日，期间海关会对货物进行调查和处理。
5. 扣押解除：若调查显示货物合法，海关及时解除扣押并退还；若认定为违法，则依法处理。
	
三、海关处罚的类型
1. 罚款：根据违法情节轻重处以一定金额的罚款。
2. 没收货物：对走私货物、禁止进出口货物或侵犯知识产权的货物予以没收。
3. 追缴税款：对偷逃税款行为，追缴应缴税款并加收滞纳金。
4. 暂停或取消资格：对严重违法企业，暂停或取消其报关资格、保税资格等。
5. 行政处罚：对个人或企业给予警告、责令改正等处罚。
6. 刑事责任：对构成犯罪的违法行为，移送司法机关追究刑事责任。
	
来源：关务知识库",,1,0,0,图文,李律师（付费咨询）,6080fe630000000001003b37,2025-08-24 19:46:19,https://www.xiaohongshu.com/user/profile/6080fe630000000001003b37?xsec_token=ABQHo-zDKOnKNH237iRfk0t0oV72rnm5qayaAFx2vRnyo=&xsec_source=pc_note,https://www.xiaohongshu.com/explore/68aafb8b000000001d037fd8?xsec_token=ABbhmG-R8n48hLnhOmMKtKNidzyuC58kt8QMPom1aXLNU=&xsec_source=pc_search&source=web_explore_feed,
68aad39e000000001d02dcdc,谁能管管,"hg开箱查验喜提全瑕大礼包
咱就是说拆完以后没奢求再塞回泡泡纸里 塞回原来的袋子里不行吗 就这么水灵灵的散着
我真的 合法公民该收的税一分没少交 工作人员要是带着怨气就别上班了 趁早辞了回家呗
#谷子[话题]#",#谷子,10,2,0,图文,喋喋檬（评论禁言请私信）,5d73851b00000000010052b6,2025-08-24 16:55:58,https://www.xiaohongshu.com/user/profile/5d73851b00000000010052b6?xsec_token=ABp_HGI-xjh-sR8GYFiuloL-NnPV8-8LU2EtBn8eQ4aEc=&xsec_source=pc_note,https://www.xiaohongshu.com/explore/68aad39e000000001d02dcdc?xsec_token=ABbhmG-R8n48hLnhOmMKtKNgRzsUX4ZhdJWbFaEThQLfQ=&xsec_source=pc_search&source=web_explore_feed,
68a85d7b000000001c0110d4,➗️余量组fx.均价十几,"最后一组首图2⃣6⃣包非偏
	
tedddybear拜耳，w奇奇怪怪，祖拉拉，木木，palm，坑坑的捏，莉安，吃掉酸楂，大晨子手作，麦兜ddoo#买捏捏哪有不疯的[话题]# #捏捏fx[话题]#",#买捏捏哪有不疯的 #捏捏fx,5,9,0,图文,请问果福绒小姐在吗,5c593543000000001a018c0f,2025-08-22 20:07:23,https://www.xiaohongshu.com/user/profile/5c593543000000001a018c0f?xsec_token=ABFPnZh4Rg3rqBvz2sG9FBWD5MukXTHQMPTj-1TBBWfNk=&xsec_source=pc_note,https://www.xiaohongshu.com/explore/68a85d7b000000001c0110d4?xsec_token=AB4ahDUW306NnfVPvDHH4MrLxda1VoVHVFFaxlcDpAE00=&xsec_source=pc_search&source=web_explore_feed,
687fa31d00000000120233c8,黄金大涨790了  发生什么？,"能告诉我发生什么了嘛  一下子拉伸起来了
785挂了3个多月 可算可以解套了 以后只能晚点断线#国际金价[话题]# #黄金暴涨[话题]# #黄金[话题]#
据说是关税问题 看图3",#国际金价 #黄金暴涨 #黄金,2,4,0,图文,不会游泳的Doss,590e257a50c4b44a28f8c534,2025-07-22 22:41:33,https://www.xiaohongshu.com/user/profile/590e257a50c4b44a28f8c534?xsec_token=AB-_qPg15PbrDJ11novHrbKVF6f7tohZrqiVcYQ3aj5gs=&xsec_source=pc_note,https://www.xiaohongshu.com/explore/687fa31d00000000120233c8?xsec_token=ABDLlWyvyGVPMgQfezfVybkpWP6KV34xIvp9EGAIoQXnA=&xsec_source=pc_search&source=web_explore_feed,
68a8778d000000001d005d66,逆天美工后续,"不是和她的后续，是美工文件后续。
上一篇帖子有聊天记录，她说会合并大部分图层实则一个都没合并，因为我是没有ps的，所以一般文件都是由美工处理好然后我直接交稿下印制品，我没想到她草台班子成这样，一点没合并，要不是今天亲友帮我看了一下我根本交不上稿，我服了都避雷避雷！#美工[话题]# #避雷[话题]#",#美工 #避雷,22,27,0,图文,。。。,615f9ad00000000002024a41,2025-08-22 21:58:37,https://www.xiaohongshu.com/user/profile/615f9ad00000000002024a41?xsec_token=ABIlVD9B9sytJ-6s47EPgW195JA9RemG_cjjq52PJBHV0=&xsec_source=pc_note,https://www.xiaohongshu.com/explore/68a8778d000000001d005d66?xsec_token=AB4ahDUW306NnfVPvDHH4MrPyLV_wlZUqf7aeQv6-_Pkk=&xsec_source=pc_search&source=web_explore_feed,
68a7bb38000000001d01dcc7,容器不密封，再多的钱都会漏光,"很多人以为自己是“赚得太少”，其实是容器漏得太多。
钱像水一样，流入的速度 < 流出的速度，结果就是——永远存不下钱。
想让财富显化持续有效，就必须先“堵漏洞”。
	
① 情绪漏财
* 压力大就花钱买安慰，冲动消费、情绪下单
* 解决方法：先用情绪记录法，把“买的冲动”写下来，24小时后再决定
	
② 关系漏财
* 总是被借钱、被情感绑架，花钱买面子
* 解决方法：设置界限，学会用非金钱方式帮助别人
	
③ 消费结构漏财
* 过高比例的“短期快感消费”，比如频繁外卖、无计划旅游
* 解决方法：按 50/30/20 规则分配收入（50%必需，30%享乐，20%储蓄投资）
先把容器密封好，再去扩容，你会发现——财富显化的速度，会比你想象的快得多。
	
📌 下一篇，我们聊**“财富容器活水术”——让钱主动流进来**。
#灵性成长[话题]#  #意识觉醒[话题]#  #跳线机制[话题]#  #高我指引[话题]#  #剧本重构[话题]#  #灵魂剧本[话题]# #灵性日记[话题]#  #显化实操[话题]#  #频率转换[话题]#  #主频觉察[话题]#  #命运重启[话题]#  #内在小我疗愈[话题]#  #人生重排[话题]#  #能量觉知[话题]#  #高维意识下载[话题]#",#灵性成长 #意识觉醒 #跳线机制 #高我指引 #剧本重构 #灵魂剧本 #灵性日记 #显化实操 #频率转换 #主频觉察 #命运重启 #内在小我疗愈 #人生重排 #能量觉知 #高维意识下载,3,0,1,图文,璃烁与虹🌈,5b49702611be107de4ccef57,2025-08-22 08:35:04,https://www.xiaohongshu.com/user/profile/5b49702611be107de4ccef57?xsec_token=ABP4zIZ7zss4piY8INZ1zRCYQ27x2tZklobo1teDyFxro=&xsec_source=pc_note,https://www.xiaohongshu.com/explore/68a7bb38000000001d01dcc7?xsec_token=ABfIvkfRmLG2PyJsK75UGSgENbDTbv3Y2vSX8opro3keI=&xsec_source=pc_search&source=web_explore_feed,
68a58510000000001d01e2c5,货代不会告诉你的海运干货！💡,"🌍 海运基础知识｜跨境人&外贸新手必备！熬夜整理干货
✨ 为什么海运占国际贸易运输90%？
→ 运力大 ✨ 成本低 ✨ 适合大宗货物
📌 集装箱类型大全
▪️ 普柜（20GP/40GP）：最常用！适合干货杂货
▪️ 高柜（40HQ）：加高版！体积大省运费
▪️ 特种柜：开顶柜/冷冻柜/框架柜（特殊货物专用）
	
🔍 海运核心流程5步走
1️⃣ 订舱 → 找货代提供箱型/目的港/货重
2️⃣ 做箱 → 装柜+加固（贴唛头千万别错！）
3️⃣ 报关 → 代理提交单据（合规性超重要❗）
4️⃣ 海运 → 船公司运输（跟踪提单号）
5️⃣ 清关提货 → 目的港交税+卡车配送
	
💸 费用构成拆解
✅ 海运费（船公司收取）
✅ 本地费用：THC/报关费/提货费
✅ 目的港费用：清关费/滞箱费
❗避坑提示：报价问清是否“ALL-IN价”！
	
🚨 新手常见坑
⚠️ 甩柜（被船公司临时取消舱位→提前订舱！）
⚠️ 滞箱费（超期还集装箱→疯狂烧钱！）
⚠️ 瞒报危险品（查到直接扣货→如实申报！）
💡 行业黑话速成
ETD/ETA（离到港时间） │ 爆舱（舱位紧张） │ 甩柜（被迫延期） │ 冲关（报关紧急处理）
关注我➕解锁更多跨境干货[害羞R]｜正在连载100期行业揭秘💃
﻿#海运[话题]#﻿ ﻿#国际贸易[话题]#﻿ ﻿#跨境电商[话题]#﻿ ﻿#货代[话题]#﻿ ﻿#知识[话题]#﻿ ﻿#澳大利亚[话题]#﻿",#海运 #国际贸易 #跨境电商 #货代 #知识 #澳大利亚,0,0,0,图文,中运国际海外仓（澳大利亚，墨尔本，布里斯班）,5d41a001000000001200b0db,2025-08-20 18:04:04,https://www.xiaohongshu.com/user/profile/5d41a001000000001200b0db?xsec_token=AB-ulEvdA46rd3b6boaIq_X0lCCkv6Q-uNIqIuuJ0PAOU=&xsec_source=pc_note,https://www.xiaohongshu.com/explore/68a58510000000001d01e2c5?xsec_token=ABIhsxh7a0oIvfy2ZHuKnSAnRcePMad6y0QY3CO_6Hb48=&xsec_source=pc_search&source=web_explore_feed,
68a579b5000000001c0071be,这些海关Held你都了解嘛,"随着海运小件包裹的兴起，大家也逐渐习惯了在国内下单、澳洲收货的便利模式～
不过嘛，隔行如隔山，看到 Held 状态时我想大家还是会有点不放心。但其实没关系的～ 最主要的还是要看为什么Held [看R]
1️⃣ Border Processing Held
这种情况只要产品合规、申报合理，通常清关问题不大。拆柜后放行速度也不会太慢。
👉 但如果超过两周还没放行，那大概率就是遇到问题了。
2️⃣ Redline Held
就需要补充各种材料啦，比如 EMPP、IDM 之类。
文件补充完整后，一般都会顺利放行～
3️⃣ Conclear
这意味着海关已经放行，但商检要查验。
只要按照查验要求配合完成，基本也能顺利放行～
⚠️ 所以如果你的包裹被 Held 很久很久都没消息，那我个人认为，大概率是真的出了问题。",,5,4,4,图文,超不爱开车的小马,657ab9c8000000001c019049,2025-08-20 15:31:01,https://www.xiaohongshu.com/user/profile/657ab9c8000000001c019049?xsec_token=AB0FPkSkt4iKGvvT1ynt-bk1R55YWOos8QKL4SEYdJpwg=&xsec_source=pc_note,https://www.xiaohongshu.com/explore/68a579b5000000001c0071be?xsec_token=ABIhsxh7a0oIvfy2ZHuKnSAmZOr2y1gwJtaZXQORw29y0=&xsec_source=pc_search&source=web_explore_feed,
68a526fd000000001b032e32,无标题,事已至此，hc你赶紧组织剪辑一版新的（所有的全都要），无预警的放给我们看,,436,101,29,图文,华策和颂锋芒倒闭了,6198c5ff000000001000565a,2025-08-20 09:38:05,https://www.xiaohongshu.com/user/profile/6198c5ff000000001000565a?xsec_token=AB3jXoKxSh8eKSuC68qkALZDp1spsDekIgwg40JBGol2w=&xsec_source=pc_note,https://www.xiaohongshu.com/explore/68a526fd000000001b032e32?xsec_token=ABIhsxh7a0oIvfy2ZHuKnSAjGpTXKfEMQ3-KVrthlA0nc=&xsec_source=pc_search&source=web_explore_feed,
68a36459000000001d034620,无标题,"dy xgd
hg（hg会互相点赞的那种）",,3,137,0,图文,反派呆饺兽或者odd,6624fabe000000000700664d,2025-08-19 01:35:21,https://www.xiaohongshu.com/user/profile/6624fabe000000000700664d?xsec_token=ABOujatBtNeUZHETS_vhL6o8O0qJDQEf0kL-2l_Pl4WQM=&xsec_source=pc_note,https://www.xiaohongshu.com/explore/68a36459000000001d034620?xsec_token=AB0ti50i0a7htcL3R7HybNNJW53Fud0vvtTGJD0-yRl7w=&xsec_source=pc_search&source=web_explore_feed,
68a32d88000000001d0089a9,捡漏的乐趣：96-中古9Ｋ包金银手镯,"我和我的一百个银手镯的故事之九十六
————
这个手镯是几个月前二手店的幸运发现。
算是个小残件——安全链缺失一端的连接环，表面有些许磕凹。不过看内壁氧化的颜色和程度，觉得很银。但是内圈隐约可见打标，还很长——通常包金饰品打标都很长。而我目前遇上的包金饰品主材质基本上都是合金。
当时觉得就算是包金也很不错，所以就收了。
结果到家后发现是个惊喜：打标H&S 1/5 9CT STG SIL R.G MADE IN NZ。是9K包金银。
————
包金：包金是一种把K金通过机械压合到另一种金属表面的工艺。通常K金的使用量占饰品总重的5%，标记为1/20 9K(14K、18K等)
————
不同于常见的包金工艺，这个手镯采用了厚包金，用金量为总重量的20%，是普通包金饰品含金量的4倍。
也就是说：这个手镯总重为24.21，9K金的占比为4.84克。
材质：9K金，银
品牌：H&S
产地：新西兰
总重：24.21克（9K金4.84克）
根据网上的搜索，产于六十年代。
手镯一侧为手工錾刻，另一侧留白以供刻字。
#金漏[话题]# #手镯[话题]# #捡漏[话题]# #银手镯[话题]# #錾刻银[话题]# #錾刻金[话题]# #中古[话题]#",#金漏 #手镯 #捡漏 #银手镯 #錾刻银 #錾刻金 #中古,18,3,7,图文,考古宅家,5bc18d09b891c300016c3c41,2025-08-18 21:41:28,https://www.xiaohongshu.com/user/profile/5bc18d09b891c300016c3c41?xsec_token=ABqIHkyeuHaJYgHB1o6D7qrr-ICPn0FjEm6DBMVjuw414=&xsec_source=pc_note,https://www.xiaohongshu.com/explore/68a32d88000000001d0089a9?xsec_token=AB0ti50i0a7htcL3R7HybNNFJscALoKis3zarpVZWJcco=&xsec_source=pc_search&source=web_explore_feed,
68a1d12a000000001c008b65,买了点猎奇的小东东,"小的咸丰私铸，不知道什么局子，疑似宝桂局，但是很抽象；
嘉庆私铸，宝苏局，清朝私铸里算精致的，无漏无裂；
嘉庆宝武局小饼子，还是部颁式，很少见的地方局，挺熟润的小东西；
康熙源正样，铸的不太行，但是背很有意思，类似雨丝文一样的流铜？反正没见过，有没有大佬讲解一下[害羞R]
#古钱币爱好[话题]# #民俗钱币文化[话题]# #收藏[话题]# #靠买东西来维持好心情[话题]# #把收藏带出日常[话题]# #今天出门买了啥[话题]# #一些奇奇怪怪的展示[话题]# #嘉庆通宝[话题]# #康熙通宝[话题]##咸丰通宝[话题]#",#古钱币爱好 #民俗钱币文化 #收藏 #靠买东西来维持好心情 #把收藏带出日常 #今天出门买了啥 #一些奇奇怪怪的展示 #嘉庆通宝 #康熙通宝 #咸丰通宝,3,2,0,图文,文瞻.,64b39183000000002a0356d3,2025-08-17 20:55:06,https://www.xiaohongshu.com/user/profile/64b39183000000002a0356d3?xsec_token=ABfJHCivbMUjoBqgPfvitSpfMnQ3F28VPkWkhBSaABZwE=&xsec_source=pc_note,https://www.xiaohongshu.com/explore/68a1d12a000000001c008b65?xsec_token=ABexjco-AhySHOk6dZB-5KcDmhXbYWCnVbKGoC1RgpXwc=&xsec_source=pc_search&source=web_explore_feed,
68a1c240000000001d019020,740嘿嘿,"又拍到小bug
#黄金作业[话题]#",#黄金作业,5,6,1,图文,366演豆不演,5ff5c0be000000000100265a,2025-08-17 19:51:28,https://www.xiaohongshu.com/user/profile/5ff5c0be000000000100265a?xsec_token=ABjkW9LwzgTvV3offuCQ92tgXaE7fmClX9779oUNrBzEo=&xsec_source=pc_note,https://www.xiaohongshu.com/explore/68a1c240000000001d019020?xsec_token=ABexjco-AhySHOk6dZB-5KcLOkCAO90t59W-OGGKm05-E=&xsec_source=pc_search&source=web_explore_feed,
68a16554000000001d00f438,hg老虎hg gto扎古发货图(•̀ᴗ•́)و̑,#模型打包[话题]# #模型包装[话题]# #高达定制打包[话题]#,#模型打包 #模型包装 #高达定制打包,2,0,0,图文,晴空（绿洲）,55d88f9367bc65326170dcad,2025-08-17 13:15:00,https://www.xiaohongshu.com/user/profile/55d88f9367bc65326170dcad?xsec_token=ABCozzxTtCFq3fajUz-gh87RMSqnwnm13vUrnn3O2ovdA=&xsec_source=pc_note,https://www.xiaohongshu.com/explore/68a16554000000001d00f438?xsec_token=ABexjco-AhySHOk6dZB-5KcBjKVvy0zaJ392be9nvv5Ok=&xsec_source=pc_search&source=web_explore_feed,
689dd9dc000000001d00fa16,Castle Supplier官方 蓝色链带螺丝防伪声明,"三年前，CASTLE 自主研发了独具辨识度的蓝色链带
（CASTLE 全球独家配色）
CASTLE蓝带凭借优异工艺 + 严格品控 + 授权渠道，使“CASTLE 蓝” 成为品质保证的象征。
	
近期市场情况
近期发现多款颜色、包装相似的产品流入市场，并非 CASTLE正品，请谨慎识别！
	
非正品可能存在的风险
• 产品本身 杆径、长度、重量偷工减料，影响强度与耐用性
• 产品使用中 易断裂、打滑、卡枪，存在施工安全隐患
• 无品牌的代工产品，无法溯源，各批次质量无法保证，售后无保障
	
我们的行动
• 包装升级：强化品牌标识，方便用户识别
• 渠道公示：官网 www.castlesupplier.com 公布授权经销商
• 新品推出：即将发布子品牌 CASTLE-BLACK，“CASTLE 蓝”品质，满足更多用户需求
	
温馨提醒
• 请通过 CASTLE 官方授权渠道采购
• 发现疑似仿冒，请拍照并联系 CASTLE 客服
• 切勿将非正品冒充 CASTLE 销售，以免引发法律与质量风险
CASTLE 将持续采取法律与市场措施，维护经销商和用户权益，保证高品质产品稳定供应。
CASTLE 官方邮箱： info@castlesupplier.com
CASTLE SUPPLIER 2025 年 8 月 14日
#防伪声明[话题]# #防伪[话题]# #castle[话题]# #蓝色链带螺丝[话题]# #蓝带[话题]# #Castle链带钉子[话题]# #castlesupplier[话题]# #正品vs假货[话题]# #蓝带钉子[话题]# #蓝带螺丝[话题]#",#防伪声明 #防伪 #castle #蓝色链带螺丝 #蓝带 #Castle链带钉子 #castlesupplier #正品vs假货 #蓝带钉子 #蓝带螺丝,3,0,1,图文,蓝色链带螺丝,5d898c480000000001001407,2025-08-14 20:43:08,https://www.xiaohongshu.com/user/profile/5d898c480000000001001407?xsec_token=ABeowxpUMoE20LaoUo9tb_Wr4GwQBCyRbt0FKP4tO3EnQ=&xsec_source=pc_note,https://www.xiaohongshu.com/explore/689dd9dc000000001d00fa16?xsec_token=ABND2qqfL7yOS3h0BiJCZVvtpA9P-87zhO-6EnFuDG4VI=&xsec_source=pc_search&source=web_explore_feed,
689d8f6e000000001d01d1ca,很多人好奇扣女人是什么感受,"其实也没有什么特别劲爆的东西，只是在这件事情上，本人非常的有经验。本人除了必要的生活开销，不买多余的东西，有人借钱一律不借，超过二十块钱的聚餐绝不参加，这就是抠女人。
	
#电锯人[话题]# #死亡恶魔[话题]#",#电锯人 #死亡恶魔,42,25,3,图文,梦特别娇,654757d400000000060042ac,2025-08-14 15:25:34,https://www.xiaohongshu.com/user/profile/654757d400000000060042ac?xsec_token=AB-5_XoRfuNU-Du9yeV9aJq6ijIKjmQqaQjoG2YRcC74g=&xsec_source=pc_note,https://www.xiaohongshu.com/explore/689d8f6e000000001d01d1ca?xsec_token=ABND2qqfL7yOS3h0BiJCZVvqC6yZX3JUsiCwSNMj83i10=&xsec_source=pc_search&source=web_explore_feed,
689b50a3000000001d03486c,🔮tg：画画对于被扣是觉得爽还是一般,"在爽和不爽之间犹豫不决 做最后的挣扎（最后还是更偏向于爽#ooc致歉[话题]# #画家[话题]# #占卜[话题]# #画嬷[话题]#
大号的投稿tg👅
接下来我要说五个字
。。，。。。!",#ooc致歉 #画家 #占卜 #画嬷,242,51,37,图文,L,680481d400000000070017f7,2025-08-12 22:33:07,https://www.xiaohongshu.com/user/profile/680481d400000000070017f7?xsec_token=ABLbfs38GdOU2ByEeypQDnY7jWPAWWlU5oQz9hdVeCPHk=&xsec_source=pc_note,https://www.xiaohongshu.com/explore/689b50a3000000001d03486c?xsec_token=ABmtfIr5Tp0xo3s9FL_deHQS6LLLse58YRjSHjcSX1Nj8=&xsec_source=pc_search&source=web_explore_feed,
689b598a000000001c013574,经济学角度看捏捏👀保质期越来越短？（上）,"⭐️一、劣币驱逐良币
1. 概念解释
“劣币驱逐良币”（格雷欣法则）是指在市场交易中，当优质商品与劣质商品价格差异小于其质量差异时，消费者因信息不对称或短期成本偏好选择劣质商品，导致优质商品因需求萎缩被淘汰，最终市场被劣质商品主导的现象。其核心逻辑是信息不对称下的逆向选择：消费者难以精准识别质量差异，更倾向于“低价优先”，倒逼生产者为降低成本牺牲质量，形成恶性循环。
	
2. 历史案例
• 工业时代的产品竞争：19世纪美国铁路建设中，劣质铁轨因价格低被大量采购，优质铁轨因成本高难以竞争，最终导致多起铁路事故，倒逼政府出台质量标准。
• 现代市场中的“柠檬市场”：二手车市场中，若买家无法判断车辆真实车况，会普遍压低报价，优质二手车车主因不愿接受低价而退出，市场最终被劣质车（“柠檬车”）占据。
	
⭐️二、捏捏玩具市场的“劣币驱逐良币”困境
	
1. 现象映射
捏捏玩具市场的恶性循环完全符合“劣币驱逐良币”逻辑：
	
• 初始阶段：优质捏捏因使用好胶水成本高，定价较高，面向小众玩家；同时存在低价差胶水入门款，满足短期尝鲜需求，两者本可共存。
• 需求扩张后：新玩家增多，对价格敏感，部分商家为争夺市场，以“低价”为噱头改用劣质胶水，模糊了“合理低价”与“劣质低价”的边界。
• 成本转嫁：劣币商家通过牺牲质量压低价格，倒逼坚持用优质胶水的商家要么跟进降价（牺牲质量），要么因价格劣势退出。（当然退出的有很多是自己作死的[捂脸R]不在讨论范围）
• 劣币主导：最终市场被劣质产品垄断，既让需要低价尝鲜的玩家买到“短命产品”（实际性价比低），也让追求质量的玩家无处可寻，形成双输。
	
字数限制，见主页下篇[棒R]
	
ps：封面juanmi友情出场图文无关[喝奶茶R]
#买捏捏哪有不疯的[话题]# #捏捏克价[话题]# #捏捏价格[话题]# #捏圈现状[话题]# #捏圈吐槽[话题]#",#买捏捏哪有不疯的 #捏捏克价 #捏捏价格 #捏圈现状 #捏圈吐槽,112,55,13,图文,葡糖萄,615521e70000000002018f18,2025-08-12 23:11:06,https://www.xiaohongshu.com/user/profile/615521e70000000002018f18?xsec_token=ABDbdy0gT1xQyRbBSeS4q8d_RMXokt0p5qlNO1fWn8P14=&xsec_source=pc_note,https://www.xiaohongshu.com/explore/689b598a000000001c013574?xsec_token=ABmtfIr5Tp0xo3s9FL_deHQVdveUYRXjYCFXRFtJCVoZA=&xsec_source=pc_search&source=web_explore_feed,
6899a5760000000003024349,你敢信这些都是我5r👝收到的？！,"btd致歉
其实这些花了20哈哈[萌萌哒R]咪给我塞了好多小礼物，挑了几个拍，那个羨羨还是正版全新未拆的！
主要收的是渣反，咪说放了五年状态不太好就给我塞了后面几张小礼物，我只收了一个渣反！[哇R]#买了不炫等于白买[话题]# #谁懂我的快乐[话题]# #开箱[话题]#",#买了不炫等于白买 #谁懂我的快乐 #开箱,10,0,0,图文,香酥小黄鱼XSXHY（经常误触收藏版😭💦）,678e0a1a000000000a03eecb,2025-08-11 16:10:30,https://www.xiaohongshu.com/user/profile/678e0a1a000000000a03eecb?xsec_token=ABzKwUzZn-xV8PQcwmN-DdS9vAktHRCS7TEjjjK9TtQqc=&xsec_source=pc_note,https://www.xiaohongshu.com/explore/6899a5760000000003024349?xsec_token=ABGzD5HhShDubzkY_C_PPXSzGbtTnfgmGCS2QsIiIgxAk=&xsec_source=pc_search&source=web_explore_feed,
689987a90000000023021343,海关扣货了？先别急！资深物流人教你化解,"宝子们，做跨境/海淘/物流的，最怕听到啥？“您的货物被海关扣留了！”😱 瞬间血压飙升有木有！稳住！冷静应对才是王道！这份科普&自救指南请收好！
扣货两大雷区要避开！
1️⃣ 📑 单证文件出问题
缺证少证：特殊商品（比如出口欧盟电子设备要RoHS声明、进口食品要卫生证）没带“身份证”，海关当然不让过！
信息对不上：装箱单、发票写的和实物货不对板？数量、重量、品名差一点都可能扣！
特别提醒：申报价值！是重灾区！🔥
虚低申报=大雷！海关只看结果！少缴税？补税+罚款是轻的，严重可能罚没！（别信“粗心”借口，海关不认！）证书过期（如动植物检疫证）也无效！
2️⃣ 📦 货物本身不合规！
质量安全红灯：玩具邻苯超标？家电阻燃不达标？违反进口国标准（如欧盟EN 60695），可能被召回销毁！
包装标签踩坑：没成分表、没警示标、没用进口国语言（比如日本食品没日语标签）？易燃品没用UN认证包装？扣！
价值申报争议：海关估价和你报的不一致？过高买家多缴税，过低？
4步自救法快行动！
1️⃣  💬 火速联系客户！及时沟通，商量对策，避免纠纷升级！客户熟悉当地，协助清关更高效！
2️⃣  📞 立刻找报关行！他们是海关老熟人！仔细看扣关通知，把问题清楚告诉报关行，听专业建议！
3️⃣  📂 精准回复海关+提交证据！ 在规定时间内，针对问题提供准确、完整的文件（正确发票、合同、授权书等）。通过报关行提交更稳妥！
4️⃣  ✅ 按海关要求执行：
补税：申报低了？合理估价后乖乖补缴。
补手续/认证： 缺进口权？找代理！缺原产地证？催供应商！缺CE认证？赶紧补办！
申请退运： 实在清不了关？申请退回（会产生额外费用，权衡下值不值）。
预防大于治疗！
1️⃣ 申报信息100%准确+完整！品名、数量、价值、原产地，必须和实物严丝合缝！发票清单要清晰！
2️⃣  提前吃透目的国规定！数量限制？申报价值门槛？安全认证要求？（比如美国对$800以下免税但有安全抽查）合规包装标签？门儿清再发货！
3️⃣  建立内部合规检查！定期自查进出口流程，发现问题早整改，把风险扼杀在摇篮里！
	
海关扣货糟心，但并非无解！冷静找原因，积极应对，大部分都能解决！做好预防，更能省心省力省💰！跨境路上，合规是王道！祝大家的货都顺顺利利通关到家！
	
#美国海运[话题]# #货代[话题]# #国际海运[话题]# #海外集运[话题]# #进出口报关[话题]# #报关[话题]# #美国海运[话题]# #外贸知识[话题]# #上海雄达国际物流[话题]#",#美国海运 #货代 #国际海运 #海外集运 #进出口报关 #报关 #外贸知识 #上海雄达国际物流,0,0,0,图文,Luna~~,5486ba48e77989496ee7b0f9,2025-08-11 14:03:21,https://www.xiaohongshu.com/user/profile/5486ba48e77989496ee7b0f9?xsec_token=ABOvHDj_58Gg9ziezk8GfQl5ccrHM0KmcHLzTGKgsgsS4=&xsec_source=pc_note,https://www.xiaohongshu.com/explore/689987a90000000023021343?xsec_token=ABGzD5HhShDubzkY_C_PPXS11S5S7rifTeUJIUHpor7x4=&xsec_source=pc_search&source=web_explore_feed,
68996cee000000002502afc6,hg暴恶，价格不错，可动也行,"hg的暴恶，一点不像seed片场 而且看不出来的是这玩意是独眼机。
价格六七十，组起来不错，站一起比元祖高不少，我最喜欢的就是可以轻松全挂载，没有什么武器剩下。
不过要注意，黑色板件防伪水纹，还油，建议消光，还有个前段时间买的龙哥的元祖，凑着一起喷了消光入柜。#高达模型制作[话题]#",#高达模型制作,1,0,0,图文,潘顺,60bcc7ee0000000001004549,2025-08-11 12:09:18,https://www.xiaohongshu.com/user/profile/60bcc7ee0000000001004549?xsec_token=ABwTvUwwIPoPvAZyxrEjOTBllgoTssiaPjlHE36-J2Nd0=&xsec_source=pc_note,https://www.xiaohongshu.com/explore/68996cee000000002502afc6?xsec_token=ABGzD5HhShDubzkY_C_PPXSwXl-ae42nwBUaqUzUXrdaE=&xsec_source=pc_search&source=web_explore_feed,
6894bdda0000000023037ee0,搞特摄的请避雷此人,头一次见连几块钱都不愿意退的。至今不回复我的消息。不想卖就退款装死干什么。#挂那些让人无语的[话题]# #不要被骗了[话题]# #什么人都有[话题]# #假面骑士加布[话题]# #假面骑士gavv[话题]# #假面骑士[话题]#,#挂那些让人无语的 #不要被骗了 #什么人都有 #假面骑士加布 #假面骑士gavv #假面骑士,92,16,3,图文,Seeun（互赞）,5ae1009ee8ac2b0a024d2963,2025-08-07 22:53:15,https://www.xiaohongshu.com/user/profile/5ae1009ee8ac2b0a024d2963?xsec_token=ABLh9TrFtGueED6UL0u_cNVTdtjf7YTG83tJzrMT9JEtE=&xsec_source=pc_note,https://www.xiaohongshu.com/explore/6894bdda0000000023037ee0?xsec_token=AByCRsaA-zWchN-u34sc7YWKjowlqJ1AoB80XFJjeih8s=&xsec_source=pc_search&source=web_explore_feed,
6894bb130000000023020fe1,咋又h了,去逛了一下海鲜市场，咋都要捆，这个不是刚通贩了[呃R][呃R][呃R]#查理苏[话题]# #光与夜之恋[话题]#,#查理苏 #光与夜之恋,203,117,7,图文,再也不碰乙游,651ffa9c0000000024016dcf,2025-08-07 22:41:23,https://www.xiaohongshu.com/user/profile/651ffa9c0000000024016dcf?xsec_token=ABHRGQIZt9_SiJEv3-hW84DQlTk8L2I_i8U-Vi58lm9VI=&xsec_source=pc_note,https://www.xiaohongshu.com/explore/6894bb130000000023020fe1?xsec_token=AByCRsaA-zWchN-u34sc7YWFG9w-hatQMVROcjYSD0ikU=&xsec_source=pc_search&source=web_explore_feed,
68907f5a000000002500cdce,原来点差这么好用,EX固定点差16梵6.4，最大杠杠2000，IC点差15梵4，最大杠杠1000，#黄金外汇[话题]# #外汇黄金原油[话题]#,#黄金外汇 #外汇黄金原油,2,7,0,图文,Calvin,64abf0af000000000a022998,2025-08-04 17:37:30,https://www.xiaohongshu.com/user/profile/64abf0af000000000a022998?xsec_token=AByNiA8Eqir9U9i-8eiA4x6NybL7j2c3zXxYiBevJcnis=&xsec_source=pc_note,https://www.xiaohongshu.com/explore/68907f5a000000002500cdce?xsec_token=AB9ewzjWLENcCtonADIy4q5uiw5gkEHKDD1gf8uYdOHCc=&xsec_source=pc_search&source=web_explore_feed,
689006620000000023037e78,消失的捏捏,这次狡狡诈诈消失的捏捏让我想到当时卡圈那个“天衣无缝”的“偷卡贼”。最开始那个小孩伪造开箱视频，真的天衣无缝，但是后来被眼尖心细的大家发现防水袋疑似被开过，还有一点就是那个小孩开箱的每一步都在刻意找卡（因为韩娱发货会有小礼物）那个小孩好像特别清楚知道卡在哪，一个礼物都没拆开就精准找到了卡，并且打开小卡包装袋后发现没有卡，开始表现得特别震惊。这次的事情大家都在蹲后续，好多宝宝说这个视频已经完整成这样了还不能售后，要有四面完整包装袋的才能售后觉得不合理。真的因为贼（卡圈的嗷！）真的上有政策下有对策，他们甚至连一样的防水袋都有，用吹风机把面单撕下来，偷偷开盒然后偷卡，最后用防水袋包好贴上面单，所以后面卡圈有了一种又一种的防偷卡办法。说真的捏捏其实可以学习一下，毕竟不一定谁都有打包视频#捏捏[话题]# #买捏捏哪有不疯的[话题]# #奇奇怪怪[话题]# #w奇奇怪怪[话题]# #消失的捏捏[话题]#,#捏捏 #买捏捏哪有不疯的 #奇奇怪怪 #w奇奇怪怪 #消失的捏捏,4,0,0,图文,不知道叫啥了,5b390e5e11be103338f1ae99,2025-08-04 09:01:22,https://www.xiaohongshu.com/user/profile/5b390e5e11be103338f1ae99?xsec_token=ABpROslVsZq-3kyZB4_lE0hnVOa-W-bSs3cgwb44buDzU=&xsec_source=pc_note,https://www.xiaohongshu.com/explore/689006620000000023037e78?xsec_token=AB9ewzjWLENcCtonADIy4q5pYnsbVXcknVaQcPWF4Pb6g=&xsec_source=pc_search&source=web_explore_feed,
688e1fb2000000002500e17a,纯壁垒哈 被追缴后拉黑删好友,"7.15 看小红书测评贴直接去了 第一把一个打手杀人就被踢 客服跟我解释说人脸了换号去ok 刚换完开第二把直接两个都被踢 客服来了一句买的脚本号 7.16邮件吃了挂车警告 客服说追缴包赔我也信了
7.24 下午点一单 期间也正常交流没发现啥不对 第二天25号继续点了监狱护航单 出了张监狱红卡后面也给打手➕鸡腿了
7.26‼️‼️‼️逆天的来了
一睡醒上游戏发现号封了3天 这几天除了在他们团点过就跟我男朋友玩的 然后客服跟我说等解封看邮件是不是他们店的 追缴包赔 7.29解封去对iD 发现对应的就是24号的那个护航 追缴了近2600w 客服扯皮说是租的号有问题过几天补 又说找个跑刀的给我跑回来 我很明确的说了不给任何人扫号 后续就是拉黑删除 真有你们的哈@Coke1c🍃 #三角洲行动[话题]# #三角洲护航[话题]# #三角洲护航🥣[话题]#",#三角洲行动 #三角洲护航 #三角洲护航🥣,2,1,0,图文,Ash,5ad445e74eacab30748b7139,2025-08-02 22:24:50,https://www.xiaohongshu.com/user/profile/5ad445e74eacab30748b7139?xsec_token=AB3xLi-HS73V0qkkw2wOJqyPe4ojwS1k8JUw0GLO9YUuA=&xsec_source=pc_note,https://www.xiaohongshu.com/explore/688e1fb2000000002500e17a?xsec_token=ABmR_8LbP2HfzN88xYJVAjC2E0CkvTxHczlFopGziWaJU=&xsec_source=pc_search&source=web_explore_feed,
688b33640000000025024310,无标题,GH  HAK-TLV 临时空仓 4500KG 体积不限  1号交深圳 3号海口飞 直飞市场最低价 泡货自己带目标价 可接带电#以色列[话题]##国际物流[话题]##空运头程[话题]#,#以色列 #国际物流 #空运头程,1,1,0,图文,深圳空运头程,6035c0180000000001005e2c,2025-07-31 17:12:04,https://www.xiaohongshu.com/user/profile/6035c0180000000001005e2c?xsec_token=ABML2TpmWbNNN8gKovCIUMXV0kdmbR7mmt6hA44AECsqY=&xsec_source=pc_note,https://www.xiaohongshu.com/explore/688b33640000000025024310?xsec_token=ABUVbi8nGfVMKFxt86jVDSyyXcbwm2w3FYNK-PhL-eFdg=&xsec_source=pc_search&source=web_explore_feed,
688a111b0000000022038159,分享一套HG40的配件,HG40配件,,3,0,1,图文,张小凡,63304bd5000000002303d687,2025-07-30 20:33:31,https://www.xiaohongshu.com/user/profile/63304bd5000000002303d687?xsec_token=ABHicyVtSIaMbPvJ1eeoMqx9M1NDGoJbpeLS1gk2YCwVo=&xsec_source=pc_note,https://www.xiaohongshu.com/explore/688a111b0000000022038159?xsec_token=ABFKEl5Be2Un4AjV0Y-0AZLIpwzvVRJWtifiD7ExhjQYk=&xsec_source=pc_search&source=web_explore_feed,
688742890000000023007329,无标题,"刷到了一个能代走路兄弟的，cpcb都行这个好美味啊。
那种就算hesh很着急想找logan也必须听从命令先完成其他任务，任务进行的很顺利眼看着马上就要到计划位置了结果被突然出现的人压制住，对方也不着急了结hesh给人揍得都快晕过去了，但哥在晕倒前本能的想到不能倒在这里他还要去救logan，对方在hesh无意识念叨一声logan的时候停下，把hesh的脸拽起来摘掉联合会的特制面罩出现一张很熟悉的脸问
“你刚才是想到我了吗，Hesh？”
然后就是怨念弟和震惊哥的大战。
	
诶那我就要发点cp向言论了。下面是cp向的弟↑哥↓还有点皇接受不了的快退出*挥舞*
弟↑在这个时候就很好吃了。弟被Rorke训练的比哥还强于是给哥绑起来像个怨夫一样一遍遍质问为什么要丢下他，为什么小的时候哥从来都不让别人欺负自己但现在为什么要留他一个人（当然这是被洗脑的结果），给哥拖回去○的哥连一个问题都说不出来，给衣服全扔一边逼迫哥看着自己被洗脑时身上的伤疤，哥甚至心疼的话都没说又被弟顶回去了。说自己像当初的Rorke希望Elias救自己一样盼着哥来，拿哥当唯一活下去的目标但哥就是不来（啊当然这也是被洗脑的结果），掐着哥的脖子○又在哥窒息前一刻松开，哥终于受不住再加上前面被揍于是两眼一闭就这么晕过去了，醒来以后发现身上的伤都被包扎好但手铐和脚镣怎么都解不开，弟也终于像以前一样在哥怀里睡了次好觉。
#heshlogan[话题]#",#heshlogan,84,5,12,图文,培根卷真的好吃（犯基根瘾难以自拔遂炫压抑版）,6732fbcc000000001c01a3dc,2025-07-28 17:27:37,https://www.xiaohongshu.com/user/profile/6732fbcc000000001c01a3dc?xsec_token=ABI1KimBz5vGrsa_kuaWMT-Ju0twqOiOg0ZVMTqU2Fzko=&xsec_source=pc_note,https://www.xiaohongshu.com/explore/688742890000000023007329?xsec_token=ABPPJpTSksFSYDYMXc5LxwMZg6p5VHbNZfJSMnYUy_PSQ=&xsec_source=pc_search&source=web_explore_feed,
6886f7b600000000200192b1,货代 上,"有人提问
快递寄DHL被海关扣了
物流如何赔钱
#集运[话题]#  #dhl[话题]# #货代[话题]# #运输[话题]# #空运[话题]# #国际空运[话题]# #dhl快递[话题]#",#集运 #dhl #货代 #运输 #空运 #国际空运 #dhl快递,0,0,0,图文,Mediavelop,5b60668a6b58b751bf6c87ca,2025-07-28 12:08:22,https://www.xiaohongshu.com/user/profile/5b60668a6b58b751bf6c87ca?xsec_token=ABOHPzBkPbM2kB2TSpdQX82bAw9pL9dFrHqjEdVI_3lLM=&xsec_source=pc_note,https://www.xiaohongshu.com/explore/6886f7b600000000200192b1?xsec_token=ABOtlvbz9n5wre95bqSrZW5_0y_n23_dX53IzNbTtdGWU=&xsec_source=pc_search&source=web_explore_feed,
6886f133000000002400d4bc,避雷一位核商 百宝核,320 41尺的四座楼 肚子看就是两个单只 商家说是正常的，怪我没看清楚盘了一会，我没提退款，自认倒霉。抖音评论了一下 直接给拉黑了 大家看见记得擦亮眼睛。,,2,10,0,图文,追光视觉,602d015e000000000100b184,2025-07-28 11:40:35,https://www.xiaohongshu.com/user/profile/602d015e000000000100b184?xsec_token=ABOyTvrJW29sp1gl6RO2-J3mZkxg-4SxiNncenOYlqHzc=&xsec_source=pc_note,https://www.xiaohongshu.com/explore/6886f133000000002400d4bc?xsec_token=ABOtlvbz9n5wre95bqSrZW568nLAWPGNyGMxMlgHcRR1M=&xsec_source=pc_search&source=web_explore_feed,
688052e80000000011003b93,570收了一盒五批机械师已接单是什么意思,"上周在闲鱼蹲到的好价，想知道接单之后大概什么时候发货呀急急急
二编：无论怎么样我会在这里帖子里再发后续啦，tq两百，是冒着风险买的
三编：15:06发货了!!!啊啊啊啊啊啊啊啊啊啊啊啊啊啊啊
四编：16:30已揽件!!!!!
五编：已经收到了!#第五人格[话题]# #第五人格机械师[话题]# #真理之下锁芯[话题]# #世界是一个巨大的第五人格[话题]# #第五人格真理之下[话题]#",#第五人格 #第五人格机械师 #真理之下锁芯 #世界是一个巨大的第五人格 #第五人格真理之下,27,56,0,图文,🧸慕若.,65b1bba50000000014005136,2025-07-23 11:11:36,https://www.xiaohongshu.com/user/profile/65b1bba50000000014005136?xsec_token=AB59JkrhKyJrAleePMKUqFPDEzwrQJjvGCw4Pju6Hh9Wk=&xsec_source=pc_note,https://www.xiaohongshu.com/explore/688052e80000000011003b93?xsec_token=ABeAudC89f7UtgPeB0J3RXa4MAoeCA_dVGSV0UTwO43LA=&xsec_source=pc_search&source=web_explore_feed,
687facac000000000d026d65,深夜更新！一些虫族小脑洞,"当受尽折辱的雌虫被强制匹配到一个讨厌雌虫的雄虫家中——第二章！
这次主要写的是可怜的莱诺宝宝视角，曾经的折磨让莱诺宝宝觉得这一切都不太真实，秉承着怀疑的态度，莱诺宝宝终于！睡着了(*´I`*)
	
下一章就开始写哈德手足无措的面对可怜宝宝莱诺了哇咔咔（苍蝇搓手）
	
#虫族[话题]# #bl[话题]# #HC文学[话题]# #脑洞[话题]# #虫族文[话题]# #虫族设定[话题]#",#虫族 #bl #HC文学 #脑洞 #虫族文 #虫族设定,635,42,157,图文,深海萨摩耶,629b55f4000000001b028266,2025-07-22 23:22:20,https://www.xiaohongshu.com/user/profile/629b55f4000000001b028266?xsec_token=ABswzlzSwRWk9FQQFqM6ufIBZhbs9lh3D-OKa55t5S30E=&xsec_source=pc_note,https://www.xiaohongshu.com/explore/687facac000000000d026d65?xsec_token=ABDLlWyvyGVPMgQfezfVybkogqOiJLUKB7sX6FGQQDYlk=&xsec_source=pc_search&source=web_explore_feed,
687fdc870000000010027e46,哈哈哈tlv你让我担心起来了,"最近hj和tlv的咬地鲨都出货了
但是有一部分车友发出来反馈tlv的品控差
有些不该有的瑕疵也多了起来
尾杠缝这块就不说了 常态属于
但是品控是不是有点不太稳定[呃R]
我以为400r品控不稳只是短时间有问题
结果是从400r开始就开始品控下滑
虽然说不缺我这一个买的
但是长点心吧真的 隔壁hj都知道发力了
谁都不想开盲盒 盲盒瑕疵只能自己认栽
#小比例车模[话题]# #164汽车模型[话题]# #tlv[话题]# #咬地鲨[话题]#",#小比例车模 #164汽车模型 #tlv #咬地鲨,31,32,2,图文,今晚呃虾条,5fd4ae91000000000101c4b5,2025-07-23 02:46:31,https://www.xiaohongshu.com/user/profile/5fd4ae91000000000101c4b5?xsec_token=ABIucNvVRiuChvh9AgWwT0_vPd0rZ8eW_Cn0PsEtR4vW8=&xsec_source=pc_note,https://www.xiaohongshu.com/explore/687fdc870000000010027e46?xsec_token=ABDLlWyvyGVPMgQfezfVybki7x0Bo1BkzIgONB5WSxHy4=&xsec_source=pc_search&source=web_explore_feed,
687e9c9d000000000d027a6a,无标题,"事后草的裙子都截团了，鱼上面也是h价怎么办？
我当时还没有入坑，所以不知道什么裙子再贩之类的。圣诞g，雀之羽截团了。还有一个古董蛋糕尾款了。但是我没定金。",,4,9,0,图文,芙琳娜,650fb6ba0000000002012bfb,2025-07-22 04:01:33,https://www.xiaohongshu.com/user/profile/650fb6ba0000000002012bfb?xsec_token=ABVu48NxmU-SyoEU9bNGQUIJCSvfMyvD_a96wwV8RICXU=&xsec_source=pc_note,https://www.xiaohongshu.com/explore/687e9c9d000000000d027a6a?xsec_token=ABVw-SlzY7EUITR8hkFt_mJ8ycm6zQxcav4QwxXxnIt98=&xsec_source=pc_search&source=web_explore_feed,
687dce5400000000230068ec,周末晚上的加班,还是继续鼓捣hg黑。这个批次用eva的轴间垫试试。弹簧还是老演员tx。#每天都要晒键盘[话题]# #客制化键盘[话题]# #客制化键帽[话题]# #机械键盘[话题]# #键帽[话题]# #樱桃黑[话题]# #hg黑轴[话题]#,#每天都要晒键盘 #客制化键盘 #客制化键帽 #机械键盘 #键帽 #樱桃黑 #hg黑轴,3,0,1,图文,Jakiepooh,5efbbb5d00000000010011a5,2025-07-21 13:21:24,https://www.xiaohongshu.com/user/profile/5efbbb5d00000000010011a5?xsec_token=ABg25GsweTmaBJBrn1QTY6Doz125sdkQ-8r_xqJdzqBEg=&xsec_source=pc_note,https://www.xiaohongshu.com/explore/687dce5400000000230068ec?xsec_token=ABVbrTI6XEnhLJTM6b76j5B-KE5T-75Xo3gy7SPaNJGQE=&xsec_source=pc_search&source=web_explore_feed,
687cfa840000000012031f2d,4H破坏块（BB），OB黑化后真的很厉害,"这是XAU 4H的图表，4H的看跌OB被突破后变成了BB（破坏块Breakout Block），也就是sell被强大的buy接管了。当price再次回来，buy方是不允许打破他的成本区。
如果你提前学了这些，这两次的反弹都会在50$以上，你再也不需要去看均线、画通道、看123波浪，高端的交易就这么朴实无华。",,32,1,28,图文,交易员willsen,5dae66970000000001005fc8,2025-07-20 22:17:40,https://www.xiaohongshu.com/user/profile/5dae66970000000001005fc8?xsec_token=ABX-yUNBbLn_IDm5Aa__vh-jWjnNqtwZvLP5lI_1RSO_g=&xsec_source=pc_note,https://www.xiaohongshu.com/explore/687cfa840000000012031f2d?xsec_token=ABWbt1DKRR6XyR-GOTrc4dbxHy8N8vpJttTMM0Vw4W9LU=&xsec_source=pc_search&source=web_explore_feed,
687babb60000000010025415,这是恶意售后吗？,"btd，我是买家，卖家说我恶意售后
	
我想知道戴了不到一个月链子断了要求卖家免费维修，不补珠子不补宝石，只是换根线，且自己承担寄回运费，算恶意售后吗？铁丝一个月非人为断了真的不是质量问题吗？没在🍠上买过项链，至少在线下买的项链断了都是可以免费到店维修的，这玩意儿总价就58，收我15维修费[黑薯问号R][黑薯问号R][黑薯问号R]
	
#无良商家必须严惩[话题]# #网购避雷[话题]# #售后服务[话题]# #整顿不良商家[话题]# #避雷店铺[话题]# #远离无良商家[话题]# #侵犯消费者权益[话题]#",#无良商家必须严惩 #网购避雷 #售后服务 #整顿不良商家 #避雷店铺 #远离无良商家 #侵犯消费者权益,6,13,0,图文,为游戏献上肝脏（瑞萍版）,670f6014000000000d025904,2025-07-19 22:29:10,https://www.xiaohongshu.com/user/profile/670f6014000000000d025904?xsec_token=AB_bRdkUVOriDlCR3qfbiP7JSSTQ7393g0xinUK9wDPyE=&xsec_source=pc_note,https://www.xiaohongshu.com/explore/687babb60000000010025415?xsec_token=ABmNvn-lrouywkqrQLlhbDkwd-FD-I69t6gocucgYc93U=&xsec_source=pc_search&source=web_explore_feed,
6879f9cf00000000170316e9,8.5代避震漏油成通病了吗,"网上看了看案例，各地区都有原厂避震漏油的现象发生[笑哭R]，不过这台车没有，完完全全是为了满足自己的驾驶乐趣选择改装
话说回来，虽然8.5代搭载的这台EA888无法做动力升级，但是操控依旧沿用之前的方案。
保留原厂DCC的情况下，RSS DT目前也是唯一性价比最高，最出效果的方案了[偷笑R]
#八代GTI[话题]# #RSS绞牙避震[话题]# #绞牙避震[话题]# #高尔夫[话题]# #高尔夫8[话题]#",#八代GTI #RSS绞牙避震 #绞牙避震 #高尔夫 #高尔夫8,6,7,0,图文,Changer+老王,59e04bc86eea884763a35ca9,2025-07-18 15:37:51,https://www.xiaohongshu.com/user/profile/59e04bc86eea884763a35ca9?xsec_token=ABUksLd24dqzrPzORR7iL4WgyUi54DCPwYrjnJtT6DhsQ=&xsec_source=pc_note,https://www.xiaohongshu.com/explore/6879f9cf00000000170316e9?xsec_token=ABPZmpghzwfJWYLc2uHhth3ujzbNd3dNIM_8McVF6vb-o=&xsec_source=pc_search&source=web_explore_feed,
6879eccf0000000023004111,女大學生勇闖黃金外匯圈，要哭了,有沒有大佬救一下[哭惹R][哭惹R][哭惹R]#大黄[话题]#,#大黄,37,117,14,图文,诗晴,66554a41000000000303206d,2025-07-18 14:42:23,https://www.xiaohongshu.com/user/profile/66554a41000000000303206d?xsec_token=ABa_4yTx4z2CHzY7QmcCAVffaqvMjcA3ROufHSOirT72U=&xsec_source=pc_note,https://www.xiaohongshu.com/explore/6879eccf0000000023004111?xsec_token=ABPZmpghzwfJWYLc2uHhth3vDSmvb4KTUMpmPTfxGh4xw=&xsec_source=pc_search&source=web_explore_feed,
687879ab000000000d024f14,狠狠抄底 保持质疑,大件7月中全跑了，赚了2万多，这波直接暴跌1w➕ 继续捏还是割肉#csgo[话题]# #csgo饰品[话题]# #cs女玩家[话题]#,#csgo #csgo饰品 #cs女玩家,8,68,1,图文,Htygu,66d1688e000000001d0311cd,2025-07-17 12:18:51,https://www.xiaohongshu.com/user/profile/66d1688e000000001d0311cd?xsec_token=AB9M-I8By078CtFBUSUNpGwE0OeixOmcN2muH_Aa5TqB8=&xsec_source=pc_note,https://www.xiaohongshu.com/explore/687879ab000000000d024f14?xsec_token=ABTsDgftkQejH5xMWh4c5q3vrGiSm2PPjRYWSDS4twyGA=&xsec_source=pc_search&source=web_explore_feed,
68788ec7000000001d00f616,Hong Kong废五金进口清关,香港回珠三角接再生铝铜铅锌锡镍钨钢磁铁水银进口物流#进口清关[话题]# #香港清关[话题]#,#进口清关 #香港清关,66,45,13,图文,开饭了,64eedde80000000005002fe9,2025-07-17 13:48:55,https://www.xiaohongshu.com/user/profile/64eedde80000000005002fe9?xsec_token=ABU3NMPGesXi3lP9qXk7Y14jEjtoAiYJjou62ho2FDUzU=&xsec_source=pc_note,https://www.xiaohongshu.com/explore/68788ec7000000001d00f616?xsec_token=ABTsDgftkQejH5xMWh4c5q3mchv-EQBBw_pN_0B8Opoeg=&xsec_source=pc_search&source=web_explore_feed,
68773615000000001d00d3da,PC真坏，假币入盒不给赔偿说是假盒,"PC真坏，假币入盒不给赔偿说是假盒，假盒你删官网图干什么？
每年都有这样的情况，pc的赔偿都是打折打骨折
所以钱币本身的真假非常重要，欢迎藏家朋友们交流#钱币收藏[话题]#",#钱币收藏,27,21,12,图文,农民企业家,5af7e154e8ac2b093096bdb8,2025-07-16 13:18:13,https://www.xiaohongshu.com/user/profile/5af7e154e8ac2b093096bdb8?xsec_token=ABbBEPyRD0AzlwGzV1dG-6VNvRohMMHv4jq0LVKBImshw=&xsec_source=pc_note,https://www.xiaohongshu.com/explore/68773615000000001d00d3da?xsec_token=ABEmJhdelYGcqj4BNZcAqcVtVOuV5XjrptWjt8JdfITgc=&xsec_source=pc_search&source=web_explore_feed,
6877073b0000000013012eae,“三截四关” 搞不懂？难怪你的货总被甩柜,"前几天粉丝哭诉：货柜到了码头才发现过了截港时间，眼睁睁看着船开走，不仅多付 8000 元滞港费，还耽误了客户的黑五补货… 其实 90% 的海运坑，都栽在 “三截四关” 没搞懂！
	
💡 先搞明白：“三截四关” 就是海运的 “生死线”，错过任何一个，货都可能走不了！
	
🚢 三截：3 个绝对不能错过的截止时间
	
截关：海关收 “放行条” 的最后期限（比如船周六开，截关可能在周四）。超时没交，哪怕货在码头也上不了船！
截单：改提单信息的 “免费截止日”。比如客户突然要改收货地址，截单前改免费，之后改一次至少 500 元（有的船公司收 1000+）。建议截单前 3 小时再跟客户核对一次信息！
截港：码头收重柜的最后时间（俗称 “截重柜”）。比如截港是周三中午 12 点，你的货柜周三下午到，码头直接拒收！
	
🛃 四关：海关的 “四道检查门”
	
报关：向海关申报货物品名、价值（比如 100 箱衣服，要写清材质、数量、HS 编码）。报错轻则扣货，重则罚款！记得用海关总署的归类通查准编码再报！
清关：进口方的 “全套手续”（比出口复杂 ）。包含报关、查验、交税，比如美国清关要提前准备好提单、装箱单、商业发票，缺一样都可能卡关。
结关：海关 “盖章放行” 后的收尾。比如船开后 3 天内，货代要把装船信息报给海关备案，不然影响后续退税（退税慢 1 个月，现金流都受影响！）。
通关：所有海关手续的 “总称”。比如你的货到港后，完成报关、交税、查验，海关说 “过”，才算真正通关。
	
🎯 老司机避坑指南
	
做个 “时间轴”：拿到订舱单后，立刻标 3 个关键时间 —— 截港（最早）＞截关＞截单（最晚），比如船开前 7 天备完货，5 天进仓，3 天完成报关，留 2 天缓冲！
盯紧货代：提前问清 “截单后改单费”“截港后加急入港费”（心里有底才好砍价），最好让货代每天发一次进度（比如 “已进港”“已报关”）。
突发情况处理：
✔️ 快截港了货还没好？立刻联系货代申请 “加急入港”
✔️ 截单后必须改信息？先问清楚 “改单费 + 到港时间是否影响”，比如客户能接受晚 2 天到，再付费改
✔️ 怕错过时间？设 3 个闹钟：截港前 1 天、截关前 6 小时、截单前 12 小时
	
﻿#海运知识[话题]#﻿ ﻿#跨境物流[话题]#﻿ ﻿#外贸干货[话题]#﻿ ﻿#海运避坑[话题]#﻿ ﻿#货代攻略[话题]#﻿ ﻿#跨境电商[话题]#﻿﻿#国际物流[话题]#﻿ ﻿#三截四关[话题]#﻿ ﻿#海运干货[话题]#﻿ ﻿#跨境电商物流[话题]#﻿",#海运知识 #跨境物流 #外贸干货 #海运避坑 #货代攻略 #跨境电商 #国际物流 #三截四关 #海运干货 #跨境电商物流,1,0,0,图文,一八供应链郑州子公司,66a36389000000000d02680e,2025-07-16 09:58:19,https://www.xiaohongshu.com/user/profile/66a36389000000000d02680e?xsec_token=ABpgICZ0A9Nt_EL_5KVKJNOb5Y7LbbS7f5qAI8PWtxWCg=&xsec_source=pc_note,https://www.xiaohongshu.com/explore/6877073b0000000013012eae?xsec_token=ABEmJhdelYGcqj4BNZcAqcViZY6kfaTUVzSAVJSF0oGX4=&xsec_source=pc_search&source=web_explore_feed,
687688db00000000150224df,收个黄金被派出所叫过去了,今年2月份收了一单30多克黄金，结果7月份接到派出所电话，让我去配合做笔录，顿时心里咯噔一下，难道不会收到脏货了吧？结果还真是，这个顾客还是个老客户，之前也卖过一些酒啊啥的给我，交易地点也是在他家小区楼下，怎么也想不到这些黄金来的不干净，好在当时记录拍照，留资料了，包括款式，克重，金额。后来了解到此人是入室盗窃，这种行为比较严重，人啊，在社会上一定要干正当的事，为了这点钱失去了自由得不偿失，宁愿赚的少一定要合法，不合法赚的再多，总有一天你也得进去，记住一句话，若要人不知除非己莫为，你做了一定会东窗事发的[微笑R]#金条[话题]# #今日金价[话题]# #黄金知识[话题]# #黄金首饰[话题]# #黄金闲置[话题]# #囤金是一件有趣的事情[话题]# #国际金价[话题]# #当代年轻人黄金血脉觉醒[话题]#,#金条 #今日金价 #黄金知识 #黄金首饰 #黄金闲置 #囤金是一件有趣的事情 #国际金价 #当代年轻人黄金血脉觉醒,1704,450,198,图文,盐城黄金回收(手表，钻石，包包),5fd0ac82000000000101e56b,2025-07-16 00:59:07,https://www.xiaohongshu.com/user/profile/5fd0ac82000000000101e56b?xsec_token=ABZ6VDDTDYlmSlPneJPUz8nkan_rmEvKslR4wT193zQuE=&xsec_source=pc_note,https://www.xiaohongshu.com/explore/687688db00000000150224df?xsec_token=ABb24dhC1YdCV9o19MBUORB3c9S77qk5TCDxuwrh_DM18=&xsec_source=pc_search&source=web_explore_feed,
68761575000000002201d04b,扎克事件团全跑了,"扎克事件是谁在唱衰😅，我跟的团全散了，再收收不到好价了，前几天全在唱衰，出货了又猛猛涨价，买个娃感觉被做局了😅
#买扎克事件了吗  [投票]#
#bjd[话题]# #一个人上网挺无助的[话题]# #盲盒[话题]# #扎克事件[话题]# #退款[话题]#
	
蹲好价体和观察对象[失望R][失望R]",#bjd #一个人上网挺无助的 #盲盒 #扎克事件 #退款 #买扎克事件了吗 ,90,182,11,图文,虎鹿,66943103000000000f0365bb,2025-07-15 16:46:45,https://www.xiaohongshu.com/user/profile/66943103000000000f0365bb?xsec_token=ABJ-zA9LIfT6RbOTrESERXd7MrSSVWHVxmR5N91nAs-T4=&xsec_source=pc_note,https://www.xiaohongshu.com/explore/68761575000000002201d04b?xsec_token=ABb24dhC1YdCV9o19MBUORB0tZj_X5SDrfyYKWpqdw4as=&xsec_source=pc_search&source=web_explore_feed,
687624ba00000000230051cf,毒流量到底由谁来界定,"今日转发自朋友的奇葩事件
台子就不说了只能讲以后这类对du平台一律不碰
真的离谱
如果你不知道利润来自于哪里
那你就是利润本身[黑薯问号R]
	
#擦亮眼睛看清事实[话题]# #外汇[话题]#",#擦亮眼睛看清事实 #外汇,7,9,0,图文,Kiki学姐,682d424a000000000e02c991,2025-07-15 17:51:54,https://www.xiaohongshu.com/user/profile/682d424a000000000e02c991?xsec_token=ABEJHsfZn3dDcroUG2IRw-PZ80IkiGulcIjUux9JtHHzQ=&xsec_source=pc_note,https://www.xiaohongshu.com/explore/687624ba00000000230051cf?xsec_token=ABb24dhC1YdCV9o19MBUORB0uHJK8mutchXI7ES-RftMA=&xsec_source=pc_search&source=web_explore_feed,
6875049f0000000017036b66,万代HG佐寇克 素组分享,"久违的水产time，猴霸来哩
	
机设越怪，胶佬越爱，就好这口大眼萌。hg猴霸零件不算多，但头（或者说是身体？）和腿的设计相当不错。眼部靠球关实现大范围可动调节，透明件的应用比象霸的透明塑料片更有质感，不过前方透明件卡得不是很紧，调节眼部经常拆卸要注意变松掉件的问题。头镖安插相对适中，正面有一处水口需要小心处理不然痕迹会比较扎眼。小腿外甲靠嵌套实现边缘条纹的分色，屈膝幅度不错还有防穿帮设计，接地性也不赖，把玩起来很舒服。
	
手这块就一言难尽了，一对握持一对握拳四个手型的大拇指都偷胶，手臂管子的连接有用pc件，掰起来手感不算好，连接缝隙也比较大，可动却没提升太多，也就加装零件伸长手臂的玩法比较有趣。袖筒白色条纹的贴纸为了贴合曲面有预裁切，效果只能说不是很好，说明书19步里这个贴纸看着就感觉容易被剐蹭，索性没贴。其他分色相关的还有热能刀，刀身有实色和透明两种，透明件要补刀身红色和刀锷灰色，背包上众多喷口需补黄色内衬。背包的动力管连接了躯干和胯部，把腰的可动完全限死。猴霸支架连接口靠一个喷口零件遮挡，好在造型完整，坏在比较难抠。
	
水产前两年真海景啊，年初再版后猴霸总算开始降了，虽然还是挺高。拿不准什么时候才触底但懒得再等，25年3月126入手，后面看到过最低是117，目前某多现货132，哪怕日元定价从1700涨到1900，还是和五算有不小的差距，也许这就是水产凯子被收割的命运吧。
#拼装模型[话题]# #万代[话题]# #高达模型制作[话题]# #HG[话题]# #佐寇克[话题]# #吉翁水产[话题]# #独眼机[话题]# #HGUC[话题]# #猴霸[话题]#",#拼装模型 #万代 #高达模型制作 #HG #佐寇克 #吉翁水产 #独眼机 #HGUC #猴霸,10,3,1,图文,咕肾,5afd2bc911be10591dc262fe,2025-07-14 21:22:39,https://www.xiaohongshu.com/user/profile/5afd2bc911be10591dc262fe?xsec_token=AB5bWEC3SS9r1Jlv-4_uLiMX2CzKmaiLR2U0T1vk7dPfM=&xsec_source=pc_note,https://www.xiaohongshu.com/explore/6875049f0000000017036b66?xsec_token=ABXFegnGK_iWOIXiLoClHbfOMh-SNo8T2zXslGBN0Cyw8=&xsec_source=pc_search&source=web_explore_feed,
6873c95c00000000220334d2,GQUUUUUX 刚加浓,"免税店带回的GQUUUUUX，刚加浓。今日尝鲜分享。
去日本怎能不带点货呢。今天三下五除二把新入的HG刚加浓给办了。
可以说一言难尽。板件很嫩，指甲一扣一个印的那种。新一代的机器审美不好说。有点不习惯。结构上腰部的球形关节设计，有点新意。到了胯部就看不了了。后背整个一个没屁帘儿。暴露无疑。大腿也是。小腿还算有全甲包裹。脚面儿存粹就是感觉来凑数的。脚关键结构那叫一个省料，谁用谁知道。就酱了。100块玩个新鲜。#大人也要玩玩具[话题]# #高达[话题]# #GQUUUUUX高达[话题]# #懂的自然懂[话题]# #懂得都懂系列[话题]# #高达模型制作[话题]#",#大人也要玩玩具 #高达 #GQUUUUUX高达 #懂的自然懂 #懂得都懂系列 #高达模型制作,11,3,2,图文,前村的Gunpla进城买胶,5c6d503b000000001201d424,2025-07-13 22:57:32,https://www.xiaohongshu.com/user/profile/5c6d503b000000001201d424?xsec_token=AByiQmuMI9qwYLZgFl0PlkXKkwMgNO6a-Uf4zJHpwJXPQ=&xsec_source=pc_note,https://www.xiaohongshu.com/explore/6873c95c00000000220334d2?xsec_token=ABMROb55Vk8xAAOK_-9u8u4LD70E8D4ilZcPlNGNgGDu0=&xsec_source=pc_search&source=web_explore_feed,
68736830000000002201d64e,HG渣古合集（現貨）,"價格甚麼的不知道該怎麼回了
又被警告違規了[汗颜R]",,4,6,0,图文,愛模聊（澳門）,63a13a580000000026004d56,2025-07-13 16:02:56,https://www.xiaohongshu.com/user/profile/63a13a580000000026004d56?xsec_token=ABTa8KoqUyWuJ3PJFY_73yVgIxRqVLpFLY1XzTQbE0qaM=&xsec_source=pc_note,https://www.xiaohongshu.com/explore/68736830000000002201d64e?xsec_token=ABMROb55Vk8xAAOK_-9u8u4PjRIk2q2kANufoBkqSvasc=&xsec_source=pc_search&source=web_explore_feed,
687358e4000000001301377f,盘点一下hem新出的gtr r35,来看看在2025年一辆小车出厂可以有多少瑕疵，引擎盖光油印，碳纤维水贴裁剪两边不一样，大灯内凹，喷漆不到位，轮子烂，水贴质量差，各种胶印，尾翼歪水贴歪，铭牌像马赛克，这种出厂让我不由得想起了某个故人#小比例车模[话题]# #汽车模型[话题]#,#小比例车模 #汽车模型,23,21,2,图文,七月,5c601fad000000001802eca6,2025-07-13 14:57:40,https://www.xiaohongshu.com/user/profile/5c601fad000000001802eca6?xsec_token=ABU1FXvUJGU6T3MvuFj6Fky4Ypio0oe8PLDZ8BRQFF0a0=&xsec_source=pc_note,https://www.xiaohongshu.com/explore/687358e4000000001301377f?xsec_token=ABMROb55Vk8xAAOK_-9u8u4ISI76F5vAX6fzi6To9QiNg=&xsec_source=pc_search&source=web_explore_feed,
