﻿笔记ID,标题,描述,标签,点赞数,评论数,收藏数,类型,昵称,UID,发布时间,主页链接,笔记链接,文件目录
67bda64a000000000602b2db,一文讲清～,#物流知识[话题]# #关务知识[话题]# #跨境电商[话题]# #跨境[话题]# #跨境人[话题]# #跨境[话题]# #海关[话题]# #海关扣押[话题]# #海关处罚[话题]#,#物流知识 #关务知识 #跨境电商 #跨境 #跨境人 #海关 #海关扣押 #海关处罚,12,0,11,图文,关务知识库,5dbbed8d00000000010085b1,2025-02-25 19:15:22,https://www.xiaohongshu.com/user/profile/5dbbed8d00000000010085b1?xsec_token=ABX5MwcnjrzqH4ZRBTuqj9lEFMQuKjYIWHSJeS72ZY79w=&xsec_source=pc_note,https://www.xiaohongshu.com/explore/67bda64a000000000602b2db?xsec_token=ABRT7YvyyiGGVYj_A_PpZtodwFeid45ibRQN-eYRjANhU=&xsec_source=pc_search&source=web_explore_feed,
6700bea5000000001a023b4d,第一次上鼓轮,期待开光#路亚[话题]# #禧玛诺[话题]# #cq201hg[话题]# #革梦士[话题]# #kkr线杯[话题]# #exp[话题]# #TK卸力报警[话题]#,#路亚 #禧玛诺 #cq201hg #革梦士 #kkr线杯 #exp #TK卸力报警,10+,10+,3,图文,咖喱路亚,5acacd5a11be103eda62624c,2024-10-05 12:20:53,https://www.xiaohongshu.com/user/profile/5acacd5a11be103eda62624c?xsec_token=ABTrm2e-wXvsfm82ILmdMsV4X73slINpgTEpvrXvPqGSk=&xsec_source=pc_note,https://www.xiaohongshu.com/explore/6700bea5000000001a023b4d?xsec_token=ABcdYq0jSg_raJRHvfFMO2k_pU0cfqFUSCTR-cUHcGzYk=&xsec_source=pc_search&source=web_explore_feed,
686c7a1800000000100125f9,🈺,#靠谱代购推荐[话题]# #好物推荐🔥[话题]# #大家看看我[话题]#,#靠谱代购推荐 #好物推荐🔥 #大家看看我,1,0,0,图文,荼蘼,58c6ad2e50c4b435bc9dc99c,2025-07-08 09:53:28,https://www.xiaohongshu.com/user/profile/58c6ad2e50c4b435bc9dc99c?xsec_token=AB4ffI10NOQgpkdRmDnfsPTC3qmA5wi-jZ9-mVMnuMS1Y=&xsec_source=pc_note,https://www.xiaohongshu.com/explore/686c7a1800000000100125f9?xsec_token=ABLBcJhZI9fGcYSBiCcy1Jgj4zcRk4mt-h05wTgB2JB3g=&xsec_source=pc_search&source=web_explore_feed,
68929240000000002303807e,嗯 还有？ 日服杰刚大队再版新增批次,"国服上一波各位抢到了吗？新批次为图中的6台
EWAC杰刚国服也开得太少了
#模型[话题]#  #高达[话题]#  #小红书兴趣季[话题]#",#模型 #高达 #小红书兴趣季,10+,10+,10+,图文,超级玩物,62fd97c2000000000f004e0e,2025-08-06 07:22:40,https://www.xiaohongshu.com/user/profile/62fd97c2000000000f004e0e?xsec_token=ABccMd3SekkHsUuwef6Re_tZg849ZKe_X4PQPXB9C9J4U=&xsec_source=pc_note,https://www.xiaohongshu.com/explore/68929240000000002303807e?xsec_token=AB7W3H-U1SPHWyw6eWplUj5NuGs5cgiT0cuQ5eHUniRo8=&xsec_source=pc_search&source=web_explore_feed,
68aad39e000000001d02dcdc,谁能管管,"hg开箱查验喜提全瑕大礼包
咱就是说拆完以后没奢求再塞回泡泡纸里 塞回原来的袋子里不行吗 就这么水灵灵的散着
我真的 合法公民该收的税一分没少交 工作人员要是带着怨气就别上班了 趁早辞了回家呗
#谷子[话题]#",#谷子,10+,2,0,图文,喋喋檬（评论禁言请私信）,5d73851b00000000010052b6,2025-08-24 16:55:58,https://www.xiaohongshu.com/user/profile/5d73851b00000000010052b6?xsec_token=ABb7KB5xmfKHPyEDUBMkW0HnVqLax3Fe63-9P7bSR4oBw=&xsec_source=pc_note,https://www.xiaohongshu.com/explore/68aad39e000000001d02dcdc?xsec_token=ABk2ms65nHesivpcMELOhXsP6R-B5GGAA-6k-UPCZwxD4=&xsec_source=pc_search&source=web_explore_feed,
65f66f11000000000d00d77a,时代的眼泪 刺客14高端HG,"从刺客15开始耐克已经不再生产高端HG
作为特供日本韩国的产品
韩国更喜欢TF AG 日本有非常优秀的本土产品
高端HG需求越来越少 且穿且珍惜吧
	
#nike[话题]# #耐克[话题]# #足球鞋[话题]# #足球鞋推荐[话题]# #足球鞋分享[话题]# #足球鞋测评[话题]# #球鞋[话题]# #球鞋分享[话题]# #球鞋开箱[话题]# #足球[话题]# #足球的魅力[话题]# #足球我最熟[话题]# #小红书竞技场[话题]# #体育运动[话题]# #ultrasports[话题]#",#nike #耐克 #足球鞋 #足球鞋推荐 #足球鞋分享 #足球鞋测评 #球鞋 #球鞋分享 #球鞋开箱 #足球 #足球的魅力 #足球我最熟 #小红书竞技场 #体育运动 #ultrasports,10+,10+,2,图文,UltraSports,65ef9be3000000000500b00a,2024-03-17 12:18:25,https://www.xiaohongshu.com/user/profile/65ef9be3000000000500b00a?xsec_token=ABKQDSGhqh7m7MYIgoll6bZoohcWe0amSccLWRxnYgi80=&xsec_source=pc_note,https://www.xiaohongshu.com/explore/65f66f11000000000d00d77a?xsec_token=ABK8YzE4D8g7tfu0OTScDmb_mqD3WM_ybLEru_zT8IdDU=&xsec_source=pc_search&source=web_explore_feed,
689c0866000000001c0106a8,人有多大胆，HS随便选？,"“报关HS编码？随便扒一个报上去呗，能把货弄出来就行，怕啥？”
“不就一个破编码吗？蒙对了就赚，蒙错了再说——多大点事儿！”
是不是听着特耳熟？像极了当年“人有多大胆，地有多大产”的荒唐？
但我告诉你：这赌的不是运气，是你小厂子的命！
上个月一个客户，T恤衫瞎报成“针织上衣”，HS错了个位数，结果税率差3%，海关追征补税+罚款27万——他那批货利润才15万，直接把前两年的赚的全填进去了！
还有更绝的：把“普通塑料件”误报成“工程塑料配件”， HS沾边但不对，结果被判定为“申报不实”，货扣了12天，滞港费+仓租每天5000，最后货是弄出来了，厂子却因为资金链断了，直接关门了。
你以为是“能弄出来就行”？错！HS错了，货就算侥幸出去，后续追征、罚款、信用降级照样找上门！小企业抗风险能力就那么点，一次报错，可能就是压垮骆驼的最后一根稻草。
别拿“大胆”当本事，合规路上，一步踏错，可能就再没回头路。
#HS编码陷阱[话题]# #出口血泪史[话题]# #小企业报关必看[话题]##缉私[话题]# #行政处罚[话题]# #海关查验[话题]# #海关归类[话题]#",#HS编码陷阱 #出口血泪史 #小企业报关必看 #缉私 #行政处罚 #海关查验 #海关归类,1,0,0,图文,大胡子MAX,56381d99e58d13471cf5f573,2025-08-13 11:37:10,https://www.xiaohongshu.com/user/profile/56381d99e58d13471cf5f573?xsec_token=AB5LKT_SUoNf0gdcyT7TIwdeoQYdeUeqBxoUP1C3u-c8o=&xsec_source=pc_note,https://www.xiaohongshu.com/explore/689c0866000000001c0106a8?xsec_token=ABTg6ARQ8QXqSCD1XaRx8pK7FnqJzWWvNkFACejfpKosQ=&xsec_source=pc_search&source=web_explore_feed,
675ba83a0000000002034fc9,六毛钱解决了S钩勾手的问题,"[自拍R]换了安全扣再也不怕S钩勾破手指了，但是操作真的好难[捂脸R]，首先你要把原来的S钩卡着头的时候往上提，再把葫芦扣从娃头里面钩进去，成功后把S钩抽出来，相当于娃头连着脖子的时候，葫芦扣和S钩同在娃头里面。没力气或者没第三人帮忙，是弄不了的。
	
#bjd[话题]# #bjd换S钩[话题]# #葫芦扣[话题]# #登山扣[话题]# #安全扣[话题]#",#bjd #bjd换S钩 #葫芦扣 #登山扣 #安全扣,10+,1,10+,图文,momo,66af3d26000000000d0250e2,2024-12-13 11:21:30,https://www.xiaohongshu.com/user/profile/66af3d26000000000d0250e2?xsec_token=AB0XGQ-b8GlBbUapJ4PSN5DahJIwhuswXAKknOHh4garA=&xsec_source=pc_note,https://www.xiaohongshu.com/explore/675ba83a0000000002034fc9?xsec_token=AB_ZTwxtbzArk75YRdLeLOkVJQuDFMhvti3rVgJBr5x0g=&xsec_source=pc_search&source=web_explore_feed,
689208370000000023032720,hg mk2+改件,"用了工作室免费的gx113，感觉效果不是很好，下次还是带gx114吧
改件用了剑人的马克兔主体+鸦的头
主色蓝色用的色之源调的，第一次用不是很熟练，没消光前觉得太突兀了，结果消光后正好了
#高达[话题]#  #模型制作[话题]# #大人也要玩玩具[话题]# #模型[话题]#",#高达 #模型制作 #大人也要玩玩具 #模型,10+,5,0,图文,Ginko,5f3eb0d4000000000101e9ba,2025-08-05 21:33:43,https://www.xiaohongshu.com/user/profile/5f3eb0d4000000000101e9ba?xsec_token=AB2VAs-MH2lT4HRrbJx2XBg2c41sEGZDk_Hmia6Cw564E=&xsec_source=pc_note,https://www.xiaohongshu.com/explore/689208370000000023032720?xsec_token=AB7W3H-U1SPHWyw6eWplUj5PIxn7jQI59Eq_A7itIZ1-E=&xsec_source=pc_search&source=web_explore_feed,
680061d00000000007036145,HG强夺 嘴怎么尖尖的？,"🌟不忍直视的巨型大红色贴纸，直接扔掉
🌟三小强还差一个灾厄，主角机做多了审美疲劳，开始喜欢反派杂病水产了[失望R]
🌟马克笔补色瑕疵还是挺明显的，主要还是有点懒
🌟老模假组时发现左右合根本对不齐，做了无缝效果也不行，用爱包容了
#模型[话题]# #高达[话题]# #高达模型制作[话题]# #强夺高达[话题]#",#模型 #高达 #高达模型制作 #强夺高达,10+,4,4,图文,每天学🐷叫,593d712f4f8fd6453dd12e9a,2025-04-17 10:05:04,https://www.xiaohongshu.com/user/profile/593d712f4f8fd6453dd12e9a?xsec_token=ABnEUKATeclo_OUHKKWreN_MD40j0dj0fmfIY6pQNdkYY=&xsec_source=pc_note,https://www.xiaohongshu.com/explore/680061d00000000007036145?xsec_token=AB2dbdVB_E7gbH7J3xsfI7P_yka6UtlaRuZMTJuYYgGC0=&xsec_source=pc_search&source=web_explore_feed,
6773b5bd000000000b00d1d8,大声告诉你📢15款好价模型速来！,"没错，这次都是模型！都是模型❗️❗️
爱玩模型的人士是不是内心狂喜
	
MG 1/100 主天使高达：249元
MG 1/100 地狱死神敢达EW：229元
MG 1/100 德天使高达：349元
MG 1/100 神盾高达：189元
MG 1/100 Z高达 Ver.Ka：299元
MG 1/100 新安州·原石（NT Ver.）Ver.Ka：369元
RG 1/144 RX-78-2 高达 Ver.2.0：219元
RG 1/144 独角兽高达：179元
HG 1/144 铁骑高达：69元
HG 1/144 希格露恩：69元
HG 1/144 不朽正义高达：89元
HG 1/144 非凡强袭自由高达：189元
HG 1/144 决斗迅雷高达：89元
HG 1/144 闪电暴风高达：89元
HG 1/144 黑骑士小队 神鸟：179元
	
喜欢线下买胶的朋友来逛一逛也无妨
看中即可入，不用等快递
划重点‼️现场注册会员满100元减10元，付款直接抵扣！
	
🚗门店地址：广州海珠区工业大道北132号T.I.T文创园43栋2号电梯3楼
	
超有意思的元旦打卡好去处！拉上搭子一起来~
	
﻿#专玩仓[话题]#﻿ ﻿#广州探店[话题]#﻿ ﻿#高达[话题]#﻿ ﻿#拼装模型[话题]#﻿ ﻿#胶佬[话题]#﻿ ﻿#笔记灵感[话题]#﻿ ﻿#大人也要玩玩具[话题]#﻿ ﻿#元旦[话题]#﻿",#专玩仓 #广州探店 #高达 #拼装模型 #胶佬 #笔记灵感 #大人也要玩玩具 #元旦,10+,10+,10+,图文,专玩仓,67243b69000000001d02fa19,2024-12-31 17:13:33,https://www.xiaohongshu.com/user/profile/67243b69000000001d02fa19?xsec_token=ABMMP4ya_5pzGgfzq34ukLVnOkcSEJ3adOhVSVTGZ_q6w=&xsec_source=pc_note,https://www.xiaohongshu.com/explore/6773b5bd000000000b00d1d8?xsec_token=AB5JcKN-ahe6P737RICAfTjvapHkRwYifnZFh0D5Eoflw=&xsec_source=pc_search&source=web_explore_feed,
686d68f500000000200186aa,gqux是做过的最不像高达的高达,"之前去日本玩的时候找了好久也没找到gqux，回加拿大之后也是一阵缺货。有一天刷Canada computers发现Waterloo的还有一个现货立马冲过去拿下[doge]
	
制作的时候感觉很奇妙，和常规的hg流程不太一样，有一种：啊这是腿啊？[doge]的感觉。之前一直对gqux不感冒甚至觉得丑，看完12集简直是遗老狂欢[大笑R]
	
#高达模型制作[话题]# #手办模型[话题]# #玩具模型[话题]# #模型[话题]# #万代[话题]##hg[话题]#  #高达gqux[话题]# #gqux最终话[话题]# #rg元组2[话题]# #pgu元祖[话题]#",#高达模型制作 #手办模型 #玩具模型 #模型 #万代 #hg #高达gqux #gqux最终话 #rg元组2 #pgu元祖,10+,6,1,图文,挨骂小咪,5f11c892000000000100676d,2025-07-09 02:52:37,https://www.xiaohongshu.com/user/profile/5f11c892000000000100676d?xsec_token=ABIgfVAxDSph5RSE0FAKQjBBB9hfLWPOvf729W9KSI7Fw=&xsec_source=pc_note,https://www.xiaohongshu.com/explore/686d68f500000000200186aa?xsec_token=ABSuQThKWNZSeKUzffCwihKQo7XAN2C4y3vDWP4VaYrqU=&xsec_source=pc_search&source=web_explore_feed,
67e5190e000000000900e0e7,3 小时击溃 DEX！昨夜加密圈商战全记录,"📅 3 月 12 日 第一幕：ETH 巨鲸的千层套路
有人用 50 倍杠杆在泳池疯狂扑腾，突然拔掉游泳圈大喊 ""救命""—— 这就是 Hyperliquid 第一次被突袭的名场面。
	
神秘巨鲸（下称「0xf3 哥」）用 600 万 USDC 本金开了 2 亿美元 ETH 多单，杠杆拉满至 50 倍。当大家以为他要止损时，他竟分批撤走 1700 万 USDC 保证金（远超账户余额），主动触发系统清算。
	
操作亮点：
ETH 价格跌破清算线，平台金库（HLP）被迫以 1910 美元接盘 16 万枚 ETH，亏损 400 万美元
0xf3 哥带着 185 万美元收益离场，留下一串 ""感谢抬轿"" 的交易备注
	
平台应对：
连夜将 ETH 杠杆降至 25 倍，BTC 降至 40 倍
金库 TVL 4 天流失 3 亿美元，如同被掏空的存钱罐
	
📅 3 月 26 日 第二幕：Jellyjelly 的剧本杀风暴
	
如果说第一次是 ""硬刚""，第二次就是 ""剧本杀式围猎""。这次目标换成小众 Memecoin——$Jellyjelly，流通量极小易操控。
	
操作三部曲：
布局：地址 A 在 Hyperliquid 开 408 万美元 jelly 空单，保证金 350 万 USDC，开仓价 0.0095 美元
砸盘：地址 B 同步在现货市场抛售，jelly 跌至 0.005 美元，空单浮盈飙升
	
反杀：地址 A 撤走 276 万 USDC 保证金，空单由金库接管，地址 B 反手拉盘，jelly 1 小时暴涨 429%！
	
金库危机：
金库浮亏一度近千万，清算价被压至 0.14 美元（现价 0.04 美元）
散户 24 小时撤资 1.4 亿美元 USDC，上演 ""资金大逃亡""
	
🍉 场外名场面
币安躺枪：传闻币安将上线 jelly 合约，Hyperliquid 连夜下架该币种，意外发现金库竟赚 70 万？（结算价按开仓价计算，实现套路对冲）
巨鲸改名记：链上侦探 ZachXBT 爆料 0xf3 哥涉及争议资金，巨鲸火速改名 ""MELANIA"" 蹭名人热度，被戏称 ""改名大师""
散户百态：跟单者有人吃肉有人止损，评论区 ""欢乐与心碎"" 交织
#区块链[话题]# #web3[话题]# #比特币[话题]# #金融[话题]#",#区块链 #web3 #比特币 #金融,10+,10+,10+,图文,Mira,6549da520000000030033fd2,2025-03-27 17:23:26,https://www.xiaohongshu.com/user/profile/6549da520000000030033fd2?xsec_token=ABmeNijW9mmUhRm_VQhYGEq_rrXq9DI1STKT1sa3C8hw0=&xsec_source=pc_note,https://www.xiaohongshu.com/explore/67e5190e000000000900e0e7?xsec_token=ABxMYkpwEvVEaPLUgYi1ZXvnLcD-zcT9rDDf5i3g8K0Fw=&xsec_source=pc_search&source=web_explore_feed,
68905fee000000002203b960,万代 HG G-self 高达完美背包,"堆积➖1，这款是真的堆积了很久了，之前是因为他长得挺特别入手的，但是全组拼装的话就太素了，没有水贴，想不到最近出了他的水贴就速度拿下拼完了，果然还是有水贴会好看很多✧٩(ˊωˋ*)و✧
	
#高达模型制作[话题]# #玩具模型[话题]# #万代发烧友[话题]# #模玩[话题]# #我的模玩DNA[话题]#",#高达模型制作 #玩具模型 #万代发烧友 #模玩 #我的模玩DNA,10+,4,4,图文,木沐凩炁柒七,5df780350000000001002863,2025-08-04 15:23:26,https://www.xiaohongshu.com/user/profile/5df780350000000001002863?xsec_token=ABGiCzc0Buu6KlMh0uNV8B_pGYigBA6HYjEr3gAHFnXkE=&xsec_source=pc_note,https://www.xiaohongshu.com/explore/68905fee000000002203b960?xsec_token=ABx5rGMyA2ezmSCzZaP2all792z8Xz5HBquwwnwj6w_d8=&xsec_source=pc_search&source=web_explore_feed,
6899a5ec0000000022023df7,无标题,hg,,1,0,0,图文,丽英,6493132500000000110026a9,2025-08-11 16:12:28,https://www.xiaohongshu.com/user/profile/6493132500000000110026a9?xsec_token=ABqzyY5VjyHKlr-uz76iHOjCuLn2SMl86t20r6jveOlAM=&xsec_source=pc_note,https://www.xiaohongshu.com/explore/6899a5ec0000000022023df7?xsec_token=ABkjZsG_LweObhJHtrabU0AYiplw4tbXa5hYPdNemv4Ww=&xsec_source=pc_search&source=web_explore_feed,
670e3e04000000001b011de3,3万多工费的“hg”(1),#高达代工[话题]# #高达模型[话题]# #高达模型制作[话题]#,#高达代工 #高达模型 #高达模型制作,10+,10+,10+,图文,撸胶的骁师傅,5ee348db000000000101f2ec,2024-10-15 18:03:48,https://www.xiaohongshu.com/user/profile/5ee348db000000000101f2ec?xsec_token=AB-7lQWAp4rfP0p3y9eUunDgXtLP3lGMCtzWm8lUoEZKw=&xsec_source=pc_note,https://www.xiaohongshu.com/explore/670e3e04000000001b011de3?xsec_token=AB48o31DQeu4VOai_YlGShOH_y45DqABMBsjU0anO4dqA=&xsec_source=pc_search&source=web_explore_feed,
689c8bf9000000001d035f71,hg 马克兔aoz样式,"上个灰
洗件时一没留神把胸前和肩膀散热口冲进下水道了[笑哭R]等补件中
#高达模型[话题]# #模型喷涂[话题]#",#高达模型 #模型喷涂,10+,10+,10+,图文,Aichi,61d7ab8c000000001000502a,2025-08-13 20:58:33,https://www.xiaohongshu.com/user/profile/61d7ab8c000000001000502a?xsec_token=ABbefqGBHmb00Xhy1cava9YHlHmG9yHuQvRyNBCrv0thc=&xsec_source=pc_note,https://www.xiaohongshu.com/explore/689c8bf9000000001d035f71?xsec_token=ABTg6ARQ8QXqSCD1XaRx8pK2ZJTz5Itk9UXLL8WVWfH8o=&xsec_source=pc_search&source=web_explore_feed,
68b2fb64000000001d034eb3,万代HG新生扎古-真实配色,#大人也要玩玩具[话题]# #头号玩家[话题]# #机动战士高达[话题]# #扎古[话题]# #玩具模型[话题]# #高达模型制作[话题]# #万代发烧友[话题]# #万代高达[话题]# #万代[话题]# #高达模型[话题]#,#大人也要玩玩具 #头号玩家 #机动战士高达 #扎古 #玩具模型 #高达模型制作 #万代发烧友 #万代高达 #万代 #高达模型,10+,9,5,图文,满满模玩,650e9425000000001603800a,2025-08-30 21:23:48,https://www.xiaohongshu.com/user/profile/650e9425000000001603800a?xsec_token=ABiYxdeoNaWVaa_bFCO0v6a4tZIr8VmAjyj3sdoY2LxgQ=&xsec_source=pc_note,https://www.xiaohongshu.com/explore/68b2fb64000000001d034eb3?xsec_token=AB47qw1xEuasclD4mJ_0a0VnWBaEAy20D5VUcPr_NLKJk=&xsec_source=pc_search&source=web_explore_feed,
66cb4e4f000000001d01b963,国代 发声超可动GeatsMK9,"#每日分享[话题]# #假面骑士极狐[话题]# #万代模型[话题]# #假面骑士[话题]#
稍微补一下色就有很好效果的玩具，甚至不补色的观感也还可以，75元的价格性价比拉满。
●优点：造型还原，偷色不是太多，性价比高，带有可完整变形QB9，武器可与代扣联动，支持换装（但没必要），带有发声机构。●缺点：腰腹部以及手肘可动不够用，发声是录入的国语版、缺少手型，只有一对握持力不足，造型抽象的可动手。
●补色共：橘红、黑、银、金属红 四种颜色
橘红：后脑勺，大臂小臂条纹，肩甲背面条纹，小腿甲花纹，实际上还有手型手掌但是怕握持武器时蹭漆就没有补。
黑：复眼眼线，背部装甲，大腿，胯部关节（原件白色外露时很突兀）
银：四肢的装甲，肩甲背面，脚，腰带，QB9
金属红：QB9，代扣
●披风舍弃软胶原件，更换自制pvc铁丝披风，可自由拗造型。
●最后附一张和装动（PB款）的对比图",#每日分享 #假面骑士极狐 #万代模型 #假面骑士,10+,10+,10+,图文,卡斯巴尔丶修猫,61dea865000000001000ef17,2024-08-25 23:31:27,https://www.xiaohongshu.com/user/profile/61dea865000000001000ef17?xsec_token=ABtZ7d8jdhSowCQSGyL4yq1mX8vnJUWXKOJ9ZnSFCvHOU=&xsec_source=pc_note,https://www.xiaohongshu.com/explore/66cb4e4f000000001d01b963?xsec_token=ABTUmAXdIgvak7CyTtmDOqt3GXYjZnvFEcUVfiSAU1MN0=&xsec_source=pc_search&source=web_explore_feed,
65dd5fdb000000000b0169f1,中通快递扣留我快递 也不联系我沟通,根本没有用 我的情况是这样的 我的快递从云南发南京 一直在云南已经9-10天了不动 打电话才知道里面有液体 他们给我扣留了 也不联系我 打95311处理结果叫我联系网点 我打电话都打不通 我一直打95311  网点联系我了跟我沟通好 说帮我发  两天没有物流动静 我才打12328    12328说不处理中通快递的问题叫我打12305。打了12305 12305说快递不到南京目的地他们是处理不了我的投诉 叫我打95311 跟踢皮球一样,,9,9,0,图文,猪八戒,5b8bd3212df0dc0001a536be,2024-02-27 12:06:51,https://www.xiaohongshu.com/user/profile/5b8bd3212df0dc0001a536be?xsec_token=ABgJPDglytyiL3m36UbH3nJmCfSnZEFuvCeI6KtuMWIYI=&xsec_source=pc_note,https://www.xiaohongshu.com/explore/65dd5fdb000000000b0169f1?xsec_token=ABDQJ8E65ypSljFvTIfgg_Q1UmB5g44tpwe-d2U6GMwRM=&xsec_source=pc_search&source=web_explore_feed,
674850990000000006017846,grimms积木海淘被海关扣了18天终于到手,"过程太考验心态，我以为海淘限额5000，激情下单了一万多，心想着分三个快递应该没事，结果是我太天真，差点黄了一箱货。过程如下：
10.20下单：
10.30发货：10天没发货，给他们发了催促的邮件，当天就给我发货了
10.31收到邮件：为4个包裹的快递单号，分了四个快递发出
[抓狂R]11.7第一箱货抵达南京海关，收到短信，⚠️让我补充材料，一脸懵，what？不是应该收到缴税短信吗？为啥是补充材料？我也不知道这一箱货里面到底是哪些物品，怎么补充材料？打开补充材料看到提示，才知道海淘限额1000，超过1000面临退运或者清关，此时我还并不知道事情的严重程度，就随意发了个截图，然后金额填了900，当我提交完之后才开始到处搜索补充材料是什么意思，此时才知道自己太瞎搞了，这时我才给客服发了邮件想咨询这箱货里面到底是哪些产品，但是客服回复我包裹的金额跟件数，并没有详细清单，因为我已经提交过补充材料 不能再提交了，就只能等海关打回来）
[拔草R]这边还要说一下，他们发货面单其实都是乱填的，这箱东西实际是8件，但他们给我填了14件，数量对不上，这也可能导致被扣的原因，金额他们一般会填110-120欧之间，因为金额要低于1000元，所以按汇率卡在九百多块钱，这个就是为什么每个姐妹缴税大概都是交的120元左右，税率是13%
⚠️11.11另外三箱都到了南京HG 我真担心全部要我补充材料，没想到下午连续收到3条缴税短信（3箱安全了）目前为止我补充材料的第一箱货提交的材料还没有打回来，我就想着等收到这三箱东西以后再去咨询，到时候我知道剩余哪些产品，我也好知道要提交哪些材料）
11.13收货2箱
11.14收货1箱（清点完后，我知道了第一箱还剩哪些东西，心里有了个底，便给HG打电话咨询为什么提交了补充材料后一直没动静，那边给我说还要等）
11月15日收到短信让我重新补充材料（要求我提供购物网站，支付订单完整的截图，国内购物网站同等产品的价格截图）此时我有点慌，因为物品价格超1千了，也不能如实报，但是办法还是有的，这边就不说了，精心操作一番提交了材料后，这箱货其实已经准备好退运的打算了）
	
11月25日终于收到缴税短信：相当于这箱货被扣了整整18天！鬼知道我在这等待的期间多难熬，毕竟海淘为了省钱，怕损失一箱货，相当于白省了。
11月27日收货1箱（至此终于本次海淘安全下车）
#grimms[话题]#",#grimms,10+,10+,10+,图文,sherry,57a51bdb50c4b4290aa4d726,2024-11-28 19:14:33,https://www.xiaohongshu.com/user/profile/57a51bdb50c4b4290aa4d726?xsec_token=ABvC7UAYKRh8IJqwOUFURVmL1EwZ5EzexkRjshcr-I5jE=&xsec_source=pc_note,https://www.xiaohongshu.com/explore/674850990000000006017846?xsec_token=ABJ0rb6IZGBb6SHF90pbu8AZTAlrcVZKKRbw3Q6udDpwQ=&xsec_source=pc_search&source=web_explore_feed,
68b3d8f9000000001c00c722,cm ss9g为什么瑕疵什么多啊,看着挺小 对光挺明显的[笑哭R]#火车[话题]# #轨道交通[话题]#,#火车 #轨道交通,10+,7,2,图文,fff,5a69e12b11be101add02abbb,2025-08-31 13:09:13,https://www.xiaohongshu.com/user/profile/5a69e12b11be101add02abbb?xsec_token=ABfhc24hRuTq-_oeObgUsMZQnQUU706RDpzzqyQY2Hzbo=&xsec_source=pc_note,https://www.xiaohongshu.com/explore/68b3d8f9000000001c00c722?xsec_token=ABW9XdrVSATWOqFahyIsuyKOOMLYrHklftjgqkXPPweOg=&xsec_source=pc_search&source=web_explore_feed,
68438564000000002101aa63,Ko只要98？那400入万代的我仿佛是小丑,"1月份400高追的hg大白鹅居然出Ko了
看了测评和万代的差不多，我晕呀，狠狠的被背刺了#胶佬[话题]# #高达[话题]# #高达模型制作[话题]# #模玩[话题]# #hg大白鹅[话题]#",#胶佬 #高达 #高达模型制作 #模玩 #hg大白鹅,0,10+,1,图文,买够50万手办就收手,5f8870410000000001001c00,2025-06-07 08:18:44,https://www.xiaohongshu.com/user/profile/5f8870410000000001001c00?xsec_token=ABHlkmaNmFa2AyD1WTCaltPSrYD9nUrrQYDhBCcAYKlf4=&xsec_source=pc_note,https://www.xiaohongshu.com/explore/68438564000000002101aa63?xsec_token=AB4vGFXoyi-iegpEW1m8BnDYa-tF8LvsjYmYQTqPvehHU=&xsec_source=pc_search&source=web_explore_feed,
67e147d10000000006039785,素组HG ZZ高达,"参加78论坛素组比赛做的，补色渗线水贴消光一条龙[暗中观察R]
老模了，本体可动还行，就是背包离身体太近和肩甲有干涉，侧裙甲也老和腰部打架，导致把玩起来很难受，让我比较欢喜的是zz的面相相当好看，很有味儿！[赞R]
	
#高达模型制作[话题]# #玩具模型[话题]# #高达zz[话题]# #素组[话题]# #大人也要玩玩具[话题]# #玩具摄影[话题]# #潮玩[话题]# #hg模型[话题]#",#高达模型制作 #玩具模型 #高达zz #素组 #大人也要玩玩具 #玩具摄影 #潮玩 #hg模型,10+,10+,10+,图文,FangJF,62c6e5f5000000000303f0b3,2025-03-24 19:53:53,https://www.xiaohongshu.com/user/profile/62c6e5f5000000000303f0b3?xsec_token=AB2ygup7nve1cGZvSDZXEr21RZiW4crV9bK0ByY-WgjRY=&xsec_source=pc_note,https://www.xiaohongshu.com/explore/67e147d10000000006039785?xsec_token=ABn6V7khNChUsYJt48QBKDQmEN9r6CFGG3CNbnuS-LWYg=&xsec_source=pc_search&source=web_explore_feed,
66af29b3000000000d031aaf,海淘漫画本后续,那天，我接到了一个电话，我看了来显以为是论文职称推销（我的水果机没显示号码出处功能），差点就以很差的态度接了电话，但是开头还是很礼貌说了句“你好，请问有什么事吗”，后来才知道是hg大大的来电[哭惹R]老老实实交了材料放弃了那边我不知情但有18禁内容的恋爱方程式第3册，剩下的异世界转生漫画本都放行来到我身边了，提交了材料很快就寄来了，hg大大的工作效率和严谨的态度很赞，最后检讨一下自己以后买漫画书还是先去了解内容再买了[哭惹R]#漫画书[话题]#,#漫画书,6,3,1,图文,NicoNicoNi（见过断眉、大东哥版）,595befbb82ec396819cf85a1,2024-08-04 15:11:47,https://www.xiaohongshu.com/user/profile/595befbb82ec396819cf85a1?xsec_token=ABXyU2uSGXIOUX8V01TRuJlpz0njjahNQrRViEojc3nms=&xsec_source=pc_note,https://www.xiaohongshu.com/explore/66af29b3000000000d031aaf?xsec_token=ABJjSz8T6OEvcoEmntkGFAqXsbuoL7-RQ86NidSYNlEWw=&xsec_source=pc_search&source=web_explore_feed,
6893779a00000000220394bb,hg民用扎古,,,10+,5,3,图文,zzzzzzzhx,59faec064eacab48df83c6b1,2025-08-06 23:41:14,https://www.xiaohongshu.com/user/profile/59faec064eacab48df83c6b1?xsec_token=AB1supF9HXw5ujr6xhTstV-bWaXCcLU-e3PQqOVq_Y2ck=&xsec_source=pc_note,https://www.xiaohongshu.com/explore/6893779a00000000220394bb?xsec_token=ABtWXxiExvkFSkHcVBIRLatmqpHpV5u9jk64bl5_DmkIo=&xsec_source=pc_search&source=web_explore_feed,
688ccb4d0000000023018310,潮哥配模记录 HGUC 飙狼,"小时候一见钟情的机体之一，所以再版后依然没有好价还是买了。
好久没做🐶代的高达系HG，不得不说🐶代的胶确实好做。
MG MKV都出了这么久了🐶代赶紧把飙狼出了吧多少钱我都会买的(才怪[偷笑R]
	
#我的玩具分享[话题]# #拼装模型[话题]# #高达模型[话题]#",#我的玩具分享 #拼装模型 #高达模型,10+,8,3,图文,熊吉诃德,60329c7a0000000001003f0a,2025-08-01 22:12:29,https://www.xiaohongshu.com/user/profile/60329c7a0000000001003f0a?xsec_token=ABul2Wk_VVB9nU9I12Vvhw31WDojECoUWimoG-V1Is1tE=&xsec_source=pc_note,https://www.xiaohongshu.com/explore/688ccb4d0000000023018310?xsec_token=ABnRhG78RwtNgFKNMWDNY_qcWLbNqahkQFrHpNHpRGEGg=&xsec_source=pc_search&source=web_explore_feed,
6807c164000000000d015498,第二弹HG扭蛋,"第一弹只买了加布和Drive，我觉得做得挺好，尤其是加布的透明装甲，看着像果冻
第二弹本来只想买一个，但觉得之后再收太麻烦就一起订了，结果最想要的Fourze腹部这个蹭色……
其余三个里感觉空我的上半身涂得不错
#我的玩具分享[话题]# #假面骑士[话题]# #假面骑士扭蛋[话题]#",#我的玩具分享 #假面骑士 #假面骑士扭蛋,0,0,0,图文,Deathred,6631c6c20000000007005462,2025-04-23 00:18:44,https://www.xiaohongshu.com/user/profile/6631c6c20000000007005462?xsec_token=ABN8TpvQ4eYffXS7tWnMYqgpTD84su1rYNdnGT-IqG2wg=&xsec_source=pc_note,https://www.xiaohongshu.com/explore/6807c164000000000d015498?xsec_token=ABKa4aoBv7SrEDh94GT96gL2oTObAq46OCGzIMMQ7hUgw=&xsec_source=pc_search&source=web_explore_feed,
688508a50000000010012074,无标题,有没有在🇯🇵马上hg的宝宝！想要代购,,10+,10+,10+,图文,_sevenbin,652bf27c000000002a0346a6,2025-07-27 00:56:05,https://www.xiaohongshu.com/user/profile/652bf27c000000002a0346a6?xsec_token=AB6939pbO3ePk0p9OMoJCZI4TnMqYwq_F3WHLKUySoW8M=&xsec_source=pc_note,https://www.xiaohongshu.com/explore/688508a50000000010012074?xsec_token=ABA0PRxZp4Oqm6VOARBYw5c1ZbHzTdr5uWkydTJ_Qp5KI=&xsec_source=pc_search&source=web_explore_feed,
682800e0000000002202dec9,「第二十二台」 HG 256 村雨改,"「第二十二台」
SEED Freedom剧场版专场[Party]素组完成[Party]
HG 256 村雨改
驾驶员：穆叔
登场作品：高达SEED Freedom
新规的拼装过程就是舒服
白白净净上个渗线完事
水贴是达人的，厚度堪忧
预告：SEED剧场版专场还在继续！
#万代[话题]# #拼装模型[话题]# #高达[话题]# #胶佬[话题]# #母猪的产后护理[话题]#",#万代 #拼装模型 #高达 #胶佬 #母猪的产后护理,10+,2,1,图文,聊车的杜胖子,5cdedb9800000000110186f4,2025-05-17 11:22:08,https://www.xiaohongshu.com/user/profile/5cdedb9800000000110186f4?xsec_token=AB2VUeHOKyMeNsGRGhPzMl5xkpAZnW9F1_B7yLzQwSlZA=&xsec_source=pc_note,https://www.xiaohongshu.com/explore/682800e0000000002202dec9?xsec_token=ABb_uzxn1Cd-j8UWZGAI6qfmUZaLRpgERz2xPP92T9dV0=&xsec_source=pc_search&source=web_explore_feed,
66e9a4f5000000001e018f40,hg片片那个,可以再hg一下评论区 有的妹子没看懂说是那个补偿的事情 不是哈 是一个会员妹子在观望升年 然后在小红书看大家的评价以及建议 然后说了自己的想法 被截图评论私聊了 一大段文字大概意思让她慎重考虑要不要去 以后谁敢冲浪啊[皱眉R]#瓜条bot[话题]# #原创圈[话题]# #原创头像[话题]#,#瓜条bot #原创圈 #原创头像,0,1,0,图文,梅花圈有什么瓜,6620049f000000000d025664,2024-09-17 23:49:09,https://www.xiaohongshu.com/user/profile/6620049f000000000d025664?xsec_token=ABuvBcJV1fEwzJC89dCMW_d9aavq0hUJxsV-SpearNdTc=&xsec_source=pc_note,https://www.xiaohongshu.com/explore/66e9a4f5000000001e018f40?xsec_token=ABH9v5wEkBdKybA7kUZ-T7jhuTgQdEr2p8_qn75cduRgg=&xsec_source=pc_search&source=web_explore_feed,
689b0a47000000001d02c4f6,8.1gsc抢的ppp和mygo砍单,#bangdream[话题]# #gsc[话题]# #户山香澄[话题]#,#bangdream #gsc #户山香澄,10+,10+,1,图文,孜然KUMYN,5dac68e70000000001009dc2,2025-08-12 17:32:55,https://www.xiaohongshu.com/user/profile/5dac68e70000000001009dc2?xsec_token=ABKx9I9Kt5EV7TdiWaHPaY9io42JKppALzZOiHdcKq3sA=&xsec_source=pc_note,https://www.xiaohongshu.com/explore/689b0a47000000001d02c4f6?xsec_token=ABtmnkyCRky7POgYmkI0MgtXnH8xprLZGx4dHmNhYVyrE=&xsec_source=pc_search&source=web_explore_feed,
67ca6c25000000002902bb3d,🍑空运集运被扣,"我真的要无语了…..从去年开始就习惯用🍑集运，也是发过很多次都没有出现任何问题……
但这次竟然说我的数量超过了个人所运的数量…..我就纳闷了，之前也这么寄的都没有问题这次出现问题～韩国这边还跟我说需要保税……🍑也是一再推脱不理会….
请问有出现这样情况的宝吗？
#淘宝[话题]# #淘宝集运空运[话题]# #韩国生活[话题]#",#淘宝 #淘宝集运空运 #韩国生活,10+,10+,2,图文,小美的在韩日常,5e6f291a0000000001004a8f,2025-03-07 11:46:45,https://www.xiaohongshu.com/user/profile/5e6f291a0000000001004a8f?xsec_token=ABnF8aZ8xUIy6VwLeZ7MWyLb4GdcpsMa-4m7Cg5OtRivA=&xsec_source=pc_note,https://www.xiaohongshu.com/explore/67ca6c25000000002902bb3d?xsec_token=ABOOjjr2RZYEIOa6Y9W8UovGtGg8ubsW-B6p2G0Bgo4G8=&xsec_source=pc_search&source=web_explore_feed,
,无标题,,,,,,图文,,,,https://www.xiaohongshu.com/user/profile/?xsec_token=&xsec_source=pc_note,https://www.xiaohongshu.com/explore/?xsec_token=ABej682dBzGsqAZxQQQopR_Pr7R8I5QdqjFg5Ypihs-NQ=&xsec_source=pc_search&source=web_explore_feed,
67f66bb9000000001c005c80,ROHS认证-跨境平台必备！TEMU/亚马逊/速卖通,"#rohs[话题]# #检测报告[话题]# #temu资质认证[话题]# #第三方检测[话题]#
	
「你的产品还在因重金属超标被扣货？每天处理50+跨境卖家紧急救场订单！」
	
平台全覆盖：支持TEMU、亚马逊、eBay、沃尔玛等全平台审核
售后无忧：审核驳回免费重检
	
适用产品
电子电器、玩具、五金配件、塑胶制品、包装材料等
	
检测项目
▫铅(Pb)、镉(Cd)
▫汞(Hg)、六价铬(Cr6+)
▫多溴联苯(PBBs)/多溴二苯醚(PBDEs)
	
点击“私信”发送产品信息，立即获取：
→ 精准报价单（含CNAS编号可查）
→ 同类目过审报告样本
→ 各平台申报模板",#rohs #检测报告 #temu资质认证 #第三方检测,1,0,0,图文,第三方检测认证-吴工,67f5d2c9000000000601e860,2025-04-09 20:44:41,https://www.xiaohongshu.com/user/profile/67f5d2c9000000000601e860?xsec_token=AB7z28IlTY8LV2rwnQf-BGTDZYuSTE80n2Q6wSu9PlscM=&xsec_source=pc_note,https://www.xiaohongshu.com/explore/67f66bb9000000001c005c80?xsec_token=ABMVS03Ne2jNr34yPGW_jL6PgXTfRjT6v4zniFFFi8L_8=&xsec_source=pc_search&source=web_explore_feed,
67cff0b1000000002602c725,HG Z高达喷涂代工展示,"HG Z高达的分色太差劲了，补色的地方有全身上下的橙黄色细节、背包上白色、机翼的红色
还有一个缺点、刻线太浅不做刻线加深会导致喷涂后渗不动线，所以喷涂前需要用0.15的刻线刀走一遍全身的刻线
武器是个两面合合缝直接暴露在正面可以做一个无缝提升整体的效果
也不是没有优点，hg的身形比例很正做完全喷涂的效果比MG卡版Z要好看
全喷涂➕细节遮盖分色➕无缝代工费用在400左右觉得怎么样
#HG新生Z高达[话题]# #高达模型制作[话题]# #模型喷涂[话题]# #模型代工[话题]##大人也要玩玩具[话题]#",#HG新生Z高达 #高达模型制作 #模型喷涂 #模型代工 #大人也要玩玩具,10+,4,10+,图文,蒙仔净模玩,5b68aa6a1972c60001835b28,2025-03-11 16:13:37,https://www.xiaohongshu.com/user/profile/5b68aa6a1972c60001835b28?xsec_token=ABtpz4Tnmga_D_wp_CAqj8m5QYbosirahGEQKTYG1gN24=&xsec_source=pc_note,https://www.xiaohongshu.com/explore/67cff0b1000000002602c725?xsec_token=ABNlKJZONA5J9GZ7MMpubMX26i5zgLtVvL9bcmwwHB7Qc=&xsec_source=pc_search&source=web_explore_feed,
65a25627000000000f01c79b,hg爱尔兰魔蟹,水产又加一 贱萌的爱尔兰魔蟹🥰,,10+,5,4,图文,Up,5f9930970000000001003938,2024-01-13 17:21:44,https://www.xiaohongshu.com/user/profile/5f9930970000000001003938?xsec_token=ABUJ1tyRn9e4XQ_mNfH1ErGkrV39LKyJE7IHwhJAjqTqA=&xsec_source=pc_note,https://www.xiaohongshu.com/explore/65a25627000000000f01c79b?xsec_token=AB8Rfy1VZzYOfNKlMTdeS4EiUtJkAjdzfyqOSkkvPka6w=&xsec_source=pc_search&source=web_explore_feed,
689f0fe6000000001d01e910,无标题,HPL45HQ现舱，下班再来更新最后一波！#货代人[话题]# #国际海运[话题]# #非洲货代[话题]# #非洲海运[话题]# #货代同行[话题]# #HPL[话题]# #赫伯罗特[话题]# #现舱在手[话题]# #现舱抢购[话题]#,#货代人 #国际海运 #非洲货代 #非洲海运 #货代同行 #HPL #赫伯罗特 #现舱在手 #现舱抢购,0,0,0,图文,CC000,62ca7e13000000000303c3c8,2025-08-15 18:45:58,https://www.xiaohongshu.com/user/profile/62ca7e13000000000303c3c8?xsec_token=ABDRnRdUvxBVqoBoJF8NE-GV3NiFvIF75mC6Dfj5cu07I=&xsec_source=pc_note,https://www.xiaohongshu.com/explore/689f0fe6000000001d01e910?xsec_token=ABvd8aG3pOwUXCK3KnSnO76eX-eh9PeEx_AQPtCoOta4A=&xsec_source=pc_search&source=web_explore_feed,
686e8d07000000000b02f7b1,无标题,"广州hg过关缴税，有支付低于50块钱的情况吗？（xhs里截图的基本都超过50r的税费）
	
#广州海关[话题]#",#广州海关,0,10+,0,图文,阳光开朗女汉纸,618385ab000000001000a791,2025-07-09 23:38:47,https://www.xiaohongshu.com/user/profile/618385ab000000001000a791?xsec_token=ABEVez31uL0l-v4rHattBwu9z-EJDf_6_R0aSB-0hOYQY=&xsec_source=pc_note,https://www.xiaohongshu.com/explore/686e8d07000000000b02f7b1?xsec_token=ABgIk9a96eIwJChl1h2DesHRMRah-rlT-GtplFItUty4M=&xsec_source=pc_search&source=web_explore_feed,
684828ed0000000020029592,Hg Gquuuuuux军警扎古,"爽一刀流做了，仅做记录
做完的作品总是承载了当时的心情
喜欢💕
明天又能看新一集了！
	
#玩具模型[话题]# #扎古[话题]# #模型[话题]# #高达模型制作[话题]# #gquuuuuux[话题]# #gquuuuuux高达[话题]#",#玩具模型 #扎古 #模型 #高达模型制作 #gquuuuuux #gquuuuuux高达,10+,10+,1,图文,Ayanami Rei,5e3ced0a00000000010090ab,2025-06-10 20:45:33,https://www.xiaohongshu.com/user/profile/5e3ced0a00000000010090ab?xsec_token=ABy_n2waa2da0ofLn9RmIKA1NQtMHeElX5VqNnC1fWq5g=&xsec_source=pc_note,https://www.xiaohongshu.com/explore/684828ed0000000020029592?xsec_token=AB79mxUy9X9JQcwlYu8wAdQVuep3nGLMy-IlQTW14XScY=&xsec_source=pc_search&source=web_explore_feed,
68b17938000000001d014de1,看到吴小姐可以三倍赔偿...,"所以请问吴小姐之前在你店里买到的假货，可以要求赔偿是吗？
	
#吴小姐[话题]##吴主任[话题]##假货[话题]##韩代[话题]#",#吴小姐 #吴主任 #假货 #韩代,10+,10+,7,图文,momo,6853ffb3000000001b01b9a8,2025-08-29 17:56:09,https://www.xiaohongshu.com/user/profile/6853ffb3000000001b01b9a8?xsec_token=ABid9emcaByPrfQ34D7QlY65FlTizvVPVnWU60eAid60c=&xsec_source=pc_note,https://www.xiaohongshu.com/explore/68b17938000000001d014de1?xsec_token=AB-H6jBD-dX55Ftq8gk43iPS4SUAfH1NDHoLst1gHkG4A=&xsec_source=pc_search&source=web_explore_feed,
68af9056000000001b03ed00,璃子：新PB模型来了～换色的那种,"HG 1/144 量产型卢卡专用扎古
PB
2700日元/税前
26年3月出货
#模型[话题]#  #高达[话题]#  #扎古[话题]#  #小红书兴趣季[话题]#",#模型 #高达 #扎古 #小红书兴趣季,10+,10+,10+,图文,超级玩物,62fd97c2000000000f004e0e,2025-08-28 07:10:14,https://www.xiaohongshu.com/user/profile/62fd97c2000000000f004e0e?xsec_token=ABccMd3SekkHsUuwef6Re_tZg849ZKe_X4PQPXB9C9J4U=&xsec_source=pc_note,https://www.xiaohongshu.com/explore/68af9056000000001b03ed00?xsec_token=ABzif-jWSd4GWoelTS4uizucUEmmZjtA0WqDb0j7epQkU=&xsec_source=pc_search&source=web_explore_feed,
689b2cf3000000001d01fbd0,极锐印象RGM-89 杰刚,拼完之后手痛的要死Pc键非常硬导致关节异常的紧很多地方要削桩扩孔要买的话就考虑一下吧颜值还是不错的在开麦但是组合度偏向地狱，现在价格25建议等到18左右#机动战士高达[话题]# #杰刚[话题]# #Ko模型[话题]# #Hg杰刚[话题]#,#杰刚 #机动战士高达 #Ko模型 #Hg杰刚,4,2,2,图文,lonely,6874823b000000001d016e97,2025-08-12 20:00:51,https://www.xiaohongshu.com/user/profile/6874823b000000001d016e97?xsec_token=ABQK8ugB6k8UzpdHZW1g-ss5V8yPnH9syp5x4LJKfPrCk=&xsec_source=pc_note,https://www.xiaohongshu.com/explore/689b2cf3000000001d01fbd0?xsec_token=ABtmnkyCRky7POgYmkI0MgtR2Dq93YGpJ7dLZ2EHOgPV4=&xsec_source=pc_search&source=web_explore_feed,
6813014d000000002100249d,新品资讯_HG GQ 格鲁古古勇士 板件一览,"5月3日 一般发售 HG GQ gMS-01 量产型高达 格鲁古古勇士 板件与说明书
#bandai[话题]#                                     #大人也要玩玩具[话题]#                                     #万代高达[话题]#                                     #万代[话题]#                                     #高达[话题]#                                     #高达模型[话题]#                                     #元祖高达[话题]#                                  #IP大作战[话题]#                                   #拼装模型[话题]#                                   #高达模型[话题]#",#bandai #大人也要玩玩具 #万代高达 #万代 #高达 #高达模型 #元祖高达 #IP大作战 #拼装模型,10+,5,9,图文,三日月,623732ee000000001000a1a0,2025-05-01 13:06:21,https://www.xiaohongshu.com/user/profile/623732ee000000001000a1a0?xsec_token=ABrlf_7TDWJwxRUNd9Td_1Cra_krBpHr3jZwhPX5NwAX0=&xsec_source=pc_note,https://www.xiaohongshu.com/explore/6813014d000000002100249d?xsec_token=ABlxafEI-yK6FfJZauog_s0OGHbz7c-cWHc_aOX8zxQSk=&xsec_source=pc_search&source=web_explore_feed,
67e51310000000000d017863,🚢货到已签收，关税竟然还能“反弹”？小心这几,"最近有朋友私信我：“货物明明已经顺利送到客户手里，清关也完成了，怎么还收到海关的补税通知？”🤯 别以为关税一缴清就万事大吉，其实海关有复查权，如果发现问题，补税、罚款随时可能找上门！今天就来聊聊 “关税反弹” 这件事，避免踩坑！🚨
❓ 关税反弹是什么？
简单来说，就是海关事后审查，发现申报有问题，要求补缴关税或附加税。 即使货物已清关放行，甚至客户已签收，海关依然可以追溯！💣
⚠ 关税反弹的5大常见原因
1⃣ 低申报/错误申报被发现
申报货值低于实际成交价，被海关审计发现 🕵‍♂
HS编码填错，导致适用错误税率 ❌
申报品名模糊，容易引起复查（如 ""配件"" vs ""智能电子配件""）
2⃣ 随机抽查 & 后审机制
海关会定期对已清关货物进行随机复查 📊
特定国家（如美国、欧盟、中国、墨西哥）有 后审查验制度，可追溯3-5年 🗂
3⃣ DDP条款的“锅”
以 DDP（完税交货） 方式出口，货代代缴关税，但因操作失误未及时支付，海关找收货人补税 💰
DDP贸易模式下，卖家务必确保税款已结清，防止客户收到“惊喜账单”📩
4⃣ 关税/政策调整，补税追溯
进口国临时调整税率，追溯影响之前的进口订单 📅
例如：反倾销税、保障措施税 🏛
5⃣ 不合规退税操作
申报退税时，发现前期关税计算有误，海关取消退税并要求补缴 🚨
📌 关税补缴的时效有多长？
不同国家的补税追溯期不同，一般在 1-5 年之间
🛡 如何避免关税反弹？
✅ 如实申报，减少税务风险（货值、HS编码、原产地、品名务必准确）
✅ 与专业货代/报关行合作，确保清关无误
✅ 选择靠谱的DDP代理，防止关税未结清
✅ 关注进口国关税政策，避免因新规被追税
✅ 预留2%-5%紧急税费资金，防止突发补税影响利润
📌 总结：关税反弹并不罕见，贸然低报或盲目使用DDP可能会埋下隐患！如果你也有类似困扰，欢迎评论区交流~ 💬💡 #国际物流[话题]# #外贸避坑[话题]# #清关[话题]# #关税反弹[话题]# #货代经验[话题]#",#国际物流 #外贸避坑 #清关 #关税反弹 #货代经验,6,10+,6,图文,MAE SH,5c825dff00000000110308af,2025-03-27 16:57:52,https://www.xiaohongshu.com/user/profile/5c825dff00000000110308af?xsec_token=AB62qeeiIH1vE6QKQMaYjnF0G-Kxfrhccha9hWufETLyE=&xsec_source=pc_note,https://www.xiaohongshu.com/explore/67e51310000000000d017863?xsec_token=ABxMYkpwEvVEaPLUgYi1ZXvqX6Tzu6N7XW_knV-zAxbJk=&xsec_source=pc_search&source=web_explore_feed,
683710480000000023001935,万代HG ZZⅡ,转载GHL模型杂志，有些HG系类的机体还是很耐看的﻿#高达[话题]#﻿ ﻿#高达模型[话题]#﻿ ﻿#大人也要玩玩具[话题]#﻿,#高达 #高达模型 #大人也要玩玩具,10+,2,10+,图文,Sunny.,5e44e77e000000000100571a,2025-05-29 12:01:57,https://www.xiaohongshu.com/user/profile/5e44e77e000000000100571a?xsec_token=ABfJ1AZ2mZzMv6GGQrSA2Lzw5WkOtkXV0_Sa66hHPX224=&xsec_source=pc_note,https://www.xiaohongshu.com/explore/683710480000000023001935?xsec_token=ABxLnb5sGIsqtAUVGSA1PdzHuOyDvlH10XDc665d-N3Pc=&xsec_source=pc_search&source=web_explore_feed,
688b14a70000000025023689,揭秘扣号直播间货源！,#避雷店铺[话题]# 实际就是拼多多货、去他们那边学的他们会假装给你推一个货源！然后跟你说这个工厂很忙类似的话不怎么接小单！是我好不容易求来的类似话！等你从他们那边回家后 这些不同意好友你也就没办法了！在他们那边租房学的、他们就会说实话拼多多拿货这些！你们可以自己看图片这些价格！他们就是拼多多拿货别装了！#避雷[话题]# #避雷贴[话题]#,#避雷店铺 #避雷 #避雷贴,10+,10+,10+,图文,是橘子子,5f53b16700000000010037a6,2025-07-31 15:00:55,https://www.xiaohongshu.com/user/profile/5f53b16700000000010037a6?xsec_token=AB3tyfeefSUnBUummZYoW-S2um9mTI6rhDHadayIubBN4=&xsec_source=pc_note,https://www.xiaohongshu.com/explore/688b14a70000000025023689?xsec_token=AB2fQKpIWCcpcgZfZpeRo1_hM7g9c67pyG0g3aPPEn-zY=&xsec_source=pc_search&source=web_explore_feed,
677b5f15000000000402c165,2天输光200亿美元，2021年的“世纪大爆仓”,"2024年11月底，Archegos Capital创始人Bill Hwang判处18年牢狱。三年前，他曾两天内输光200亿美元，造成了“人类史上最大单日亏损”。
	
📖“世纪大爆仓”的起因
-致命股票增发：由于Bill Hwang通过代持股票隐藏了超过50%股份的巨大仓位，ViacomCBS管理层对市场情绪误判，2021年3月，ViacomCBS宣布增发30亿美元股票，供求关系失衡后股价大跌。
-中概股双重打击：美国证监会SEC出台了新一轮针对中概股的审计规则和标准，引发多支中概股盘中重挫。Bill Hwang基本都重仓了中概股（图3），接二连三的打击使得Archegos同时面对多个“杀手级风险” Margin Call。
	
🌟Margin Call
翻译为“追加保证金通知”。在使用杠杆交易或保证金账户进行投资时，当投资者账户中的资产价值下降到一定程度，导致账户内的保证金余额低于经纪商或金融机构要求的最低水平时，经纪商会通知或要求，通常只有一天的时间来补齐保证金要求的金额，否则就会被迫平仓。（图4）
‼️“人类史上最大单日亏损”
同时面对多个账户的Margin Call而无法补齐保证金的Archegos，开始被各大券商强制强制清仓。但因为Archgos高杠杆重仓数支小盘股，如果卖得太快，大规模抛售会导致砸盘、股价大跌；如果卖得慢了，还有十多家面对类似情况的银行们也都在清仓抛售，不少券商都面临着囚徒困境，当日抛售量之大，创造了“人类史上最大单日亏损”（图5），各大机构亏损如图6。
	
🤔️为什么Bill Hwang可以骗过华尔街
Bill Hwang通过一种叫做TRS（Total Return Swap）的金融衍生品隐瞒了真实的仓位情况。TRS通常两方是券商和对冲基金，券商会代表对冲基金去投资，根据持有期间内的收益付给对冲基金，亏损一样是要由对冲基金来承担，同时对冲基金会付给券商相应的交易费用和一定的利息。这样对冲基金可以用较少的保证金获得高杠杆，并隐藏自己的交易动向。（图7）
为了利益最大化，Bill Hwang谎称在其他券商的仓位主要是低风险的蓝筹股，实际全是高杠杆的小盘股，这种欺骗行为让银行误以为他的基金整体风险较低，从而给了他高于正常水平的杠杆。
	
关于这场人类史上最大的单日亏损的更多深度细节，可以到我们首页看详细视频。
﻿#财经[话题]#﻿ ﻿#经济[话题]#﻿ ﻿#股票[话题]#﻿ ﻿#BillHwang[话题]#﻿ ﻿#金融[话题]#﻿ ﻿#爆仓[话题]#﻿﻿",#财经 #经济 #股票 #BillHwang #金融 #爆仓,10+,0,10+,图文,陈茜inTheValley,5b827b9a62c4310001266240,2025-01-06 12:41:57,https://www.xiaohongshu.com/user/profile/5b827b9a62c4310001266240?xsec_token=ABShwDib3xJk36VXCATrwBkGGtUJZTlmbr7AGbvz70lOE=&xsec_source=pc_note,https://www.xiaohongshu.com/explore/677b5f15000000000402c165?xsec_token=ABAZ4i9fML6Dol2Xuw0U7gK6jk9-f0Vwps12cm-VOynxo=&xsec_source=pc_search&source=web_explore_feed,
62df4819000000001b02bd3e,元祖-超越全球,"来自国外大神的作品：元祖-超越全球
模型：hg 元祖 beyond global
超越全球可以算是近几年口碑不错的hg元祖了，本次制作加入了恰到好处的刻线以及改造细节，给人一种干净舒服视觉体验。
#高达模型[话题]# #高达[话题]# #超越全球元祖[话题]#
ig:n.crafter_",#高达模型 #高达 #超越全球元祖,10+,10+,10+,图文,mbc,61850b43000000001000ca4c,2022-07-26 09:49:13,https://www.xiaohongshu.com/user/profile/61850b43000000001000ca4c?xsec_token=AB9njlgXugOcO9TMoxkhyPXmGDnYUkVpaNKSdrZWmMWUo=&xsec_source=pc_note,https://www.xiaohongshu.com/explore/62df4819000000001b02bd3e?xsec_token=ABL4GB9Y6i3v8y3wFtTSb4XbWoyNhFh8tfr9A7HFA9tt8=&xsec_source=pc_search&source=web_explore_feed,
689ad09c0000000025015bd3,pdd百亿补贴高达上新,"hg红高达
hg格鲁古古
hg报丧
hg刚加农
hg新安洲
#万代[话题]# #模玩好价[话题]# #高达模型[话题]# #万代发烧友[话题]# #假面骑士[话题]# #高达模型制作[话题]# #扎古[话题]# #玩具模型[话题]#",#万代 #模玩好价 #高达模型 #万代发烧友 #假面骑士 #高达模型制作 #扎古 #玩具模型,0,5,0,图文,death,5f3696ce0000000001000c99,2025-08-12 13:26:52,https://www.xiaohongshu.com/user/profile/5f3696ce0000000001000c99?xsec_token=ABNiVgaC2AhpCvZAHZh8o_DcunLseaFVTiAQFiMsFh85U=&xsec_source=pc_note,https://www.xiaohongshu.com/explore/689ad09c0000000025015bd3?xsec_token=ABVrFmQIF-pflFP6Cb-_pjH3e5N8kqRqNw9x_e0_pHtIM=&xsec_source=pc_search&source=web_explore_feed,
6530c57b000000001e00c591,海牛背包c扣断件修复个人技巧,"#高达[话题]# 海牛背包c扣断了的同志们不要崩溃，直接pdd买个国产积木零件。往零件口里面塞个流道用502将零件与球形关节粘死就行了。换过零件后海牛腰更直了，这个c扣还会比原来更稳定。
天生我才必有用，我可真是太聪明了[doge]#高达模型[话题]# #模型[话题]# #我是高达控[话题]#",#高达 #高达模型 #模型 #我是高达控,10+,6,9,图文,Bobobo,5df74d1b00000000010029b4,2023-10-19 13:58:19,https://www.xiaohongshu.com/user/profile/5df74d1b00000000010029b4?xsec_token=ABGiCzc0Buu6KlMh0uNV8B_qmugbwLg1YIKHolWRPrkcY=&xsec_source=pc_note,https://www.xiaohongshu.com/explore/6530c57b000000001e00c591?xsec_token=AB8lXvzUL_qKT77y6re9r8045vyyyZ0Okte4TnTsqIX0k=&xsec_source=pc_search&source=web_explore_feed,
684d1f8a000000002100efc6,无标题,"h入h出的谷子，过了半个月还是一个月价格跌了，可以找卖家赔钱吗？
标题党了我是卖家，事件起因是我之前拍卖上头560 的价格吞了二次元谷，其中一个主物120出掉了，剩下的是另一个主物和一些很凉很凉卖不掉的捆（韩娱）
后面有一阵缺钱了320出掉了另一个大主物，这期间我的小破捆没人买！出了之后钱缓过来了有点后悔了就又300买了一只一样的（有记录），然后最近是又缺钱了，我就把这个和我列表挂180的东西一起380卖，今天我的买家突然找我说和朋友商量的结果是能不能让我赔点钱[汗颜R]她肉疼#谷子[话题]#",#谷子,10+,10+,10+,图文,小猫露露,5ffc66d4000000000100117d,2025-06-14 15:06:50,https://www.xiaohongshu.com/user/profile/5ffc66d4000000000100117d?xsec_token=ABed-nAm3a1oITnYaqpMf75-AOYx-Sf77n489u9ZF5W_E=&xsec_source=pc_note,https://www.xiaohongshu.com/explore/684d1f8a000000002100efc6?xsec_token=ABaiuVHKoruLvuhuENOjCFO514_yZfs1Fe6JARtFOdlRw=&xsec_source=pc_search&source=web_explore_feed,
688db3ee00000000250283ee,HG GTO 高机动型扎古II 黑色三连星,"一年多前从退坑玩家手里800块捡了一套gto黑三的扎古I和扎古II，拖到现在也只做了这一只。
现在gto系扎古被ko重点关照，大家都玩到了，素质就是中规中矩。认真研究起来发现要补色的位置不是一般的多，主要集中在小腿和背包，而且大部分是深色补白色，补到无语。
#万代[话题]# #模型[话题]# #高达[话题]# #扎古[话题]#",#万代 #模型 #高达 #扎古,10+,0,4,图文,不纯不纯,5d31508f00000000100213a8,2025-08-02 14:45:02,https://www.xiaohongshu.com/user/profile/5d31508f00000000100213a8?xsec_token=ABcUBo0saW_Lc_SqhoFqv80LgEdUm5OlO5QD_JBV-d1WE=&xsec_source=pc_note,https://www.xiaohongshu.com/explore/688db3ee00000000250283ee?xsec_token=ABYic-ax0CLc1ImEfoaXWPLs1hRLtgv6DXggqgdS7l7tQ=&xsec_source=pc_search&source=web_explore_feed,
68a29aaa000000001d028f49,无标题,"HPL45HQ现舱！特价！
有需要快联系！#货代人[话题]# #非洲海运[话题]# #整柜海运[话题]# #非洲货代[话题]# #现舱在手[话题]# #现舱特价[话题]# #现舱推广[话题]# #货代小白[话题]#",#货代人 #非洲海运 #整柜海运 #非洲货代 #现舱在手 #现舱特价 #现舱推广 #货代小白,0,0,0,图文,CC000,62ca7e13000000000303c3c8,2025-08-18 11:14:50,https://www.xiaohongshu.com/user/profile/62ca7e13000000000303c3c8?xsec_token=ABDRnRdUvxBVqoBoJF8NE-GV3NiFvIF75mC6Dfj5cu07I=&xsec_source=pc_note,https://www.xiaohongshu.com/explore/68a29aaa000000001d028f49?xsec_token=ABanOXQ1BMHWyM5V9nxpgpkNKYes7fGFpxSOansHrMGLk=&xsec_source=pc_search&source=web_explore_feed,
6878b575000000000d026097,PB GTO HG 吉姆拦截型 FB装备,消光+渗线+水帖,,10+,1,3,图文,uncle成ง´O｀ ง,5cc9d480000000001002ad96,2025-07-17 16:33:58,https://www.xiaohongshu.com/user/profile/5cc9d480000000001002ad96?xsec_token=ABxFU49ZVE2LFVjB3nh0qCDn_IJ4toKxkDU2eiMeoK2-I=&xsec_source=pc_note,https://www.xiaohongshu.com/explore/6878b575000000000d026097?xsec_token=ABPneUOHvUH8r8u41AyPFTMH3josdFFi18JN4qBB12yyU=&xsec_source=pc_search&source=web_explore_feed,
67f31613000000001c02e57a,復仇安魂曲-無識別型渣古,"機動戰士高達
復仇安魂曲-無識別型渣古
大約十八件板件，一盒裏面有兩隻
$330米米
準備開工",,3,0,0,图文,207,6439008a000000000e01f0c4,2025-04-07 08:02:27,https://www.xiaohongshu.com/user/profile/6439008a000000000e01f0c4?xsec_token=ABUQIzRsqTADCY9-K5fjvXlBFRLLFWz-WXCOYCJuyHR3s=&xsec_source=pc_note,https://www.xiaohongshu.com/explore/67f31613000000001c02e57a?xsec_token=AB-LG1mc-UeRyStq6Z2d1tkKbVwTNS9HC3kRsX76Z5Ses=&xsec_source=pc_search&source=web_explore_feed,
687e59800000000020018ea4,HG_GQ红高达素组制作进度（腿部）,"只有工作之外的闲暇时间制作，堆积真的越来越多了呢。（恼）
制作上：红高达的腿部设计其实比较规矩，比较有意思就是脚踝关节处是斜切结构以及链接小腿的一体桩位，算是一种新尝试。
刻线：对于我来说整个GQ系列的刻线细节真的蛮地狱的，由于KPS材料软，刻线手感真的时好时坏。有些细小地方刻完建议用速干型流缝胶过一遍飞边会比较工整。
补色：也是相当地狱，对着设定稿一点点补，难度不大，就是考验制作耐心。
下个阶段也要继续完成另外一边以及手臂了…继续加油吧！#高达模型制作[话题]# #胶佬日常[话题]# #红高达[话题]# #万代[话题]#",#高达模型制作 #胶佬日常 #红高达 #万代,9,5,1,图文,Khalil,6369c61c000000001f01b6f0,2025-07-21 23:15:12,https://www.xiaohongshu.com/user/profile/6369c61c000000001f01b6f0?xsec_token=ABKj8vCEOYWk5Tev0-7PsulOmGFzHQ4rhU3eVTEEAQ_TA=&xsec_source=pc_note,https://www.xiaohongshu.com/explore/687e59800000000020018ea4?xsec_token=ABw-eX8k_RAinWhrt_qGyQy0lbabcwI7W0QNGyattROX0=&xsec_source=pc_search&source=web_explore_feed,
